{"type":"FeatureCollection","features":[{"type":"Feature","geometry":{"type":"MultiLineString","coordinates":[[[-47.4905996220632,-4.950064746016352],[-47.49022658131476,-4.959013258771096],[-47.48985353037301,-4.967961768092725],[-47.489480470117485,-4.976910275780703],[-47.489107398713955,-4.985858780933293],[-47.48873431793296,-4.994807282635087],[-47.488361226848234,-5.003755781788597],[-47.48798812543132,-5.012704278389023],[-47.487615014555004,-5.021652772428214],[-47.487241892388276,-5.030601263908289],[-47.48686876070522,-5.039549752817603],[-47.48649561857608,-5.048498239154841],[-47.486122466870235,-5.057446722008013],[-47.48574930376347,-5.066395203186883],[-47.48537613102302,-5.0753436808721615],[-47.48500294862732,-5.08429215686668],[-47.4846297547383,-5.093240629365035],[-47.484256551133576,-5.102189099259356],[-47.483883337784704,-5.111137566544823],[-47.483510112860394,-5.120086031223701],[-47.483136878131425,-5.129034492380446],[-47.482763633576276,-5.13798295181788],[-47.48239037825804,-5.146931407727145],[-47.48201711215519,-5.155879861911115],[-47.48164383523217,-5.1648283125574155],[-47.48127054836542,-5.173776760561567],[-47.48089725152997,-5.182725206822638],[-47.48052394378873,-5.191673649531751],[-47.480150625113154,-5.200622088684189],[-47.47977729638328,-5.20957052607925],[-47.479403956665514,-5.218518960811905],[-47.47903060682929,-5.227467391970042],[-47.47865724595161,-5.23641582136008],[-47.478283874898366,-5.245364247166072],[-47.47791049274655,-5.254312671194454],[-47.47753710036205,-5.263261091629265],[-47.47716369681827,-5.272209509373133],[-47.47679028298826,-5.281157924417725],[-47.47641685884343,-5.2901063367582735],[-47.47604342345001,-5.299054745489782],[-47.47566997678655,-5.3080031524151545],[-47.475296519722555,-5.316951556622185],[-47.47492305222583,-5.325899957202299],[-47.47454957427141,-5.334848355054533],[-47.474176084928985,-5.343796750177773],[-47.473802584173576,-5.352745143471068],[-47.47342907377278,-5.361693533114746],[-47.473055551898156,-5.370641920015136],[-47.4726820185174,-5.379590303263697],[-47.47230847541278,-5.388538684655953],[-47.47193492074845,-5.3974870632906224],[-47.47156135539392,-5.406435438255509],[-47.471187778422404,-5.415383810453327],[-47.47081419071076,-5.424332180779422],[-47.47044059222303,-5.433280547421438],[-47.47006698293425,-5.442228911278391],[-47.469693361913905,-5.451177272349213],[-47.469319730937116,-5.460125630621752],[-47.46894608817148,-5.469073986098634],[-47.468572434486504,-5.478022337867599],[-47.46819876895902,-5.486970687735193],[-47.46782509335683,-5.495919033881611],[-47.46745140585483,-5.504867378117128],[-47.46707770731883,-5.513815718625646]]]},"properties":{"id_fluxo":1,"agrupamento":"Imperatriz","origem_aproximada":"Açailândia","destino_aproximado":"Imperatriz","comprimento_m":62429.4}},{"type":"Feature","geometry":{"type":"MultiLineString","coordinates":[[[-43.32519097586477,-4.131860308069738],[-43.33296008614327,-4.136316835230048],[-43.34072928426018,-4.14077328546433],[-43.34849856841076,-4.14522965852044],[-43.35626793949023,-4.149685955056264],[-43.36403739749696,-4.1541421739191495],[-43.3718069433262,-4.158598315766962],[-43.37957657607194,-4.163054381253824],[-43.387346296635016,-4.1675103683246215],[-43.395116104107515,-4.171966278537815],[-43.402885999386605,-4.17642211164696],[-43.41065598247056,-4.180877866499404],[-43.41842605335402,-4.185333543751144],[-43.42619621203162,-4.189789144058232],[-43.43396645850341,-4.19424466536364],[-43.441736792760416,-4.1987001101321315],[-43.44950721570342,-4.203155476308489],[-43.45727772642632,-4.207610764546949],[-43.46504832582804,-4.212065973696683],[-43.47281901389972,-4.216521106222413],[-43.48058978974229,-4.220976159161018],[-43.48836065424939,-4.225431134074677],[-43.49613160741744,-4.229886030715134],[-43.50390265014365,-4.234340848835807],[-43.5116737806228,-4.238795588184935],[-43.51944500065289,-4.2432502485177155],[-43.527216310228596,-4.247704830490221],[-43.534987708445485,-4.252159333852449],[-43.54275919530161,-4.2566137574517295],[-43.55053077259335,-4.261068101947613],[-43.55830243851364,-4.265522367992768],[-43.56607419486229,-4.269976554437951],[-43.573846039832226,-4.274430661935876],[-43.581617975223224,-4.27888468933725],[-43.589390000127395,-4.283338638200925],[-43.597162114544425,-4.287792506469852],[-43.60493431936822,-4.292246295706198],[-43.61270661459677,-4.296700004757297],[-43.62047899932384,-4.3011536342776555],[-43.62825147444669,-4.305607184020672],[-43.63602404086257,-4.310060653739671],[-43.64379669676591,-4.314514043183185],[-43.651569443052345,-4.318967353008989],[-43.65934228062075,-4.323420582066005],[-43.667115208564844,-4.327873731008802],[-43.67488822778192,-4.332326799590719],[-43.682661337367264,-4.336779787561926],[-43.69043453821815,-4.341232694675765],[-43.698207830329295,-4.3456855215884085],[-43.705981213698536,-4.3501382671471465],[-43.71375468831904,-4.354590932912678],[-43.721528254190154,-4.359043516827818],[-43.72930191130506,-4.36349602045326],[-43.737075660562574,-4.367948442637824],[-43.7448495010579,-4.372400783131759],[-43.75262343278426,-4.376853043495745],[-43.76039745754303,-4.381305221675627],[-43.768171573526786,-4.385757318324629],[-43.775945781631364,-4.390209334100502],[-43.78372008185446,-4.394661267850526],[-43.79149447509194,-4.399113120232427],[-43.799268959537784,-4.403564890995028],[-43.80704353699042,-4.408016579893046],[-43.81481820654496,-4.412468186676781],[-43.82259296909871,-4.416919711099455],[-43.83036782464643,-4.4213711538173275],[-43.838142772283156,-4.4258225145807595],[-43.84591781290625,-4.430273793142943],[-43.85369294651187,-4.434724989255654],[-43.86146817399737,-4.4391761026721],[-43.86924349355655,-4.443627133141221],[-43.877018906985185,-4.448078082226631],[-43.88479441338099,-4.452528947869699],[-43.89257001363994,-4.456979730728081]]]},"properties":{"id_fluxo":2,"agrupamento":"Codó","origem_aproximada":"Afonso Cunha","destino_aproximado":"Codó","comprimento_m":72515.3}},{"type":"Feature","geometry":{"type":"MultiLineString","coordinates":[[[-44.41850224365149,-2.406669154249894],[-44.427319179610386,-2.408254813037375],[-44.43613613656118,-2.4098404157154882],[-44.44495311431457,-2.411425959456804],[-44.45377011177955,-2.41301144686164],[-44.46258712966581,-2.4145968760076726],[-44.47140416778219,-2.4161822485908786],[-44.48022122683836,-2.417767562688931],[-44.48903830664351,-2.4193528190931333],[-44.4978554061074,-2.4209380185944975],[-44.50667252683877,-2.422523160175668],[-44.51548966774774,-2.4241082437229857],[-44.5243068286438,-2.425693269123124],[-44.533124010235305,-2.4272782380724247],[-44.541941213232185,-2.428863147743815],[-44.55075843564414,-2.4304480007374405],[-44.55957567908018,-2.4320327951311875],[-44.56839294334958,-2.433617531716418],[-44.57721022826182,-2.4352022103798454],[-44.586027533626435,-2.436786831008107],[-44.594844859252945,-2.438371393487948],[-44.60366220585033,-2.4399558977063007],[-44.61247957322809,-2.4415403435498733],[-44.6212969611955,-2.4431247318100384],[-44.6301143695623,-2.4447090614688247],[-44.63893179903726,-2.446293333317881],[-44.64774924853063,-2.4478775463389746],[-44.65656671965063,-2.4494617013239726],[-44.66538421040782,-2.4510457981591363],[-44.67420172241066,-2.452629836731629],[-44.68301925546887,-2.4542138160234956],[-44.691836808492035,-2.4557977377306064],[-44.70065438308904,-2.457381599930727],[-44.709471978169475,-2.4589654043197564],[-44.718289594442524,-2.4605491498799394],[-44.72710723081819,-2.462132836497816],[-44.73592488800528,-2.4637164649650174],[-44.744742566712766,-2.465300035168459],[-44.753560265850986,-2.466883545185277],[-44.7623779861284,-2.4684669976165137],[-44.77119572645533,-2.470050390539348],[-44.78001348843995,-2.471633725650256],[-44.788831270992524,-2.47321700102642],[-44.797649074821884,-2.4748002174594292],[-44.80646689973751,-2.4763833748360518],[-44.81528474464935,-2.477966473042917],[-44.82410261116576,-2.479549512871758],[-44.83292049819684,-2.4811324933045045],[-44.84173840645154,-2.4827154142280254],[-44.850556336638746,-2.484298276433932],[-44.859374286768876,-2.485881079808755],[-44.86819225755101,-2.487463823334687],[-44.87701025059353,-2.489046507803396],[-44.88582826390686,-2.49062913310148],[-44.89464629820004,-2.4922116982111],[-44.903464353282374,-2.493794204828468],[-44.91228242986289,-2.4953766519357274],[-44.92110052775105,-2.4969590394196453],[-44.929918646756285,-2.498541367167045],[-44.938736785788485,-2.500123635064646],[-44.94755494735565,-2.5017058439041264],[-44.95637312946814,-2.5032879935721644],[-44.965191332834955,-2.5048700830509216],[-44.974009557265504,-2.506452113131884],[-44.98282780256921,-2.5080340827971663],[-44.99164606945502,-2.50961599283832],[-45.000464356832836,-2.5111978440468317],[-45.009282666311115,-2.5127796345001125],[-45.01810099679975,-2.5143613649896874],[-45.02691934810818,-2.5159430363071134],[-45.035737720945306,-2.517524646529739],[-45.0445561151206,-2.5191061982585543],[-45.053374531342925,-2.520687688666181],[-45.06219296762267,-2.5222691194489615],[-45.07101142556831,-2.523850490493673],[-45.079829904989204,-2.525431800782399],[-45.08864840569479,-2.527013051106719]]]},"properties":{"id_fluxo":3,"agrupamento":"Pinheiro","origem_aproximada":"Alcântara","destino_aproximado":"Pinheiro","comprimento_m":75681.1}},{"type":"Feature","geometry":{"type":"MultiLineString","coordinates":[[[-43.470164236748985,-4.629894815671732],[-43.47844864868333,-4.626506726271923],[-43.48673298214576,-4.623118538780058],[-43.49501723704472,-4.619730255219451],[-43.50330141329637,-4.616341873995982],[-43.511585510813,-4.612953395324223],[-43.51986952950506,-4.609564820323153],[-43.52815347018803,-4.606176148304858],[-43.536437331874836,-4.602787378577695],[-43.544721115375395,-4.599398513166845],[-43.55300482060575,-4.59600955047815],[-43.561288448377695,-4.592620491632388],[-43.56957199680289,-4.589231335936097],[-43.57785546759625,-4.585842083607481],[-43.58613886067015,-4.582452734861119],[-43.5944221750357,-4.579063289909777],[-43.60270541150661,-4.575673748969831],[-43.610988569997026,-4.572284111351436],[-43.61927165131887,-4.568894378175315],[-43.62755465448507,-4.565504548749861],[-43.635837579408026,-4.562114623289652],[-43.64412042780272,-4.558724602012687],[-43.652403197779066,-4.555334485130089],[-43.66068589015247,-4.551944271953702],[-43.66896850483374,-4.548553963602526],[-43.677251042638225,-4.5451635593883335],[-43.68553350257717,-4.54177305952401],[-43.69381588546431,-4.538382464225775],[-43.70209819031088,-4.534991773706528],[-43.71038041883189,-4.531600988184069],[-43.71866257004021,-4.528210106966868],[-43.726944643848334,-4.524819130269491],[-43.73522664106845,-4.5214280592124965],[-43.743508560713444,-4.518036893104395],[-43.751790403598626,-4.514645631256849],[-43.76007216963346,-4.511254275693296],[-43.768353858735104,-4.5078628239148975],[-43.77663547081154,-4.5044712788495955],[-43.78491700668112,-4.501079638000025],[-43.79319846535218,-4.49768790338814],[-43.8014798476415,-4.494296073421031],[-43.80976115346021,-4.490904149217678],[-43.81804238272089,-4.48751213099265],[-43.826323536238824,-4.4841200180574],[-43.83460461212274,-4.480727811528047],[-43.842885612089155,-4.477335510717535],[-43.851166536052105,-4.473943114935874],[-43.859447383921385,-4.470550626206559],[-43.86772815561246,-4.467158042935119],[-43.87600885103657,-4.463765366240566],[-43.88428947010779,-4.460372595432926],[-43.89257001363994,-4.456979730728081]]]},"properties":{"id_fluxo":4,"agrupamento":"Codó","origem_aproximada":"Aldeias Altas","destino_aproximado":"Codó","comprimento_m":50618.4}},{"type":"Feature","geometry":{"type":"MultiLineString","coordinates":[[[-45.470099305122645,-4.167476512925976],[-45.468564198510975,-4.158622307071681],[-45.46702912613774,-4.149768095981109],[-45.46549408789377,-4.140913879677545],[-45.46395908367043,-4.13205965908896],[-45.46242411335805,-4.123205433333984],[-45.46088917774841,-4.114351202435397],[-45.459354274930476,-4.105496966417562],[-45.457819406597,-4.09664272530272],[-45.45628457263933,-4.087788480018848],[-45.454749771146,-4.07893422968561],[-45.45321500380972,-4.070079974325272],[-45.45168027052136,-4.061225713961161],[-45.45014556937002,-4.05237144861757],[-45.44861090294929,-4.0435171783162875],[-45.44707626934878,-4.034662903986296],[-45.445541668458425,-4.025808623841559],[-45.444007101070994,-4.016954339714216],[-45.44247256707643,-4.008100049818232],[-45.44093806546578,-3.999245755986717],[-45.43940359793117,-3.9903914573373402],[-45.437869162561874,-3.9815371538944047],[-45.4363347592484,-3.9726828447764957],[-45.43480038968426,-3.963828531815309],[-45.43326605285912,-3.9549742141299506],[-45.4317317477627,-3.9461198908395274],[-45.43019747518771,-3.937265563776204],[-45.42866323592542,-3.92841123205814],[-45.42712902806482,-3.9195568948049186],[-45.42559485329888,-3.910702552943559],[-45.42406071061831,-3.901848207402485],[-45.42252659901248,-3.892993856396124],[-45.42099252107501,-3.884139500851093],[-45.41945847399478,-3.8752851407920477],[-45.417924458563085,-3.8664307753371348],[-45.41639047557255,-3.857576406318571],[-45.41485652491328,-3.8487220319503335],[-45.41332260467544,-3.839867653161223],[-45.41178871655143,-3.8310132699737007],[-45.41025486043226,-3.822158882411062],[-45.408721035307934,-3.8133044895923427],[-45.407187241970576,-3.804450092445125],[-45.40565347941064,-3.7955956909930832],[-45.40411974841982,-3.7867412852591262],[-45.40258604888878,-3.7778868743618665],[-45.40105237980842,-3.769032459229689],[-45.39951874197004,-3.760178038980822],[-45.39798513526555,-3.7513236154478813],[-45.396451558684674,-3.74246918684524],[-45.39491801391966,-3.7336147531953916],[-45.393384499060915,-3.7247603154271016],[-45.391851015800654,-3.7159058735628743],[-45.39031756222854,-3.7070514267221086],[-45.38878413913665,-3.6981969758324],[-45.38725074731663,-3.689342520916656],[-45.385717384857834,-3.680488060189578],[-45.3841840534536,-3.6716335963877493],[-45.38265075209381,-3.662779127725459]]]},"properties":{"id_fluxo":5,"agrupamento":"Santa Inês","origem_aproximada":"Altamira do Maranhão","destino_aproximado":"Santa Inês","comprimento_m":56626.8}},{"type":"Feature","geometry":{"type":"MultiLineString","coordinates":[[[-44.453090565421185,-4.211020035935386],[-44.444850217377834,-4.214640087378541],[-44.43660979248237,-4.218260050873219],[-44.428369291708485,-4.221879927098229],[-44.420128714229065,-4.225499714921802],[-44.41188806101847,-4.229119414118088],[-44.403647331247626,-4.232739026269227],[-44.39540652408941,-4.236358550243369],[-44.387165641420005,-4.23997798491078],[-44.378924681509204,-4.243597331852845],[-44.3706836444303,-4.247216590843036],[-44.36244253115844,-4.250835760750979],[-44.354201340865174,-4.254454842254036],[-44.345960073623075,-4.258073836030364],[-44.33771872950703,-4.261692740044201],[-44.32947730858888,-4.265311555878301],[-44.32123581004166,-4.268930282400759],[-44.31299423393878,-4.272548919385056],[-44.30475258125311,-4.27616746841475],[-44.29651085115774,-4.2797859283578985],[-44.288269043726075,-4.283404298988],[-44.280027159031505,-4.287022580078569],[-44.27178519624637,-4.290640771402237],[-44.26354315634347,-4.2942588745425585],[-44.25530103849683,-4.297876887462972],[-44.247058842779026,-4.301494810841546],[-44.2388165692635,-4.305112644451771],[-44.2305742189239,-4.308730388972666],[-44.22233179003236,-4.312348043271292],[-44.2140892826614,-4.3159656080257305],[-44.2058466977856,-4.319583083010379],[-44.197604034578276,-4.323200467093214],[-44.18936129311099,-4.32681776185688],[-44.18111847435933,-4.33043496617124],[-44.17287557659353,-4.3340520807124445],[-44.16463259988807,-4.3376691043493665],[-44.15638954611776,-4.341286037762048],[-44.14814641265165,-4.344902881625536],[-44.13990320136758,-4.348519633906192],[-44.13165991143692,-4.352136295281055],[-44.12341654293218,-4.355752866428159],[-44.11517309502573,-4.359369347119935],[-44.10692956869225,-4.362985737130902],[-44.098685963105225,-4.366602035328886],[-44.090442279237216,-4.370218243297581],[-44.0821985162617,-4.373834359904814],[-44.07395467425115,-4.377450385828593],[-44.06571075237908,-4.381066319936717],[-44.057466752520334,-4.384682162909459],[-44.049222672044955,-4.388297914516865],[-44.04097851373008,-4.391913574535842],[-44.032734274945796,-4.395529142736397],[-44.02448995666572,-4.399144619797677],[-44.01624555986465,-4.402760005494314],[-44.00800108281502,-4.406375298692867],[-43.999756526490486,-4.409990500072527],[-43.99151189006228,-4.413605610310072],[-43.98326717360524,-4.417220628274398],[-43.975022378094245,-4.4208355537402],[-43.96677750179932,-4.424450387382951],[-43.95853254659652,-4.42806512897864],[-43.95028751075713,-4.431679778298153],[-43.94204239435611,-4.435294334210409],[-43.933797198364495,-4.438908799203718],[-43.92555192195865,-4.4425231703366315],[-43.91730656520839,-4.446137450096153],[-43.909061129091235,-4.4497516364480205],[-43.90081561097596,-4.453365730066181],[-43.89257001363994,-4.456979730728081]]]},"properties":{"id_fluxo":6,"agrupamento":"Codó","origem_aproximada":"Alto Alegre do Maranhão","destino_aproximado":"Codó","comprimento_m":67884.7}},{"type":"Feature","geometry":{"type":"MultiLineString","coordinates":[[[-45.84593301542683,-3.6677537775625373],[-45.83702369302687,-3.6676603804496097],[-45.82811437289754,-3.667566894743618],[-45.81920505435534,-3.667473319547848],[-45.81029573761885,-3.6673796557739293],[-45.80138642290501,-3.6672859025243123],[-45.79247710953116,-3.667192059806866],[-45.78356779861707,-3.667098129437018],[-45.77465848947767,-3.6670041087088276],[-45.765749182332286,-3.666909999438572],[-45.75683987649824,-3.6668158016341046],[-45.74793057309292,-3.666721514397086],[-45.73902127143364,-3.6666271377353827],[-45.73011197173889,-3.666532672560659],[-45.721202673325955,-3.6664381188807678],[-45.712293377312285,-3.6663434757974245],[-45.70338408301516,-3.666248743318429],[-45.69447479065302,-3.6661539223555355],[-45.68556550044291,-3.666059012011206],[-45.67665621170211,-3.665964012293219],[-45.66774692464903,-3.6658689241133366],[-45.658837639501364,-3.6657737474786543],[-45.649928357375956,-3.6656784805863674],[-45.64101907579052,-3.6655831252548468],[-45.63210979676365,-3.665487681489901],[-45.62320051961195,-3.665392148394678],[-45.614291243652715,-3.665296525976932],[-45.6053819700047,-3.665200815147811],[-45.596472698885016,-3.6651050150098308],[-45.58756342871104,-3.665009126475991],[-45.578654161500246,-3.6649131477429586],[-45.56974489477011,-3.6648170806289357],[-45.5608356314397,-3.6647209251393664],[-45.55192636902478,-3.6646246803784472],[-45.5430171086435,-3.6645283463527893],[-45.53410785051411,-3.6644319239742225],[-45.52519859395276,-3.664335411441174],[-45.516289339178755,-3.6642388114747466],[-45.50738008640819,-3.6641421213681955],[-45.4984708358598,-3.6640453429379884],[-45.48956158775077,-3.663948475286692],[-45.48065234049785,-3.6638515184225082],[-45.47174309521968,-3.6637544732567604],[-45.462833852133464,-3.6636573388920315],[-45.453924611456884,-3.6635601153355064],[-45.44501537250761,-3.663462803499564],[-45.436106134602404,-3.663365402487182],[-45.42719689975988,-3.6632679123046756],[-45.41828766639677,-3.663170332960186],[-45.409378434731195,-3.663072665365586],[-45.40046920498038,-3.662974908623422],[-45.39155997736203,-3.662877062740968],[-45.38265075209381,-3.662779127725459]]]},"properties":{"id_fluxo":7,"agrupamento":"Santa Inês","origem_aproximada":"Alto Alegre do Pindaré","destino_aproximado":"Santa Inês","comprimento_m":51453.0}},{"type":"Feature","geometry":{"type":"MultiLineString","coordinates":[[[-45.93363881726126,-9.110264958904299],[-45.934247643945774,-9.101267369656487],[-45.93485644022243,-9.092269775423201],[-45.935465207048686,-9.083272176209436],[-45.93607394264993,-9.074274571122757],[-45.93668264798362,-9.06527696016815],[-45.937291323099636,-9.056279344257302],[-45.937899968043155,-9.047281722493127],[-45.938508581954245,-9.038284095789624],[-45.93911716669766,-9.029286463245072],[-45.9397257205037,-9.020288825775788],[-45.940334244327296,-9.01129118248239],[-45.940942738218276,-9.002293534276554],[-45.94155120222176,-8.993295880261202],[-45.94215963638755,-8.984298221348004],[-45.94276803985117,-8.975300556642209],[-45.94337641356971,-8.966302886148805],[-45.943984757592965,-8.957305210779452],[-45.94459307196835,-8.94830753054148],[-45.945201355831436,-8.939309844540114],[-45.945809610139214,-8.930312152780322],[-45.94641783403195,-8.921314456176125],[-45.94702602846422,-8.912316753828119],[-45.947634193485776,-8.903319046647976],[-45.94824232823223,-8.89432133374094],[-45.948850433660446,-8.885323615112],[-45.9494585098201,-8.876325891672828],[-45.9500665558492,-8.867328163433053],[-45.95067457269986,-8.858330428588882],[-45.95128255951709,-8.849332689863084],[-45.95189051634131,-8.840334944549804],[-45.95249844413384,-8.831337194462808],[-45.95310634294197,-8.822339439609385],[-45.95371421190151,-8.813341679094771],[-45.954322051059826,-8.804343912926258],[-45.95492986137575,-8.795346142013235],[-45.95553764289428,-8.786348365458599],[-45.95614539384673,-8.777350584178643],[-45.95675311609411,-8.768352796367312],[-45.957360809690634,-8.75935500474505],[-45.95796847286079,-8.75035720751499],[-45.958576107470044,-8.741359404679814],[-45.95918371356564,-8.73236159624684],[-45.95979128937913,-8.723363783132356],[-45.96039883677582,-8.714365965339063],[-45.96100635488937,-8.705368141067758],[-45.961613843771666,-8.696370312134544],[-45.96222130437887,-8.687372478544408],[-45.962828735847005,-8.678374639402564],[-45.9634361382233,-8.669376794716316],[-45.96404351155733,-8.660378945397351],[-45.964650855894014,-8.651381090548563],[-45.96525817128059,-8.642383230177263],[-45.965865458675346,-8.633385365192838],[-45.966472716305624,-8.624387494702791],[-45.96707994603847,-8.615389619614232],[-45.96768714700999,-8.606391739032363],[-45.968294318358694,-8.597393852966738],[-45.96890146194917,-8.58839596142011],[-45.96950857692218,-8.579398065306442],[-45.97011566332488,-8.570400164633046],[-45.970722720291235,-8.56140225760071],[-45.97132974969022,-8.552404346020964],[-45.971936750660355,-8.54340642990337],[-45.97254372233565,-8.534408507448724],[-45.97315066567639,-8.52541058047083],[-45.973757581638196,-8.516412648974718],[-45.97436446844889,-8.507414712067847],[-45.97497132706408,-8.498416769755242],[-45.97557815753086,-8.489418822044172],[-45.976184959898625,-8.48042086984636],[-45.97679173330377,-8.471422912266958],[-45.977398479610166,-8.462424949308733],[-45.978005197050415,-8.453426981887933],[-45.978611886577674,-8.444429009105178],[-45.97921854733298,-8.435431031874419],[-45.979825180267156,-8.426433048391901],[-45.9804317854318,-8.417435060473705],[-45.981038362873946,-8.408437068127167],[-45.98164491172783,-8.399439069552988],[-45.9822514338615,-8.390441066562795],[-45.98285792659732,-8.381443059170643],[-45.98346439179424,-8.37244504557051],[-45.98407082950375,-8.363447027578488],[-45.98467723977058,-8.35444900429748],[-45.985283621735896,-8.345450976641452],[-45.985889975442156,-8.336452942808892],[-45.986496301851275,-8.32745490551803],[-45.98710260100338,-8.318456862062972],[-45.98770887204195,-8.309458814262056],[-45.98831511591971,-8.30046076121594],[-45.98892133177562,-8.291462702934174],[-45.989527519656676,-8.282464639424031],[-45.99013368052003,-8.273466571594984],[-45.99073981441033,-8.264468498549922],[-45.991345920468866,-8.255470421202794],[-45.99195199873807,-8.246472337752069],[-45.9925580492694,-8.237474250013854],[-45.99316407301536,-8.228476157088823],[-45.99377006911729,-8.219478059890895],[-45.99437603852763,-8.210479957520727],[-45.99498198038548,-8.201481849987845],[-45.995587894737746,-8.192483737299554],[-45.99619378163135,-8.18348561946315],[-45.99679964202311,-8.174487497388085],[-45.99740547504995,-8.165489370179499],[-45.998011280760984,-8.156491238749096],[-45.9986170591986,-8.14749310129533],[-45.99922281041415,-8.138494959634338],[-45.999828535359846,-8.129496812866769],[-46.00043423317491,-8.12049866100213],[-46.00103990390843,-8.111500504952152],[-46.00164554669744,-8.102502343821934],[-46.002251164311396,-8.093504177612079],[-46.00285675407453,-8.084506006336579],[-46.00346231694117,-8.075507830000497],[-46.00406785296037,-8.066509649515526],[-46.00467336217668,-8.05751146398456],[-46.005278845544325,-8.048513273412658],[-46.00588430129524,-8.039515077811574],[-46.006489730385866,-8.03051687809079],[-46.00709513286075,-8.021518673353187],[-46.00770050967397,-8.012520463603828],[-46.00830585905761,-8.003522248854456],[-46.00891118196801,-7.994524030014541],[-46.00951647844744,-7.9855258052825695],[-46.010121747639836,-7.976527576476876],[-46.01072699140425,-7.967529342695908],[-46.0113322079751,-7.958531104855788],[-46.01193739920914,-7.949532861150565],[-46.012542563343096,-7.940534613400776],[-46.013147701328656,-7.931536360707101],[-46.013752812305384,-7.922538103079038],[-46.01435789813426,-7.913539840519451],[-46.01496295704991,-7.904541573944475],[-46.01556799000392,-7.895543302454784],[-46.01617299613373,-7.886545025155439],[-46.01677797730451,-7.877546743858179],[-46.017382930841805,-7.868548458576895],[-46.01798785950896,-7.85955016750343],[-46.01859276154299,-7.850551872458326],[-46.01919763789536,-7.841553572542263],[-46.01980248861048,-7.832555266858091],[-46.02040731283464,-7.823556958128575],[-46.02101211060792,-7.814558643647727],[-46.02161688288604,-7.805560324325098],[-46.022221629717805,-7.796562001072353],[-46.02282635024075,-7.787563672994601],[-46.02343104540834,-7.778565340096912],[-46.02403571436035,-7.769567002388784],[-46.02464035805018,-7.760568659875299],[-46.025244975619806,-7.751570313470369],[-46.025849568018224,-7.7425719613702695],[-46.026454134389596,-7.733573605393289],[-46.027058674778374,-7.724575244642331],[-46.02766319013779,-7.71557687912246],[-46.028267679607715,-7.706578508843191],[-46.028872143234736,-7.697580133811784],[-46.029476581974215,-7.688581754937771],[-46.03008099496168,-7.679583370421788],[-46.03068538315465,-7.670584982077803],[-46.03128974569084,-7.6615865890108505],[-46.031894082616816,-7.6525881912282046],[-46.03249839397908,-7.643589788737172],[-46.03310267982419,-7.634591381545039],[-46.03370694110729,-7.625592970561335],[-46.03431117696405,-7.616594553986687],[-46.0349153874453,-7.607596133637213],[-46.035519572593216,-7.598597707711372],[-46.03612373336501,-7.589599278023137],[-46.03672786799216,-7.5806008436796795],[-46.03733197833397,-7.571602404683986],[-46.03793606262411,-7.562603961047659],[-46.038540122723965,-7.553605513678073],[-46.03914415776928,-7.544607060775856],[-46.03974816780866,-7.535608603252713],[-46.040352152890705,-7.526610142020343]]]},"properties":{"id_fluxo":8,"agrupamento":"Balsas","origem_aproximada":"Alto Parnaíba","destino_aproximado":"Balsas","comprimento_m":175497.9}},{"type":"Feature","geometry":{"type":"MultiLineString","coordinates":[[[-46.01322712167498,-1.6759376305491145],[-46.00662630190974,-1.6820185926904294],[-46.00002544087159,-1.6880995323269508],[-45.99342453842687,-1.6941804492133883],[-45.98682359534084,-1.7002613431039697],[-45.98022261058092,-1.7063422137538158],[-45.97362158491237,-1.7124230609172064],[-45.96702051730307,-1.7185038852538481],[-45.960419407619334,-1.72458468651845],[-45.95381825662601,-1.7306654635606322],[-45.94721706329094,-1.736746217040151],[-45.94061582837989,-1.7428269476158396],[-45.9340145499608,-1.7489076541386759],[-45.927413229698416,-1.754988337267061],[-45.9208118665601,-1.7610689967561177],[-45.914210461310724,-1.767149631455516],[-45.90760901201956,-1.7732302429300064],[-45.901007520350475,-1.7793108300287974],[-45.89440598527085,-1.7853913925070013],[-45.88780440754644,-1.791471931023504],[-45.881202785245605,-1.7975524453338358],[-45.87460111913367,-1.8036329351922553],[-45.86799940997645,-1.8097134012576275],[-45.861397656740394,-1.8157938414758208],[-45.85479585929316,-1.821874258315403],[-45.84819401750023,-1.8279546497217818],[-45.84159213122836,-1.8340350163542922],[-45.83499020034391,-1.8401153579675773],[-45.82838822471324,-1.8461956743163332],[-45.8217862042031,-1.8522759660598613],[-45.81518413867942,-1.8583562320482148],[-45.80858202800939,-1.8644364738453232],[-45.801979872058524,-1.870516689396608],[-45.795377670694,-1.8765968802660031],[-45.78877542378134,-1.8826770443989185],[-45.78217313118812,-1.888757184263928],[-45.77557079277988,-1.8948372978064534],[-45.768968408423376,-1.9009173856857693],[-45.762365977086276,-1.9069974485616028],[-45.75576350043229,-1.9130774843785618],[-45.74916097653039,-1.9191574947013594],[-45.74255840614601,-1.9252374792842994],[-45.73595578914512,-1.9313174369773918],[-45.729353125394475,-1.9373973684399461],[-45.72275041386167,-1.9434772743316637],[-45.71614765531179,-1.9495571535021903],[-45.70954484961119,-1.9556370057061554],[-45.7029419966266,-1.9617168316029072],[-45.69633909532525,-1.96779663094747],[-45.68973614737212,-1.9738764043984203],[-45.683133149935415,-1.9799561499022211],[-45.67653010557963,-1.9860358690217184],[-45.66992701237247,-1.9921155606076566],[-45.663323871079804,-1.9981952253189972],[-45.65672068066917,-2.004274863815403],[-45.650117441905365,-2.010354474041847],[-45.643514153756286,-2.0164340575626793],[-45.636910817886275,-2.0225136132271775],[-45.6303074314645,-2.028593141695689],[-45.62370399615533,-2.034672641817522],[-45.617100511825804,-2.040752115156657],[-45.61049697744272,-2.0468315605634113],[-45.60389339377165,-2.0529109777920853],[-45.59728975978007,-2.0589903675023495],[-45.590686076233524,-2.065069729448511],[-45.58408234209916,-2.0711490633855347],[-45.5774785572433,-2.077228369068076],[-45.57087472243155,-2.0833076462504274],[-45.56427083753022,-2.0893868946872485],[-45.55766690060755,-2.095466115038483],[-45.551062913328664,-2.101545307962812],[-45.544458875559265,-2.107624471405526],[-45.53785478536754,-2.113703606026551],[-45.531250644418634,-2.1197827124845814],[-45.524646452578565,-2.12586178962956],[-45.518042207915514,-2.131940838121446],[-45.5114379120943,-2.13801985771422],[-45.50483356408202,-2.144098848162833],[-45.49822916374503,-2.150177809221891],[-45.49162471184923,-2.1562567415504246],[-45.4850202073614,-2.1623356439986714],[-45.47841565014844,-2.168414518130621],[-45.47181104007614,-2.174493361891522],[-45.46520637701111,-2.1805721759406764],[-45.45860166081997,-2.1866509609373725],[-45.45199689226809,-2.192729715731281],[-45.44539206942348,-2.198808440982253],[-45.43878719395108,-2.2048871364443596],[-45.432182264817925,-2.2109658018724847],[-45.425577281890355,-2.217044437021238],[-45.418972244135645,-2.223123042550176],[-45.41236715321851,-2.2292016173086977],[-45.40576200810623,-2.235280161956343],[-45.399156808665126,-2.2413586762477515],[-45.39255155476155,-2.2474371599375074],[-45.385946245362724,-2.2535156136851326],[-45.37934088213343,-2.2595940363400815],[-45.37273546404089,-2.2656724285618743],[-45.366129990051874,-2.2717507892006408],[-45.35952446183184,-2.2778291198199088],[-45.35291887744822,-2.28390741927003],[-45.34631323766667,-2.289985687305368],[-45.33970754235377,-2.2960639245852295],[-45.333101791375825,-2.3021421308641696],[-45.32649598459897,-2.308220304992111],[-45.31989012099056,-2.314298448533227],[-45.313284202215485,-2.3203765603369924],[-45.30667822634129,-2.326454640158409],[-45.300072193234506,-2.332532688656716],[-45.29346610456043,-2.3386107064908424],[-45.286859958386216,-2.3446886916063256],[-45.28025375547778,-2.350766644662269],[-45.27364749570145,-2.356844565413214],[-45.267041178024456,-2.3629224554233517],[-45.26043480321222,-2.369000312637662],[-45.25382837023163,-2.3750781368108487],[-45.24722187984876,-2.3811559295067664],[-45.24061533192993,-2.3872336904799343],[-45.23400872634115,-2.3933114176755375],[-45.2274020611503,-2.399389113562543],[-45.22079533892173,-2.4054667760856545],[-45.21418855772303,-2.4115444059044173],[-45.20758171742047,-2.417622002773396],[-45.20097481877999,-2.4236995673516906],[-45.194367861667764,-2.4297770984891667],[-45.187760845050754,-2.435854596845194],[-45.181153768795284,-2.441932062174328],[-45.17454663366712,-2.448009494230974],[-45.167939439532574,-2.4540868927696926],[-45.161332184459106,-2.4601642584499435],[-45.154724871011375,-2.4662415901212387],[-45.14811749635731,-2.4723188884431435],[-45.1415100621622,-2.478396153169964],[-45.13490256739285,-2.4844733840563484],[-45.12829501281517,-2.4905505817614415],[-45.12168739739586,-2.4966277451351355],[-45.11507972100128,-2.5027048748366787],[-45.10847198349765,-2.5087819697158773],[-45.101864185650975,-2.5148590313365813],[-45.09525632642792,-2.520936058548691],[-45.08864840569479,-2.527013051106719]]]},"properties":{"id_fluxo":9,"agrupamento":"Pinheiro","origem_aproximada":"Amapá do Maranhão","destino_aproximado":"Pinheiro","comprimento_m":139362.8}},{"type":"Feature","geometry":{"type":"MultiLineString","coordinates":[[[-46.744575226938245,-5.570723784592789],[-46.75349585320588,-5.570026600847277],[-46.76241645867664,-5.569329282062678],[-46.77133704313429,-5.568631828289446],[-46.78025760636257,-5.567934239578095],[-46.78917814904771,-5.567236515976376],[-46.798098670068256,-5.566538656633324],[-46.80701917011314,-5.5658406625009444],[-46.81593964986858,-5.565142533626951],[-46.82486010731342,-5.564444270067428],[-46.833780544935955,-5.563745870960383],[-46.84270096071782,-5.563047337266097],[-46.85162135534524,-5.562348669032372],[-46.86054172950151,-5.561649865402703],[-46.86946208297322,-5.560950927331835],[-46.87838241463883,-5.560251853969023],[-46.88730272518449,-5.559552645362018],[-46.8962230152992,-5.558853302462652],[-46.90514328386429,-5.558153825324398],[-46.9140635315601,-5.5574542121866735],[-46.92298375817616,-5.556754464908385],[-46.93190396349328,-5.556054582635999],[-46.940824148200505,-5.555354566321312],[-46.94974431117625,-5.55465441511381],[-46.95866445400596,-5.553954128154053],[-46.967584574674596,-5.553253707306893],[-46.97650467476761,-5.552553151712879],[-46.98542475406872,-5.55185246142268],[-46.994344812364645,-5.55115163739103],[-47.00326484943305,-5.550450677860411],[-47.012184865060675,-5.549749583785639],[-47.021104859933544,-5.549048355214319],[-47.03002483383229,-5.548346991293065],[-47.03894478654678,-5.547645493880733],[-47.04786471785454,-5.546943861219917],[-47.056784628447794,-5.546242095166316],[-47.06570451810399,-5.545540193962571],[-47.0746243866068,-5.544838157659374],[-47.08354423374308,-5.54413598721155],[-47.092464060198786,-5.543433682666685],[-47.10138386575763,-5.542731244075504],[-47.110303649297855,-5.54202867058795],[-47.11922341240764,-5.541325962248408],[-47.12814315397162,-5.540623120014868],[-47.137062875578,-5.539920143931657],[-47.145982575202744,-5.539217033152033],[-47.15490225353172,-5.538513787723583],[-47.163821911250864,-5.537810407693808],[-47.172741547244875,-5.53710689402085],[-47.18166116309858,-5.536403245844906],[-47.190580756791235,-5.535699463223453],[-47.19950032991424,-5.534995547104661],[-47.20841988224791,-5.5342914966353955],[-47.21733941267037,-5.533587310965903],[-47.22625892277636,-5.532882991948245],[-47.23517841144399,-5.532178538732696],[-47.24409787935909,-5.531473951366745],[-47.25301732540316,-5.530769229904692],[-47.261936751160704,-5.530064373486671],[-47.27085615552011,-5.529359383974865],[-47.27977553916371,-5.528654260512794],[-47.28869490096958,-5.527949002250919],[-47.29761424162693,-5.527243610140638],[-47.30653356182154,-5.526538084229396],[-47.31545286043492,-5.525832424571593],[-47.3243721381493,-5.525126630310801],[-47.33329139475184,-5.524420702401857],[-47.34221063002262,-5.523714639991839],[-47.351129843752375,-5.5230084449395],[-47.36004903751821,-5.522302114577029],[-47.36896820930671,-5.52159565077034],[-47.37788736070565,-5.520889053563205],[-47.38680648969095,-5.520182322110017],[-47.395725598755966,-5.519475457354775],[-47.40464468587298,-5.518768457548051],[-47.41356375264057,-5.51806132544512],[-47.42248279792937,-5.517354058389137],[-47.43140182243232,-5.516646658235151],[-47.440320825023655,-5.515939123230263],[-47.44923980730205,-5.515231456129567],[-47.45815876813801,-5.5145236542764025],[-47.46707770731883,-5.513815718625646]]]},"properties":{"id_fluxo":10,"agrupamento":"Imperatriz","origem_aproximada":"Amarante do Maranhão","destino_aproximado":"Imperatriz","comprimento_m":80324.6}},{"type":"Feature","geometry":{"type":"MultiLineString","coordinates":[[[-44.61672342563439,-3.264917921882153],[-44.61000867735768,-3.258984574258899],[-44.60329400806905,-3.253051181422876],[-44.59657941674599,-3.247117742716511],[-44.589864904165466,-3.241184259292249],[-44.583150469305345,-3.2352507295877775],[-44.57643611294258,-3.2293171547555963],[-44.5697218349544,-3.2233835350431157],[-44.563007634318346,-3.2174498697926803],[-44.55629351091166,-3.2115161592517314],[-44.54957946551125,-3.2055824045727124],[-44.542865497095086,-3.1996486041933077],[-44.536151606440065,-3.193714759266001],[-44.529437792523765,-3.1877808691331238],[-44.52272405522304,-3.1818469349467433],[-44.51601039531554,-3.175912956050009],[-44.50929681177851,-3.169978932689883],[-44.50258330538962,-3.164044864209559],[-44.495869874225235,-3.1581107526648675],[-44.48915651996346,-3.1521765964947486],[-44.48244324158199,-3.1462423950414764],[-44.47573003985672,-3.1403081512669013],[-44.469016912866714,-3.134373861798847],[-44.46230386228784,-3.1284395295995977],[-44.455590886198266,-3.1225051531062684],[-44.448877986274745,-3.1165707334718666],[-44.44216516149548,-3.11063626913393],[-44.43545241173676,-3.104701762149208],[-44.42873973687681,-3.0987672109557014],[-44.42202713679238,-3.0928326167054934],[-44.41531461136069,-3.086897979645918],[-44.40860215955959,-3.0809632991192006],[-44.40188978306666,-3.0750285744690387],[-44.39517748085822,-3.0690938077516234],[-44.388465252812004,-3.063158998309648],[-44.381753097905865,-3.057224145485316],[-44.375041016916995,-3.0512892495264845],[-44.368329009722615,-3.0453543106805303],[-44.36161707619943,-3.0394193300994394],[-44.35490521622577,-3.0334843062212906],[-44.348193428778465,-3.0275492401975224],[-44.34148171553503,-3.0216141313719236],[-44.3347700736726,-3.015678980894864],[-44.328058505768524,-3.0097437881106726],[-44.32134700990091,-3.00380855236095],[-44.31463558684575,-2.997873275702892],[-44.30792423558213,-2.9919379556693344],[-44.30121295688543,-2.9860025952221187],[-44.2945017506346,-2.9800671918946535],[-44.28779061580594,-2.974131747742969],[-44.281079552277845,-2.9681962612051223],[-44.2743685608268,-2.962260733433662],[-44.267657641330636,-2.956325163771309],[-44.26094679276621,-2.9503895533694124],[-44.25423601501199,-2.9444539006660313],[-44.24752530884378,-2.9385182077183525]]]},"properties":{"id_fluxo":11,"agrupamento":"Titara","origem_aproximada":"Anajatuba","destino_aproximado":"Rosário","comprimento_m":54633.2}},{"type":"Feature","geometry":{"type":"MultiLineString","coordinates":[[[-43.10938027208351,-3.67433443103637],[-43.116923377077484,-3.6694659837404697],[-43.12446640055639,-3.6645974713200946],[-43.13200934165035,-3.6597288949335107],[-43.13955220219143,-3.654860254840394],[-43.14709498041534,-3.6499915494844766],[-43.1546376781504,-3.645122780933827],[-43.16218029453049,-3.640253948538281],[-43.169722830489484,-3.6353850516513293],[-43.177265285157574,-3.6305160914312458],[-43.18480765856858,-3.625647067229695],[-43.19234995165275,-3.62077798020861],[-43.199892164445735,-3.615908828815374],[-43.207434296077736,-3.611039614208301],[-43.21497634838082,-3.60617033664684],[-43.22251831958879,-3.601300995479007],[-43.23006021063365,-3.5964315909624625],[-43.23760202244747,-3.591562123354762],[-43.24514375326228,-3.586692592908287],[-43.252685404910146,-3.581822999882326],[-43.260226976524805,-3.576953343626737],[-43.26776846903831,-3.5720836243990233],[-43.27530988158101,-3.567213843357593],[-43.28285121508834,-3.5623439989514134],[-43.290392469590664,-3.557474092340535],[-43.29793364422171,-3.552604122874813],[-43.30547473991185,-3.547734091716003],[-43.313015756694824,-3.542863998215637],[-43.32055669460267,-3.5379938426294846],[-43.32809755456745,-3.5331236252149445],[-43.33563833482287,-3.528253345320246],[-43.34317903720094,-3.5233830032044064],[-43.35071966083215,-3.5185126000258933],[-43.35826020665016,-3.5136421351377436],[-43.36580067378705,-3.508771608794136],[-43.37334106317644,-3.5039010203480867],[-43.38088137395041,-3.499030370053753],[-43.38842160793944,-3.4941596590743482],[-43.39596176337721,-3.489288886758168],[-43.403501841195755,-3.484418053362503],[-43.41104184142716,-3.4795471591430673],[-43.418581764105056,-3.4746762034512604],[-43.42612161016144,-3.4698051865442903],[-43.43366137872695,-3.4649341095807267],[-43.441201069836666,-3.4600629710075617],[-43.44874068442113,-3.455191771986361],[-43.45628022161249,-3.450320512771332],[-43.463819682344244,-3.445449192715296],[-43.47135906664848,-3.4405778120739337],[-43.47889837365591,-3.435706372005843],[-43.48643760520141,-3.430834870960843],[-43.493976759515725,-3.42596331009613],[-43.501515837532345,-3.42109168876442],[-43.509054840183296,-3.4162200072227815],[-43.516593766599335,-3.41134826662987],[-43.524132616815365,-3.4064764654325725],[-43.531671391762025,-3.4016046047922837],[-43.53921009057151,-3.3967326849633093],[-43.54674871327727,-3.391860705296911],[-43.55428726081137,-3.3869886660500574],[-43.561825733205936,-3.3821165674784104],[-43.56936413049304,-3.3772444098375796],[-43.576902452706165,-3.372372192478792],[-43.58444069987739,-3.36749991565763],[-43.59197887203754,-3.362627580534168],[-43.59951696922003,-3.3577551864595896],[-43.607054991457,-3.352882733689508],[-43.61459293968178,-3.3480102215764016],[-43.62213081302529,-3.3431376512789823],[-43.62966861152091,-3.3382650221484607],[-43.63720633610072,-3.333392334441658],[-43.64474398679683,-3.3285195884141876],[-43.65228156274269,-3.3236467834159287],[-43.65981906576783,-3.318773921513827],[-43.66735649410818,-3.3139010002476494],[-43.67489384959334,-3.3090280216843095],[-43.682431130457964,-3.304154984268042],[-43.68996833853285,-3.299281889161273],[-43.69750547205031,-3.29440873661718],[-43.70504253374342,-3.2895355259904084],[-43.71257952094342,-3.28466225843744],[-43.7201164363845,-3.279788932408371],[-43.72765327739791,-3.2749155490597652],[-43.73519004671556,-3.270042108650606],[-43.74272674256977,-3.265168611434119],[-43.75026336589487,-3.260295055858032],[-43.75779991672076,-3.25542144398683],[-43.76533639508182,-3.2505477742670648],[-43.772872801908996,-3.2456740478598376],[-43.78040913543466,-3.240800265018467],[-43.78794539749187,-3.2359264250961433],[-43.79548158721287,-3.231052528347299],[-43.80301770462984,-3.226178575027428],[-43.81055375067483,-3.2213045653931314],[-43.81808972538107,-3.2164304987953516],[-43.825625627879795,-3.2115563763930566],[-43.833161460003986,-3.2066821975392865],[-43.84069721998605,-3.2018079624874827],[-43.848232908758035,-3.19693367149411],[-43.85576852635314,-3.192059323910176],[-43.863304072802535,-3.187184920895637],[-43.8708395481394,-3.1823104618014444],[-43.87837495329578,-3.177435946884064],[-43.88591028740401,-3.1725613763979674],[-43.89344555049625,-3.1676867505986026],[-43.900980744405416,-3.162812068838835],[-43.90851586646311,-3.1579373322757465],[-43.9160509194021,-3.1530625402631287],[-43.92358590145578,-3.1481876921499694],[-43.93112081355432,-3.1433127900017306],[-43.93865565573179,-3.138437832264779],[-43.94619042802038,-3.133562819194541],[-43.95372513135123,-3.128687751951862],[-43.96125976395864,-3.1238126289812915],[-43.96879432767272,-3.118937452349155],[-43.976328822527464,-3.1140622205017277],[-43.98386324675537,-3.1091869336926665],[-43.99139760308731,-3.104311593084562],[-43.99893188975668,-3.0994361980265337],[-44.00646610679653,-3.0945607478694175],[-44.01400025603708,-3.0896852446794414],[-44.02153433571254,-3.084809686901192],[-44.02906834765478,-3.079934074791711],[-44.03660229009636,-3.075058408604732],[-44.04413616486917,-3.070182688597281],[-44.05166997110559,-3.065306915023919],[-44.05920370883786,-3.060431088140033],[-44.066737378998816,-3.0555552072972287],[-44.074270980720854,-3.050679272750069],[-44.08180451493526,-3.0458032856592725],[-44.089337980776,-3.0409272444702937],[-44.09687137917507,-3.0360511494392437],[-44.104404710164,-3.031175001726067],[-44.11193797377499,-3.0262988015861176],[-44.119471170041784,-3.021422547465558],[-44.127004298995146,-3.0165462414289297],[-44.134537361568576,-3.0116698819231016],[-44.14207035599468,-3.0067934692019773],[-44.149603284104636,-3.0019170044269297],[-44.15713614503157,-2.9970404869479843],[-44.16466893970754,-2.9921639170211547],[-44.17220166726498,-2.987287294901114],[-44.17973432863664,-2.9824106199392326],[-44.18726692385409,-2.9775338932954725],[-44.19479945295025,-2.9726571143205036],[-44.20233191595738,-2.967780283269658],[-44.209864312008584,-2.962903399492985],[-44.21739664293442,-2.958026465056315],[-44.22492890786864,-2.9531494784051024],[-44.2324611068435,-2.948272439794625],[-44.23999324079105,-2.943395349480821],[-44.24752530884378,-2.9385182077183525]]]},"properties":{"id_fluxo":12,"agrupamento":"Titara","origem_aproximada":"Anapurus","destino_aproximado":"Rosário","comprimento_m":150379.7}},{"type":"Feature","geometry":{"type":"MultiLineString","coordinates":[[[-45.076822263075705,-1.5243508512807873],[-45.07692874544047,-1.5333838958757926],[-45.07703522790004,-1.5424169387504942],[-45.077141712260335,-1.551449981709692],[-45.07724819763026,-1.5604830238440677],[-45.077354683118635,-1.569516064244353],[-45.077461169632436,-1.5785491047153808],[-45.07756765717951,-1.5875821443478002],[-45.07767414576775,-1.5966151831370325],[-45.077780635405055,-1.6056482210784992],[-45.07788712609932,-1.6146812581675716],[-45.07799361695938,-1.6237142943997065],[-45.07810010979122,-1.6327473297702555],[-45.07820660280469,-1.6417803651793828],[-45.07831309690665,-1.6508133988130311],[-45.07841959210499,-1.6598464315713448],[-45.078526088407656,-1.6688794634496957],[-45.0786325849235,-1.6779124953482805],[-45.07873908345844,-1.6869455254529555],[-45.07884558222234,-1.6959785555686586],[-45.07895208212207,-1.705011583881334],[-45.07905858316562,-1.714044612195796],[-45.07916508536081,-1.7230776396027627],[-45.079271588715535,-1.732110665192886],[-45.07937809233865,-1.741143690771068],[-45.07948459803619,-1.7501767154279353],[-45.07959110401789,-1.7592097391589365],[-45.0796976111907,-1.768242761959474],[-45.079804118663404,-1.7772757829202386],[-45.07991062824216,-1.7863088038460175],[-45.08001713813666,-1.795341824732311],[-45.080123649253835,-1.8043748437650136],[-45.0802301616016,-1.813407861844285],[-45.080336675187866,-1.8224408789654991],[-45.080443190020524,-1.831473895124097],[-45.080549705208384,-1.8405069112202117],[-45.08065622165839,-1.8495399254398046],[-45.080762739378464,-1.8585729386829684],[-45.080869258376566,-1.8676059518498649],[-45.080975777761346,-1.8766389631264693],[-45.08108229843993,-1.8856719743176211],[-45.08118882042019,-1.8947049845139745],[-45.081295343709954,-1.9037379928062517],[-45.08140186831723,-1.9127710009992651],[-45.08150839335069,-1.9218040081837808],[-45.0816149197174,-1.9308370143551288],[-45.08172144742528,-1.9398700195087533],[-45.0818279764822,-1.9489030236400275],[-45.08193450599687,-1.957936026744438],[-45.0820410368764,-1.966969028817314],[-45.082147569128665,-1.9760020298541006],[-45.082254102761574,-1.9850350298501702],[-45.08236063688382,-1.9940680288010122],[-45.08246717240251,-2.003101026701956],[-45.08257370932559,-2.012134024453162],[-45.08268024676163,-2.0211670202406338],[-45.08278678651708,-2.0302000158691063],[-45.08289332680131,-2.039233009524679],[-45.082999868521526,-2.0482660030121167],[-45.083106410786286,-2.0572989945174767],[-45.08321295450284,-2.0663319858455207],[-45.083319499679035,-2.075364976086975],[-45.08342604632272,-2.0843979643325152],[-45.08353259354265,-2.0934309523870187],[-45.08363914224592,-2.102463939341162],[-45.08374569244043,-2.1114969251903224],[-45.08385224323482,-2.120529909929993],[-45.083958795536255,-2.129562893555518],[-45.08406534935266,-2.138595876062291],[-45.084171904691914,-2.1476288574457563],[-45.08427846066263,-2.156661837701359],[-45.08438501817207,-2.165694817729157],[-45.08449157632871,-2.1747277957152154],[-45.08459813693914,-2.1837607725595425],[-45.08470469731335,-2.1927937491624],[-45.08481126015711,-2.2018267237096505],[-45.084917823679774,-2.210859698006221],[-45.085024388788476,-2.219892670238024],[-45.08513095549123,-2.228925642209935],[-45.08523752289648,-2.2379586121079718],[-45.08534409191158,-2.246991581736906],[-45.085450662544396,-2.2560245501874694],[-45.08555723390346,-2.2650575174551095],[-45.08566380689605,-2.27409048353517],[-45.085770380630684,-2.2831234484231486],[-45.08587695691404,-2.2921564121143345],[-45.08598353395525,-2.301189374604232],[-45.08609011176222,-2.310222335888286],[-45.08619669124223,-2.319255295961841],[-45.08630327240321,-2.3282882548203068],[-45.086409854353704,-2.3373212133638495],[-45.08651643800092,-2.3463541697784343],[-45.08662302335282,-2.355387124964171],[-45.08672960951795,-2.3644200798212416],[-45.08683619740353,-2.3734530325355605],[-45.08694278701758,-2.3824859849120017],[-45.0870493774685,-2.3915189360413054],[-45.08715596876415,-2.400551885014173],[-45.08726256271146,-2.4095848336353134],[-45.08736915751936,-2.418617780995576],[-45.087475753195754,-2.4276507270903585],[-45.08758235064801,-2.4366836719150182],[-45.087688949884054,-2.4457166154649683],[-45.08779555001231,-2.454749557735667],[-45.08790215194016,-2.4637824987225025],[-45.08800875567554,-2.472815438420873],[-45.08811536032685,-2.4818483768262545],[-45.088221966801505,-2.4908813139340005],[-45.08832857420795,-2.4999142506443004],[-45.08843518345352,-2.5089471851430667],[-45.088541793646684,-2.5179801192352342],[-45.08864840569479,-2.527013051106719]]]},"properties":{"id_fluxo":13,"agrupamento":"Pinheiro","origem_aproximada":"Apicum-Açu","destino_aproximado":"Pinheiro","comprimento_m":110833.6}},{"type":"Feature","geometry":{"type":"MultiLineString","coordinates":[[[-45.66551586060671,-2.950677709078163],[-45.662190298512826,-2.9590558843009105],[-45.6588646865948,-2.9674340477773815],[-45.65553902555113,-2.975812200322782],[-45.652213313380344,-2.9841903418492857],[-45.64888755077988,-2.9925684713627523],[-45.645561737548434,-3.000946589678918],[-45.64223587438396,-3.009324696708311],[-45.638909960184755,-3.0177027923625652],[-45.635583994748934,-3.026080876552735],[-45.6322579778746,-3.034458949189869],[-45.628931910259745,-3.042837010184534],[-45.625605791702455,-3.0512150594477623],[-45.622279621100944,-3.0595930968911556],[-45.61895339915319,-3.067971122425245],[-45.61562712475788,-3.076349136866261],[-45.61230079951237,-3.0847271392195603],[-45.608974421415425,-3.093105130301889],[-45.60564799116448,-3.101483109119122],[-45.6023215085581,-3.109861076486958],[-45.5989949733938,-3.118239031411788],[-45.59566838637008,-3.126616974708792],[-45.59234174548503,-3.134994906290037],[-45.58901505233609,-3.1433728251608803],[-45.58568830582229,-3.15175073304216],[-45.5823615066406,-3.160128628035125],[-45.57903465369004,-3.168506511860605],[-45.575707746767556,-3.1768843826203153],[-45.57238078657213,-3.185262242034089],[-45.56905377290121,-3.1936400891082766],[-45.56572670465274,-3.2020179237544344],[-45.56239958342521,-3.2103957467872224],[-45.55907240721601,-3.2187735572139964],[-45.55574517672308,-3.2271513549452724],[-45.55241789174484,-3.2355291407967193],[-45.54909055207871,-3.243906913774688],[-45.54576315752307,-3.252284674694844],[-45.54243570787582,-3.2606624234681907],[-45.539108203834914,-3.2690401600052454],[-45.53578064429766,-3.2774178833128516],[-45.53245302906242,-3.285795594206631],[-45.529125358827606,-3.2941732935017742],[-45.52579763249003,-3.3025509793004524],[-45.52246985074811,-3.3109286524178008],[-45.51914201340016,-3.3193063136695087],[-45.51581411934293,-3.3276839611576934],[-45.51248616927529,-3.336061596602189],[-45.50915816299507,-3.3444392199139776],[-45.50583010029914,-3.3528168291947145],[-45.502501980086485,-3.361194427069847],[-45.499173803953845,-3.369572010735393],[-45.49584557080022,-3.3779495828168153],[-45.49251728042244,-3.3863271414157237],[-45.48918893261824,-3.3947046864431156],[-45.4858605280865,-3.403082219618812],[-45.48253206572383,-3.41145973904492],[-45.4792035453284,-3.4198372455370283],[-45.47587496759816,-3.4282147390056603],[-45.47254633233082,-3.43659221936179],[-45.46921763842428,-3.4449696874214686],[-45.46588888657559,-3.4533471412858665],[-45.46256007658332,-3.461724582675285],[-45.45923120734443,-3.470102010596408],[-45.45590227955683,-3.4784794249597715],[-45.45257329391849,-3.486856825675866],[-45.44924424842691,-3.4952342135611687],[-45.4459151446803,-3.503611588525749],[-45.44258598067524,-3.5119889495767525],[-45.4392567580104,-3.520366297528902],[-45.435927475583085,-3.528743632293556],[-45.43259813409079,-3.5371209528765495],[-45.42926873243119,-3.545498260093915],[-45.42593927040184,-3.5538755538565576],[-45.42260974870109,-3.5622528349796467],[-45.41928016712569,-3.5706301015647797],[-45.415950525473605,-3.5790073544275116],[-45.412620822641976,-3.5873845934791975],[-45.40929105932912,-3.595761819534992],[-45.40596123443176,-3.604139031601551],[-45.402631349548216,-3.6125162295889575],[-45.399301403576004,-3.6208934143131906],[-45.39597139631219,-3.629270584780496],[-45.39264132755427,-3.637647740901738],[-45.3893111971005,-3.646024884397206],[-45.38598100564763,-3.6544020124633354],[-45.38265075209381,-3.662779127725459]]]},"properties":{"id_fluxo":14,"agrupamento":"Santa Inês","origem_aproximada":"Araguanã","destino_aproximado":"Santa Inês","comprimento_m":84755.6}},{"type":"Feature","geometry":{"type":"MultiLineString","coordinates":[[[-46.00870763667023,-4.8882214680201646],[-46.01698585297432,-4.891785351968612],[-46.02526415761379,-4.895349133908276],[-46.033542549607354,-4.898912812710836],[-46.041821028878296,-4.902476389055655],[-46.05009959534707,-4.906039861813055],[-46.05837825074057,-4.909603231659582],[-46.066656993178455,-4.913166499277395],[-46.074935824383346,-4.916729662629419],[-46.083214743378136,-4.92029272330096],[-46.09149375008469,-4.923855681066819],[-46.099772844423356,-4.927418534797356],[-46.10805202812255,-4.930981286073414],[-46.11633129929748,-4.93454393286378],[-46.12461065877475,-4.9381064767507965],[-46.132890107376504,-4.941668916603217],[-46.14116964322082,-4.945231252198978],[-46.14944926803471,-4.9487934842142565],[-46.15772898174149,-4.952355613328362],[-46.16600878425982,-4.955917637507121],[-46.17428867461118,-4.959479557431419],[-46.18256865452257,-4.963041373777343],[-46.190848722110445,-4.96660308541845],[-46.19912888000534,-4.970164693933623],[-46.20740912542017,-4.973726197293601],[-46.21568946098383,-4.977287596172748],[-46.223969884814316,-4.980848890349156],[-46.232250398637035,-4.984410079594282],[-46.24053100057333,-4.987971165495189],[-46.248811692345235,-4.991532146014403],[-46.25709247297253,-4.995093020928413],[-46.26537334418407,-4.99865379181743],[-46.27365430319418,-5.002214457557031],[-46.28193535263187,-5.00577501882119],[-46.2902164915134,-5.009335473577568],[-46.29849771976567,-5.01289582431425],[-46.30677903821045,-5.016456069899808],[-46.315060445865676,-5.020016209206374],[-46.32334194355844,-5.023576243815785],[-46.331623531208535,-5.02713617259837],[-46.33990520873937,-5.03069599623333],[-46.348186976070714,-5.034255713590992],[-46.35646883312597,-5.037815325350601],[-46.364750780728606,-5.0413748312849895],[-46.373032818802066,-5.044934232073358],[-46.38131494636224,-5.048493525683544],[-46.38959716513823,-5.052052713695275],[-46.39787947324781,-5.055611795887174],[-46.406161872416305,-5.059170772030108],[-46.41444436166336,-5.062729641900791],[-46.42272694181235,-5.066288405271992],[-46.431009612784784,-5.069847061918469],[-46.43929237450416,-5.073405612519338],[-46.44757522598805,-5.076964055946969],[-46.455858168965754,-5.080522393780837],[-46.46414120335472,-5.084080623986914],[-46.47242432727462,-5.087638747248397],[-46.48070754335466,-5.0911967642382265],[-46.48899084971043,-5.094754673830892],[-46.49727424806927,-5.098312476701344],[-46.50555773654877,-5.101870172628462],[-46.51384131687419,-5.105427761382766],[-46.52212498896696,-5.108985242738987],[-46.53040875184652,-5.112542616473951],[-46.53869260543644,-5.116099883266753],[-46.54697655145978,-5.119657041983452],[-46.555260588938154,-5.123214093305242],[-46.563544717795146,-5.126771037911141],[-46.57182893794772,-5.130327873767248],[-46.580113250223555,-5.133884602454702],[-46.58839765454178,-5.137441222843848],[-46.59668215082597,-5.140997735613699],[-46.604966738995195,-5.144554139634636],[-46.613251418073375,-5.148110436492272],[-46.62153619068305,-5.151666624145844],[-46.6298210540443,-5.155222704185486],[-46.63810601078425,-5.158778676378999],[-46.646391059017986,-5.162334539601389],[-46.65467619957105,-5.165890294529289],[-46.6629614323647,-5.169445940937409],[-46.67124675822215,-5.173001478598023],[-46.679532176162695,-5.176556907288204],[-46.687817686109966,-5.180112227686873],[-46.69610328978668,-5.183667438659657],[-46.704388985312576,-5.187222540890286],[-46.712674773513264,-5.190777535055257],[-46.72096065520702,-5.19433241911827],[-46.729246628513586,-5.197887193763161],[-46.737532696062445,-5.201441859661417],[-46.74581885597091,-5.204996416592644],[-46.7541051090596,-5.2085508634247395],[-46.76239145525469,-5.212105201740835],[-46.77067789447232,-5.215659429507107],[-46.778964426638666,-5.219213548306648],[-46.787251052574284,-5.222767557007339],[-46.795537771300914,-5.226321456290552],[-46.80382458363906,-5.229875245024177],[-46.812111490416946,-5.2334289247886305],[-46.8203984897492,-5.236982494459503],[-46.82868558245623,-5.240535952904669],[-46.83697276936896,-5.244089302608665],[-46.84526004950124,-5.247642541540383],[-46.85354742367609,-5.251195669471753],[-46.861834891819896,-5.254748687985783],[-46.87012245385105,-5.258301595952842],[-46.8784101096906,-5.261854393147571],[-46.8866978601615,-5.265407079341849],[-46.89498570428555,-5.268959655217137],[-46.903273641983795,-5.272512120548045],[-46.911561674981144,-5.276064475103657],[-46.9198498013919,-5.279616717759929],[-46.92813802294931,-5.283168850998322],[-46.936426337762086,-5.286720871886578],[-46.9447147475607,-5.29027278200196],[-46.95300325226613,-5.293824581118998],[-46.96129185179935,-5.297376269012254],[-46.96958054517645,-5.30092784455503],[-46.97786933322606,-5.304479309327297],[-46.98615821677109,-5.308030663100701],[-46.994447194827615,-5.31158190474856],[-47.002736267319435,-5.3151330349495485],[-47.01102543506649,-5.318684052571235],[-47.01931469799553,-5.322234959196302],[-47.02760405602451,-5.325785753695214],[-47.03589350907726,-5.329336436746572],[-47.04418305707168,-5.332887007220858],[-47.05247270083058,-5.3364374648896105],[-47.06076243937882,-5.3399878113385],[-47.06905227353621,-5.34353804543495],[-47.07734220322056,-5.347088166049436],[-47.08563222926377,-5.350638175665566],[-47.09392234977661,-5.354188072255877],[-47.10221256648383,-5.3577378555887245],[-47.11050287841038,-5.361287527249801],[-47.11879328637284,-5.364837085202436],[-47.12708378939624,-5.368386531032318],[-47.135374389202155,-5.371935863603643],[-47.14366508481253,-5.375485083598049],[-47.15195587614811,-5.379034190790025],[-47.16024676402843,-5.382583184046853],[-47.1685377474754,-5.386132064050249],[-47.17682882731493,-5.3896808314754505],[-47.18512000436652,-5.393229485189699],[-47.193411276750105,-5.396778025877939],[-47.20170264528513,-5.400326452407395],[-47.20999411079752,-5.403874765453258],[-47.21828567230592,-5.407422964793277],[-47.22657733063631,-5.410971051102543],[-47.234869085706045,-5.414519023251547],[-47.24316093743573,-5.418066881014752],[-47.25145288574935,-5.421614625070528],[-47.259744931469506,-5.425162255189976],[-47.268037073614835,-5.428709771150871],[-47.27632931300792,-5.4322571727242694],[-47.28462164867077,-5.435804460591928],[-47.29291408142255,-5.439351633620941],[-47.30120661208927,-5.442898692486208],[-47.30949923968601,-5.44644563606167],[-47.31779196414027,-5.449992465929536],[-47.32608478627112,-5.453539180956862],[-47.33437770509711,-5.457085780921528],[-47.34267072234623,-5.460632266494835],[-47.35096383613505,-5.464178637458171],[-47.35925704818451,-5.467724892674983],[-47.36755035751666,-5.471271032827117],[-47.37584376495753,-5.474817058589214],[-47.38413726952207,-5.47836296883538],[-47.39243087203272,-5.481908763336404],[-47.40072457331913,-5.485454443670741],[-47.40901837149058,-5.4890000078122725],[-47.41731226737311,-5.492545456435604],[-47.42560626178913,-5.496090789311453],[-47.43390035466272,-5.4996360071179655],[-47.44219454591064,-5.503181108725641],[-47.450488834554996,-5.506726094816361],[-47.45878322141446,-5.510270964256969],[-47.46707770731883,-5.513815718625646]]]},"properties":{"id_fluxo":15,"agrupamento":"Imperatriz","origem_aproximada":"Arame","destino_aproximado":"Imperatriz","comprimento_m":175874.2}},{"type":"Feature","geometry":{"type":"MultiLineString","coordinates":[[[-44.77710324606946,-3.4553917099715767],[-44.77071955017868,-3.44916602655199],[-44.764335938413545,-3.4429402994575025],[-44.75795240882757,-3.436714528017891],[-44.75156896127443,-3.4304887133726996],[-44.74518559740852,-3.4242628557572927],[-44.738802315283664,-3.4180369535966832],[-44.732419115653535,-3.411811008935362],[-44.7260359983725,-3.405585020198845],[-44.71965296329419,-3.39935898852666],[-44.71327001027274,-3.393132913249041],[-44.70688713826155,-3.3869067955052174],[-44.70050434801501,-3.380680634625664],[-44.69412163938702,-3.3744544308452245],[-44.68773901133153,-3.3682281834937844],[-44.68135646460209,-3.362001894615864],[-44.67497399905347,-3.355775561732246],[-44.668591614538975,-3.34954918688715],[-44.6622093109128,-3.3433227694107397],[-44.65582708712868,-3.3370963095375434],[-44.64944494394069,-3.3308698075027268],[-44.6430628803029,-3.3246432626361004],[-44.63668089786923,-3.318416676077817],[-44.63029899469359,-3.312190047157403],[-44.62391717062991,-3.3059633761096556],[-44.61753542733239,-3.2997366631700857],[-44.61115376285468,-3.293509908572828],[-44.60477217795117,-3.287283111648385],[-44.59839067157567,-3.281056272631182],[-44.592009244481886,-3.2748293926610836],[-44.58562789652409,-3.268602471068227],[-44.57924662755619,-3.262375508087425],[-44.57286543653241,-3.256148503048445],[-44.56648432420641,-3.2499214570911104],[-44.560103289532,-3.2436943704498464],[-44.55372233326402,-3.237467241550493],[-44.547341455255605,-3.2312400724371955],[-44.54096065446142,-3.225012861534997],[-44.53457993163507,-3.2187856099837457],[-44.528199286630496,-3.212558318018267],[-44.521818718401995,-3.2063309849682224],[-44.515438227703584,-3.200103611068829],[-44.50905781348916,-3.1938761965544398],[-44.50267747651271,-3.1876487416602575],[-44.496297216628626,-3.181421245716394],[-44.48991703279037,-3.175193709861832],[-44.48353692575196,-3.168966134331796],[-44.47715689446821,-3.1627385175512734],[-44.47077693969265,-3.1565108606601444],[-44.46439706127875,-3.150283164797822],[-44.45801725818189,-3.1440554274846297],[-44.45163753025465,-3.1378276516693027],[-44.44525787825236,-3.1315998348730645],[-44.43887830202806,-3.12537197914001],[-44.43249880053669,-3.1191440828950703],[-44.42611937453122,-3.1129161481828294],[-44.419740023867064,-3.1066881725240116],[-44.41336074659687,-3.100460158866385],[-44.406981545275904,-3.094232104732183],[-44.40060241795726,-3.0880040121644523],[-44.394223364495936,-3.08177587958863],[-44.38784438564482,-3.0755477090492658],[-44.38146548035899,-3.0693194989712502],[-44.375086649392344,-3.0630912495898333],[-44.36870789259888,-3.056862961139767],[-44.36232920893213,-3.0506346347598727],[-44.35595059824717,-3.0444062688755866],[-44.34957206129732,-3.0381778646267974],[-44.34319359703671,-3.0319494222476946],[-44.33681520622027,-3.0257209401642347],[-44.33043688780051,-3.0194924213245247],[-44.3240586425329,-3.013263863249868],[-44.31768046937104,-3.0070352670791065],[-44.311302369069345,-3.0008066321428184],[-44.30492434058141,-2.9945779595798157],[-44.29854638376121,-2.988349249624773],[-44.29216849936317,-2.9821205016083283],[-44.28579068634202,-2.975891714859981],[-44.279412945450446,-2.969662891424264],[-44.27303527564379,-2.9634340297260136],[-44.266657677675866,-2.957205130000515],[-44.26028015050028,-2.9509761933865106],[-44.25390269397167,-2.944747219214032],[-44.24752530884378,-2.9385182077183525]]]},"properties":{"id_fluxo":16,"agrupamento":"Titara","origem_aproximada":"Arari","destino_aproximado":"Rosário","comprimento_m":82014.8}},{"type":"Feature","geometry":{"type":"MultiLineString","coordinates":[[[-44.05647625165997,-2.8366304035130216],[-44.064117563644686,-2.8407065353400442],[-44.07175892956465,-2.844782615820818],[-44.07940034939765,-2.8488586456405116],[-44.08704182222319,-2.852934623674332],[-44.09468334891798,-2.8570105515127944],[-44.10232493036158,-2.8610864271279266],[-44.10996656473239,-2.86516225120349],[-44.11760825380823,-2.8692380235214223],[-44.12524999666717,-2.8733137447662287],[-44.132891794187366,-2.877389414719116],[-44.14053364544825,-2.8814650322553854],[-44.14817555132728,-2.8855405980608757],[-44.15581751180224,-2.8896161128207694],[-44.16345952685292,-2.893691574506398],[-44.17110159555669,-2.8977669847068994],[-44.17874371969207,-2.9018423422995254],[-44.18638589833716,-2.905917647968846],[-44.19402813236943,-2.909992902400646],[-44.20167042086888,-2.9140681035656515],[-44.20931276471303,-2.91814325214969],[-44.21695516297992,-2.922218348837305],[-44.224597616548344,-2.9262933925051016],[-44.23224012539608,-2.930368383838258],[-44.23988268950217,-2.934443321712727],[-44.24752530884378,-2.9385182077183525]]]},"properties":{"id_fluxo":17,"agrupamento":"Titara","origem_aproximada":"Axixá","destino_aproximado":"Rosário","comprimento_m":24036.7}},{"type":"Feature","geometry":{"type":"MultiLineString","coordinates":[[[-44.78246758540927,-4.228774944348557],[-44.78899578597412,-4.222625249383395],[-44.79552388408637,-4.216475498720316],[-44.802051878985985,-4.210325691696847],[-44.808579771714655,-4.204175829460377],[-44.815107562413615,-4.198025910443932],[-44.82163525032219,-4.191875936699119],[-44.828162836482484,-4.185725907563902],[-44.83469032103548,-4.1795758223760044],[-44.84121770322076,-4.173425682282335],[-44.847744984080336,-4.16727548662084],[-44.85427216375502,-4.1611252356339055],[-44.8607992423856,-4.154974929563934],[-44.86732621921185,-4.1488245686531915],[-44.87385309527573,-4.142674152239537],[-44.88037987071788,-4.136523681470061],[-44.886906545679224,-4.130373155682453],[-44.89343312030043,-4.124222576023776],[-44.899959593821514,-4.118071940926933],[-44.90648596728425,-4.111921250634427],[-44.91301224082919,-4.10577050719801],[-44.919538414597405,-4.099619708145988],[-44.92606448872947,-4.093468855530088],[-44.93259046336625,-4.087317948688005],[-44.93911633774757,-4.0811669878619945],[-44.94564211381613,-4.0750159723899015],[-44.95216778991075,-4.068864903418616],[-44.95869336707319,-4.062713780285866],[-44.965218845444184,-4.056562603233995],[-44.971744226065404,-4.050411372505372],[-44.97826950727576,-4.044260088342261],[-44.98479469011695,-4.03810875098705],[-44.991319774729696,-4.031957359777347],[-44.997844761254754,-4.025805914955493],[-45.00436964983285,-4.0196544167638075],[-45.01089444060472,-4.01350286544463],[-45.01741913371112,-4.007351261240231],[-45.02394372929273,-4.001199603488259],[-45.030468227490324,-3.995047893335702],[-45.03699262844459,-3.988896130120195],[-45.043516932296264,-3.9827443140840058],[-45.05004113918599,-3.9765924445647416],[-45.05656525015546,-3.970440523614038],[-45.063089263543525,-3.9642885487602255],[-45.06961318129267,-3.958136522054818],[-45.0761370026428,-3.951984443740188],[-45.08266072683369,-3.9458323122493026],[-45.089184355807696,-3.9396801287289627],[-45.09570788880465,-3.933527892516824],[-45.10223132686611,-3.9273756047597637],[-45.10875466833114,-3.9212232647955365],[-45.11527791514196,-3.9150708728661976],[-45.1218010665385,-3.9089184292141144],[-45.12832412266146,-3.902765934081524],[-45.13484708365141,-3.8966133868060124],[-45.14136994964916,-3.890460788534509],[-45.147892721696,-3.8843081386044003],[-45.154415399031876,-3.8781554372580893],[-45.16093798179729,-3.872002683833128],[-45.167460471033806,-3.8658498794762433],[-45.173982865981394,-3.8596970244298494],[-45.18050516678056,-3.85354411803147],[-45.187027373571965,-3.847391160523347],[-45.193549487396965,-3.841238152147501],[-45.20007150749555,-3.835085093146326],[-45.20659343490885,-3.8289319828571293],[-45.2131152679764,-3.8227788224272614],[-45.219637008639985,-3.8166256111938],[-45.22615865704024,-3.810472349398917],[-45.23268021241718,-3.80431903728504],[-45.23920167491145,-3.7981656750943826],[-45.24572304556412,-3.7920122621641887],[-45.252244323615436,-3.7858587996415927],[-45.25876551010616,-3.7797052859591203],[-45.265286604276845,-3.7735517231686253],[-45.27180760626761,-3.767398109702883],[-45.278328517120244,-3.761244447613177],[-45.284849336073954,-3.755090734427925],[-45.29137006417053,-3.748936972198323],[-45.29789070155031,-3.7427831602618804],[-45.30441124655279,-3.7366292988613554],[-45.31093170202029,-3.7304753882379926],[-45.31745206629203,-3.724321427729855],[-45.3239723395086,-3.718167417579138],[-45.33049252271153,-3.71201335893232],[-45.33701261604111,-3.70585925112686],[-45.34353261873742,-3.6997050944052563],[-45.35005253184125,-3.6935508881045913],[-45.35657235459308,-3.687396633372064],[-45.36309208803402,-3.6812423304494284],[-45.36961173230398,-3.6750879777694614],[-45.37613128664378,-3.668933577384005],[-45.38265075209381,-3.662779127725459]]]},"properties":{"id_fluxo":18,"agrupamento":"Santa Inês","origem_aproximada":"Bacabal","destino_aproximado":"Santa Inês","comprimento_m":91397.1}},{"type":"Feature","geometry":{"type":"MultiLineString","coordinates":[[[-44.314288767461534,-2.976484081627708],[-44.306870380683684,-2.9722658524218484],[-44.29945205009597,-2.968047572509904],[-44.2920337766034,-2.9638292421065144],[-44.284615558411524,-2.9596108614246064],[-44.27719739642534,-2.9553924306788173],[-44.269779290650035,-2.951173950083212],[-44.26236124109135,-2.9469554189472085],[-44.25494324685408,-2.942736838388905],[-44.24752530884378,-2.9385182077183525]]]},"properties":{"id_fluxo":19,"agrupamento":"Titara","origem_aproximada":"Bacabeira","destino_aproximado":"Rosário","comprimento_m":8524.5}},{"type":"Feature","geometry":{"type":"MultiLineString","coordinates":[[[-45.140010297413525,-1.7257131489104416],[-45.13943347400843,-1.7347165708344048],[-45.13885664495911,-1.7437199921660023],[-45.13827981022305,-1.7527234119932682],[-45.13770296975782,-1.761726831213725],[-45.13712612441995,-1.770730248915374],[-45.136549272368846,-1.7797336659958543],[-45.13597241625932,-1.7887370824477518],[-45.135395553351444,-1.7977404964546178],[-45.134818685401136,-1.8067439107232595],[-45.13424181146667,-1.8157473234370956],[-45.13366493240467,-1.8247507345888447],[-45.13308804637447,-1.8337541450761463],[-45.13251115603094,-1.8427575548915862],[-45.13193425863415,-1.851760963123418],[-45.131357355939855,-1.860764369764328],[-45.13078044790565,-1.8697677757117872],[-45.13020353358988,-1.8787711809586831],[-45.12962661294997,-1.887774584593069],[-45.12904968684264,-1.8967779875123645],[-45.12847275432618,-1.9057813888047417],[-45.12789581625731,-1.9147847893676024],[-45.127318872593435,-1.923788188289033],[-45.126741922392995,-1.9327915864666239],[-45.126164965613434,-1.9417949838931274],[-45.125588003111375,-1.9507983796565627],[-45.12501103484431,-1.959801773749734],[-45.12443405987067,-1.9688051679748977],[-45.123857079046935,-1.9778085596106372],[-45.12328009233081,-1.986811951363891],[-45.12270309878034,-1.9958153405133645],[-45.122126099252455,-2.0048187297659275],[-45.12154909280526,-2.013822117305001],[-45.120972080295466,-2.0228255031233044],[-45.12039506168068,-2.031828889023059],[-45.11981803691819,-2.0408322722829024],[-45.119241005066435,-2.0498356556098387],[-45.118663967881176,-2.0588390362823707],[-45.11808692352159,-2.0678424170075544],[-45.117509871945,-2.0768457959687767],[-45.11693281490742,-2.085849173158675],[-45.11635575056791,-2.0948525503795854],[-45.115778679783,-2.103855924910115],[-45.11520160251036,-2.112859299457182],[-45.11462451870733,-2.1218626722041254],[-45.11404742833137,-2.130866043143766],[-45.113470331340075,-2.1398694140782903],[-45.112893227690726,-2.1488727822863725],[-45.11231611644166,-2.157876150474979],[-45.1117389993488,-2.166879516827352],[-45.11116187457102,-2.1758828813364275],[-45.11058474386443,-2.184886244899543],[-45.11000760538787,-2.193889607509635],[-45.109430460897435,-2.20289296915936],[-45.10885330855184,-2.21189632893694],[-45.10827615010722,-2.2208996868349957],[-45.107698983722464,-2.229903044655895],[-45.10712181115358,-2.2389064005828643],[-45.106544631458675,-2.2479097546087567],[-45.10596744459523,-2.2569131076310764],[-45.10539025052071,-2.26591645964261],[-45.10481304919248,-2.2749198097314327],[-45.10423584056804,-2.2839231587950457],[-45.1036586255042,-2.2929265068261726],[-45.10308140215958,-2.301929852913],[-45.102504172290445,-2.3109331979529344],[-45.10192693495484,-2.319936541938814],[-45.101349691009524,-2.328939883958646],[-45.10077243861319,-2.337943224910046],[-45.10019517952201,-2.3469465638809934],[-45.09961791279413,-2.355949902673753],[-45.09904063928621,-2.3649532385668883],[-45.09846335715699,-2.373956574267493],[-45.09788606816264,-2.3829599079587824],[-45.097308772260654,-2.3919632405382423],[-45.09673146760947,-2.4009665710940946],[-45.09615415686496,-2.409969900523663],[-45.09557683728613,-2.418973228819896],[-45.094999510629286,-2.427976555070776],[-45.0944221759524,-2.4369798801738325],[-45.09384483411239,-2.44598320412181],[-45.0932674841671,-2.454986526002865],[-45.09269012697355,-2.4639898476191133],[-45.092112761589476,-2.4729931662492883],[-45.091535388871954,-2.4819964846002502],[-45.09095800787877,-2.490999800855447],[-45.09038061946689,-2.5000031159122806],[-45.08980322269414,-2.509006428858909],[-45.089225818417475,-2.518009740592772],[-45.08864840569479,-2.527013051106719]]]},"properties":{"id_fluxo":20,"agrupamento":"Pinheiro","origem_aproximada":"Bacuri","destino_aproximado":"Pinheiro","comprimento_m":88753.1}},{"type":"Feature","geometry":{"type":"MultiLineString","coordinates":[[[-44.7380253348694,-2.7077528906955344],[-44.74599516850192,-2.703646279445054],[-44.75396494948436,-2.69953961476519],[-44.76193467598425,-2.6954328978006705],[-44.769904348868266,-2.6913261287920696],[-44.77787396900342,-2.68721930617055],[-44.78584353635656,-2.683112431081218],[-44.79381304909542,-2.679005503764138],[-44.80178250988598,-2.6748985244601924],[-44.80975191779576,-2.6707914925048923],[-44.81772127189216,-2.6666844081384946],[-44.8256905739415,-2.6625772716016853],[-44.833659822111535,-2.65847008313458],[-44.84162901906824,-2.65436284297796],[-44.849598162079864,-2.6502555504671337],[-44.85756725291262,-2.6461482067474345],[-44.86553629153376,-2.642040810249832],[-44.873505277910155,-2.6379333630241444],[-44.88147421200897,-2.633825864406032],[-44.88944309379734,-2.62971831373118],[-44.89741192324234,-2.6256107112399745],[-44.90538070031097,-2.6215030580775367],[-44.91334942586998,-2.6173953535795973],[-44.92131809988646,-2.6132875979865333],[-44.92928672142789,-2.609179791538675],[-44.9372552922606,-2.6050719335718027],[-44.94522381055249,-2.600964024326202],[-44.95319227717019,-2.5968560649470387],[-44.96116069298044,-2.592748054769999],[-44.96912905705074,-2.588639994035418],[-44.97709736934823,-2.584531882079007],[-44.98506563163916,-2.580423720045877],[-44.99303384119188,-2.576315507271659],[-45.00100200067228,-2.5722072439967505],[-45.008970109147874,-2.568098931366266],[-45.016938166585774,-2.563990567811148],[-45.024906172953116,-2.5598821544764947],[-45.03287412911658,-2.5557736906979573],[-45.04084203414371,-2.551665176715921],[-45.04880988890123,-2.5475566136754857],[-45.05677769245667,-2.543448000007612],[-45.06474544657634,-2.53933933776206],[-45.07271314942815,-2.5352306244651257],[-45.08068080277848,-2.5311218630712466],[-45.08864840569479,-2.527013051106719]]]},"properties":{"id_fluxo":21,"agrupamento":"Pinheiro","origem_aproximada":"Bacurituba","destino_aproximado":"Pinheiro","comprimento_m":43797.0}},{"type":"Feature","geometry":{"type":"MultiLineString","coordinates":[[[-43.02694325914595,-6.756428408857633],[-43.034727863855245,-6.7518245535501205],[-43.04251232189575,-6.747220572758874],[-43.050296632371364,-6.742616466737866],[-43.058080796194744,-6.738012235748345],[-43.06586481337421,-6.733407880047936],[-43.07364868301372,-6.728803399890662],[-43.08143240693386,-6.724198794637172],[-43.089215984238564,-6.719594064541487],[-43.09699941493618,-6.714989209861217],[-43.104782699031524,-6.710384231758032],[-43.11256583744778,-6.705779127780719],[-43.12034882927849,-6.701173900895671],[-43.12813167454242,-6.6965685486481386],[-43.13591437504966,-6.69196307311082],[-43.14369692900679,-6.687357472726101],[-43.151479337319685,-6.682751749563239],[-43.1592616000069,-6.678145901167391],[-43.16704371707004,-6.673539929604326],[-43.1748256894218,-6.668933835134962],[-43.182607516173,-6.664327616205154],[-43.19038919732866,-6.659721273976554],[-43.19817073289724,-6.6551148087067356],[-43.20595212469898,-6.650508219755592],[-43.213733370933745,-6.645901507374062],[-43.22151447160995,-6.64129467181963],[-43.22929542854457,-6.636687713356306],[-43.237076240841766,-6.632080632238301],[-43.24485690760895,-6.627473427815718],[-43.25263743065989,-6.6228661012566175],[-43.26041781000621,-6.618258651914247],[-43.26819804385107,-6.613651079135534],[-43.275978134912464,-6.609043384091569],[-43.283758080486166,-6.60443556703039],[-43.291537883296485,-6.599827627314619],[-43.299317541540354,-6.595219566099661],[-43.307097056136676,-6.590611381837616],[-43.314876427995046,-6.586003075693176],[-43.32265565531558,-6.58139464791764],[-43.33043473991822,-6.576786097870288],[-43.338213680907266,-6.572177425805461],[-43.34599247829125,-6.567568631980586],[-43.35377113297992,-6.562959717560264],[-43.36154964408654,-6.558350680086213],[-43.369328013419114,-6.553741522534432],[-43.37710623918668,-6.549132242443647],[-43.384884322296095,-6.5445228418826735],[-43.39266226275886,-6.5399133202046125],[-43.40044006058642,-6.535303676762581],[-43.408217715784446,-6.5306939127181876],[-43.41599522926854,-6.5260840274273555],[-43.42377260014312,-6.521474021144562],[-43.43154982841397,-6.516863895031445],[-43.43932691590359,-6.512253647542394],[-43.44710386080951,-6.5076432798333945],[-43.45488066314312,-6.503032791257505],[-43.46265732472126,-6.498422182077577],[-43.47043384464844,-6.493811452548123],[-43.47821022293053,-6.489200603830729],[-43.48598645958166,-6.48458963437414],[-43.49376255461042,-6.479978544435627],[-43.50153850892687,-6.475367335179456],[-43.509314322544995,-6.470756005054277],[-43.51708999456404,-6.466144556123323],[-43.524865524997956,-6.4615329868352624],[-43.53264091566095,-6.456921298356929],[-43.54041616565763,-6.4523094909429055],[-43.5481912740978,-6.447697563039259],[-43.555966242793104,-6.443085516717022],[-43.563741070853304,-6.438473350422206],[-43.57151575828453,-6.433861065316384],[-43.57929030600208,-6.4292486607549915],[-43.5870647131106,-6.424636136992699],[-43.594838980520365,-6.420023495193601],[-43.60261310824506,-6.4154107338062],[-43.61038709629092,-6.41079785399203],[-43.61816094376268,-6.406184856005838],[-43.625934652481995,-6.401571738301032],[-43.63370822064471,-6.396958502938645],[-43.64148165007003,-6.392345149276337],[-43.6492549407667,-6.387731677571258],[-43.657028090937885,-6.383118087171472],[-43.66480110330431,-6.378504378341245],[-43.672573976064406,-6.373890552237391],[-43.68034670923165,-6.369276607308339],[-43.688119304618134,-6.364662545624656],[-43.69589176042934,-6.360048365630093],[-43.703664078481964,-6.3554340675863825],[-43.71143625787858,-6.350819652652774],[-43.71920829772856,-6.346205119275364],[-43.726980200748095,-6.3415904695267855],[-43.734751965142564,-6.3369757018509265],[-43.742523590918594,-6.332360817409292],[-43.75029507899115,-6.327745815556831],[-43.75806642936907,-6.323130696550607],[-43.76583764115726,-6.31851546064557],[-43.77360871617244,-6.313900108103153],[-43.781379653521654,-6.309284638273848],[-43.789150452307766,-6.3046690523170605],[-43.79692111435165,-6.3000533486853],[-43.80469163965797,-6.29543752944442],[-43.81246202733384,-6.290821593944996],[-43.82023227739018,-6.2862055415397275],[-43.82800239073776,-6.281589373392112],[-43.83577236738749,-6.2769730888548185],[-43.843542207350254,-6.272356687280426],[-43.85131191063097,-6.2677401707348475],[-43.85908147724057,-6.263123538570719],[-43.866850907189956,-6.258506790140646],[-43.87462020048803,-6.253889925701657],[-43.88238935714373,-6.249272945510793],[-43.89015837897177,-6.2446558507333885],[-43.8979272632734,-6.2400386398118215],[-43.905696012769056,-6.2354213130087945],[-43.913464625658165,-6.230803871481996],[-43.92123310285538,-6.226186314585863],[-43.929001444369675,-6.221568642577415],[-43.936769650210024,-6.2169508557136535],[-43.944537720385426,-6.212332954251566],[-43.95230565581047,-6.207714937545475],[-43.960073454686565,-6.203096805848788],[-43.96784111973406,-6.198478559423828],[-43.97560864915263,-6.193860199428516],[-43.983376043860325,-6.189241723408132],[-43.99114330295718,-6.184623134331373],[-43.99891042736115,-6.180004429743463],[-44.00667741798159,-6.17538561171205],[-44.01444427302176,-6.170766679586204],[-44.02221099429984,-6.166147632721748],[-44.02997758091947,-6.161528472278445],[-44.03774403288973,-6.156909198513278],[-44.045510351126666,-6.152289809875785],[-44.05327653473238,-6.1476703084303175],[-44.06104258462286,-6.143050692626383],[-44.0688085008056,-6.138430963625433],[-44.07657428329124,-6.133811120779864],[-44.084339931183614,-6.129191165249551],[-44.09210544630079,-6.124571096390012],[-44.09987082774816,-6.1199509144565996],[-44.10763607553634,-6.115330618801702],[-44.11540119057661,-6.11071021058827],[-44.123166171975924,-6.106089689167172],[-44.13093102064703,-6.101469054796766],[-44.13869573659909,-6.09684830773396],[-44.14646031893756,-6.0922274482341665],[-44.15422476857526,-6.087606476555755],[-44.16198908552276,-6.0829853920510395],[-44.16975327069284,-6.078364194978301],[-44.17751732228738,-6.0737428855916225],[-44.1852812421228,-6.069121464150631],[-44.19304502930601,-6.064499930006309],[-44.20080868474846,-6.05987828432137],[-44.20857220846064,-6.055256526448128],[-44.21633559954683,-6.0506346575466585],[-44.224098858018884,-6.046012676064736],[-44.23186198569185,-6.041390583166354],[-44.23962498167261,-6.036768378202498],[-44.24738784596912,-6.032146062334553]]]},"properties":{"id_fluxo":23,"agrupamento":"Colinas","origem_aproximada":"Barão de Grajaú","destino_aproximado":"Colinas","comprimento_m":156973.4}},{"type":"Feature","geometry":{"type":"MultiLineString","coordinates":[[[-45.250484017716545,-5.497066535751481],[-45.24253022189977,-5.50132008403541],[-45.23457631337086,-5.505573526103669],[-45.22662229215222,-5.509826860803664],[-45.21866815736419,-5.514080088792445],[-45.21071390902983,-5.518333210726686],[-45.20275954807409,-5.5225862245488155],[-45.19480507271475,-5.5268391318207835],[-45.18685048478026,-5.531091932294045],[-45.17889578339028,-5.535344624816314],[-45.17094096766508,-5.539597210044542],[-45.16298603853032,-5.543849687730487],[-45.155030995106195,-5.548102058531082],[-45.14707583831816,-5.55235432129352],[-45.13912056728619,-5.556606475770048],[-45.131165182033556,-5.560858523521999],[-45.12320968258269,-5.565110462492111],[-45.11525406805393,-5.569362294241902],[-45.10729834027577,-5.57361401761841],[-45.099342497465415,-5.577865633278667],[-45.09138654054851,-5.582117140069904],[-45.08343046864531,-5.586368539553578],[-45.075474282681355,-5.590619829672341],[-45.06751798177688,-5.594871011987614],[-45.05956156505171,-5.599122085346891],[-45.05160503433474,-5.6033730504066375],[-45.043648387842985,-5.6076239069190965],[-45.03569162650231,-5.6118746546362015],[-45.02773475033563,-5.616125292405334],[-45.01977775846304,-5.620375822692538],[-45.01182065090738,-5.6246262434405105],[-45.00386342769163,-5.628876554401301],[-44.995906089741744,-5.633126757136193],[-44.98794863527471,-5.637376849587955],[-44.979991066119496,-5.641626833317897],[-44.972033380493066,-5.645876707173391],[-44.96407557841835,-5.650126471811046],[-44.95611766082139,-5.6543761269829655],[-44.948159627725175,-5.658625672441176],[-44.940201477346704,-5.66287510703288],[-44.93224321151485,-5.667124433224219],[-44.92428482844668,-5.671373648957714],[-44.91632632997137,-5.675622753985626],[-44.90836771430558,-5.6798717498689735],[-44.90040898237568,-5.684120634550656],[-44.89245013330136,-5.688369409591797],[-44.88449116800891,-5.692618073839933],[-44.87653208471503,-5.696866627951355],[-44.86857288524919,-5.701115070773799],[-44.860613568730955,-5.7053634038683825],[-44.85265413518362,-5.70961162608246],[-44.844694584630275,-5.713859737168062],[-44.83673491619066,-5.7181077377815654],[-44.82877513079126,-5.7223556267705815],[-44.82081522755179,-5.726603404791492],[-44.81285520649507,-5.730851072500933],[-44.80489506854799,-5.7350986278419125],[-44.79693481192676,-5.739346072375113],[-44.788974438460826,-5.743593405853138],[-44.781013946367345,-5.747840627122707],[-44.7730533365723,-5.7520877368407834],[-44.76509260909852,-5.756334735663997],[-44.75713176216313,-5.760581622438969],[-44.749170798498895,-5.764828396918814],[-44.741209715419025,-5.769075059758999],[-44.733248513849915,-5.773321610711892],[-44.725287194717964,-5.777568049529894],[-44.71732575623994,-5.7818143759641325],[-44.709364199341856,-5.786060590671667],[-44.701402523144125,-5.790306692499385],[-44.69344072857275,-5.794552682104343],[-44.68547881474774,-5.798798559238057],[-44.677516782595575,-5.803044323653002],[-44.66955463033248,-5.807289976004735],[-44.661592359788735,-5.811535515141663],[-44.653629969181104,-5.815780940814691],[-44.64566745943502,-5.820026254585546],[-44.63770483057488,-5.824271454396978],[-44.62974208171954,-5.828516541809623],[-44.62177921289288,-5.832761515670801],[-44.61381622502088,-5.837006376637681],[-44.60585311722353,-5.841251124461654],[-44.59788988952481,-5.845495757990027],[-44.58992654194674,-5.849740278784],[-44.58196307360996,-5.853984685690231],[-44.573999485441156,-5.858228978461361],[-44.56603577746299,-5.8624731577539375],[-44.55807194879549,-5.866717223319244],[-44.550107999461964,-5.870961174909183],[-44.5421439294858,-5.875205012275702],[-44.534179739793,-5.879448736076099],[-44.526215428600935,-5.883692345156217],[-44.51825099683563,-5.887935840173356],[-44.51028644452125,-5.892179219974832],[-44.50232177077624,-5.896422486121003],[-44.49435697652737,-5.9006656383645995],[-44.48639206089631,-5.904908674647545],[-44.47842702390399,-5.909151597435548],[-44.470461865575516,-5.913394404671354],[-44.4624965868369,-5.917637097012318],[-44.45453118590387,-5.921879675113261],[-44.44656566280165,-5.926122136916849],[-44.438600019357864,-5.930364484890611],[-44.43063425288749,-5.9346067169745345],[-44.422668365219955,-5.938848833826948],[-44.41470235547529,-5.943090835198857],[-44.40673622458048,-5.947332720843094],[-44.39876997075111,-5.951574491414252],[-44.390803594914125,-5.955816146665178],[-44.38283709709405,-5.960057685443197],[-44.3748704764089,-5.964299109308373],[-44.36690373378773,-5.968540416204446],[-44.35893686925203,-5.972781607692482],[-44.35096988101938,-5.977022682617713],[-44.3430027709182,-5.98126364254325],[-44.33503553716717,-5.985504485409732],[-44.327068181595806,-5.9897452118757455],[-44.31910070242067,-5.993985821691007],[-44.311133100567716,-5.998226315513069],[-44.30316537515699,-6.0024666930926385],[-44.29519752711677,-6.006706953278224],[-44.287229555564814,-6.010947097629616],[-44.27926146052705,-6.015187124089604],[-44.271293242928294,-6.019427034220326],[-44.263324900985054,-6.023666827771295],[-44.255356434722145,-6.027906503589726],[-44.24738784596912,-6.032146062334553]]]},"properties":{"id_fluxo":24,"agrupamento":"Colinas","origem_aproximada":"Barra do Corda","destino_aproximado":"Colinas","comprimento_m":125830.0}},{"type":"Feature","geometry":{"type":"MultiLineString","coordinates":[[[-42.82672722301062,-2.7483614706180926],[-42.83560578011346,-2.7495553491610387],[-42.84448435406498,-2.7507491616085384],[-42.853362946459,-2.75194290787737],[-42.86224155619376,-2.753136586975414],[-42.87112018396077,-2.754330200626005],[-42.87999882955894,-2.7555237469345495],[-42.88887749188328,-2.7567172267170736],[-42.89775617252604,-2.7579106407944822],[-42.906634871286116,-2.7591039872721397],[-42.91551358705692,-2.7602972678702544],[-42.92439232053641,-2.761490480695801],[-42.93327107241468,-2.762683628376264],[-42.942149841593036,-2.763876708111345],[-42.95102862876316,-2.7650697216244526],[-42.95990743282163,-2.7662626688276326],[-42.968786255363995,-2.7674555487335053],[-42.9776650952868,-2.768648361254128],[-42.986543953283366,-2.7698411072088107],[-42.995422829149426,-2.7710337865111656],[-43.004301722680694,-2.7722263990748517],[-43.01318063367289,-2.7734189448134994],[-43.02205956282091,-2.77461142364231],[-43.030938509921974,-2.7758038345707092],[-43.039817473869626,-2.7769961793192417],[-43.048696456259464,-2.7781884569003887],[-43.05757545688722,-2.779380667227789],[-43.06645447464943,-2.78057281021364],[-43.07533351023955,-2.7817648866772977],[-43.084212564354004,-2.7829568956297086],[-43.09309163588931,-2.7841488369830936],[-43.101970724639735,-2.7853407115553583],[-43.11084983219949,-2.786532519263118],[-43.11972895746654,-2.787724259114401],[-43.12860810023662,-2.7889159310228906],[-43.13748726120185,-2.7901075367122012],[-43.14636643926156,-2.7912990742861696],[-43.155245636007216,-2.7924905454698337],[-43.16412485033812,-2.7936819483670083],[-43.173004082947884,-2.7948732837971026],[-43.18188333363226,-2.7960645516738123],[-43.19076260128633,-2.79725575281375],[-43.19964188750721,-2.798446885324951],[-43.20852119118858,-2.7996379509282647],[-43.21740051392619,-2.800828948635983],[-43.22627985371584,-2.8020198792633395],[-43.23515921125396,-2.803210741821227],[-43.2440385872356,-2.804401536224772],[-43.25291798055588,-2.805592263290665],[-43.261797392809214,-2.8067829229353936],[-43.27067682199406,-2.807973514165756],[-43.279556269702184,-2.809164038706812],[-43.28843573573202,-2.81035449466374],[-43.29731521898,-2.811544881949018],[-43.30619472103797,-2.8127352022877155],[-43.315074239904284,-2.813925454686678],[-43.32395377807283,-2.815115639063657],[-43.33283333354064,-2.8163057553298554],[-43.34171290700289,-2.8174958034003965],[-43.35059249915343,-2.818685784094714],[-43.35947210888997,-2.8198756964210094],[-43.36835173690764,-2.8210655402944274],[-43.37723138210162,-2.8222553165318605],[-43.38611104606771,-2.8234450241453435],[-43.394990728600455,-2.8246346639530384],[-43.40387042859751,-2.8258242349632314],[-43.41275014675158,-2.8270137388997054],[-43.42162988286093,-2.828203173867647],[-43.43050963672134,-2.8293925397808843],[-43.439389409025594,-2.8305818383632784],[-43.44826919957071,-2.8317710686243047],[-43.457149008153685,-2.8329602295734992],[-43.46602883546737,-2.834149322934663],[-43.47490868040932,-2.835338347716146],[-43.48378854277531,-2.836527303831815],[-43.49266842416005,-2.837716191197976],[-43.50154832345874,-2.8389050106317018],[-43.510428241367784,-2.8400937611437143],[-43.51930817678238,-2.8412824435511226],[-43.52818813039896,-2.8424710568646434],[-43.537068102012164,-2.84365960190259],[-43.545948092318426,-2.8448480776756218],[-43.554828100212944,-2.8460364850009197],[-43.5637081272905,-2.8472248237947237],[-43.572588171549036,-2.8484130930642744],[-43.58146823458112,-2.8496012945346143],[-43.5903483152842,-2.8507894272141523],[-43.599228415254174,-2.851977490114638],[-43.608108532485666,-2.8531654849566546],[-43.61698866857459,-2.8543534107519433],[-43.62586882241726,-2.8555412674133924],[-43.634748994709,-2.8567290548560402],[-43.64362918524456,-2.8579167738982925],[-43.652509393820836,-2.8591044235497134],[-43.66138962023361,-2.8602920037242745],[-43.67026986607674,-2.8614795152425274],[-43.679150129346965,-2.862666958016379],[-43.6880304107407,-2.8638543310563844],[-43.69691071095226,-2.8650416351820756],[-43.7057910297775,-2.8662288703074372],[-43.71467136611266,-2.8674160363454417],[-43.72355172155372,-2.8686031323077117],[-43.7324320949949,-2.869790159916157],[-43.74131248623402,-2.870977117275862],[-43.75019289596451,-2.872164006110844],[-43.75907332488275,-2.8733508254316136],[-43.76795377098541,-2.8745375751502356],[-43.77683423676706,-2.875724255183685],[-43.785714719323785,-2.876910866347605],[-43.79459522115117,-2.8780974076544195],[-43.80347574114448,-2.8792838799217493],[-43.81235628000008,-2.880470282160079],[-43.821236836613274,-2.8816566151870515],[-43.83011741168041,-2.88284287801313],[-43.838998005896016,-2.884029071457855],[-43.84787861725667,-2.885215195433441],[-43.85675924825706,-2.8864012498567426],[-43.86563989689469,-2.8875872337354505],[-43.8745205638632,-2.8887731487936565],[-43.88340124985895,-2.8899589940418005],[-43.892281953778124,-2.8911447693931027],[-43.90116267631621,-2.8923304747625167],[-43.910043417269016,-2.893516110064177],[-43.91892417733202,-2.8947016752130543],[-43.92780495540053,-2.895887171026904],[-43.93668575127124,-2.897072596515344],[-43.945566566538446,-2.898257952498726],[-43.954447399198656,-2.8994432388895106],[-43.96332825174836,-2.9006284537952065],[-43.97220912128187,-2.9018135998411223],[-43.9810900102957,-2.902998675134776],[-43.98997091768519,-2.904183680494007],[-43.99885184324614,-2.9053686158330185],[-44.00773278767409,-2.906553481066715],[-44.01661375076485,-2.907738276109278],[-44.02549473231425,-2.9089230008748617],[-44.034375732118136,-2.910107655277603],[-44.043256750872,-2.9112922392324716],[-44.05213778747121,-2.912476753557453],[-44.06101884351253,-2.913661196359067],[-44.069899917890545,-2.91484556935989],[-44.07878101040111,-2.916029872474132],[-44.0876621217405,-2.917214104712121],[-44.096543251703785,-2.9183982668926345],[-44.10542440008753,-2.9195823580252918],[-44.11430556668683,-2.9207663789288723],[-44.12318675219795,-2.921950328613716],[-44.13206795731504,-2.9231342088039045],[-44.140949180035825,-2.9243180176030594],[-44.149830421055206,-2.92550175583069],[-44.1587116810687,-2.926685423401703],[-44.16759295987216,-2.9278690202303297],[-44.17647425726073,-2.9290525471354085],[-44.185355573931304,-2.93023600222259],[-44.19423690877863,-2.931419387214669],[-44.203118261599194,-2.932602701121303],[-44.21199963398829,-2.9337859438580045],[-44.22088102484137,-2.9349691162430087],[-44.229762433954235,-2.936152218190558],[-44.23864386202372,-2.9373352478063017],[-44.24752530884378,-2.9385182077183525]]]},"properties":{"id_fluxo":25,"agrupamento":"Titara","origem_aproximada":"Barreirinhas","destino_aproximado":"Rosário","comprimento_m":159354.8}},{"type":"Feature","geometry":{"type":"MultiLineString","coordinates":[[[-45.252559798895724,-3.7411569481299014],[-45.26021284324359,-3.7365470240660748],[-45.267865807418815,-3.7319370327737365],[-45.275518692332476,-3.7273269735969174],[-45.2831714970951,-3.722716847689514],[-45.29082422171721,-3.718106654395883],[-45.298476868010695,-3.713496393964343],[-45.30612943418529,-3.7088860666445003],[-45.313781921152334,-3.704275672685017],[-45.321434328922344,-3.699665211430151],[-45.32908665750613,-3.695054683128902],[-45.33673890691485,-3.6904440889349015],[-45.34439107805953,-3.6858334281921117],[-45.35204317005011,-3.681222700245145],[-45.35969518379865,-3.676611907151963],[-45.367347118414415,-3.672001046447868],[-45.37499897390899,-3.6673901201911834],[-45.38265075209381,-3.662779127725459]]]},"properties":{"id_fluxo":26,"agrupamento":"Santa Inês","origem_aproximada":"Bela Vista do Maranhão","destino_aproximado":"Santa Inês","comprimento_m":16844.8}},{"type":"Feature","geometry":{"type":"MultiLineString","coordinates":[[[-43.50837577319981,-3.160393832687468],[-43.51697229604981,-3.157816854592113],[-43.52556877640759,-3.155239804664627],[-43.534165215029674,-3.152662683082051],[-43.54276161087312,-3.150085490018805],[-43.551357964694496,-3.147508225651925],[-43.559954275450856,-3.144930890155858],[-43.5685505447985,-3.142353483708872],[-43.57714677169576,-3.1397760055809942],[-43.585742956899196,-3.1371984559491977],[-43.594339099364674,-3.1346208358924286],[-43.60293520074976,-3.1320431446843853],[-43.61153125911182,-3.129465382498391],[-43.620127275207444,-3.1268875495113893],[-43.62872325069299,-3.124309645901476],[-43.637319182727275,-3.1217316709363825],[-43.64591507386523,-3.119153625699808],[-43.65451092306518,-3.116575509461833],[-43.66310673018398,-3.113997322398212],[-43.67170249507741,-3.1114190655890996],[-43.68029821850437,-3.1088407374024625],[-43.68889390032065,-3.1062623389184703],[-43.697489540383174,-3.1036838703128438],[-43.70608513854885,-3.1011053317612918],[-43.71468069557548,-3.0985267225362003],[-43.72327621131891,-3.095948043717718],[-43.73187168473847,-3.093369293671518],[-43.740467116588725,-3.0907904743834043],[-43.74906250762745,-3.0882115851256478],[-43.75765785591314,-3.085632625167364],[-43.76625316399995,-3.0830535964964287],[-43.774848429948456,-3.080474496572952],[-43.783443655412036,-3.077895328288235],[-43.792038838451255,-3.075316089102431],[-43.80063398072057,-3.0727367810022974],[-43.809229082079,-3.0701574023545444],[-43.81782414148178,-3.067577955142892],[-43.82641916058743,-3.0649984377360213],[-43.83501413745148,-3.0624188521166986],[-43.843609073733404,-3.0598391957490723],[-43.85220396928828,-3.057259470617855],[-43.860798823074354,-3.0546796759932735],[-43.86939363674722,-3.0520998129574997],[-43.8779884083663,-3.049519879875288],[-43.88658313958721,-3.046939877828753],[-43.89517783026704,-3.0443598069936106],[-43.903772479363056,-3.0417796675446476],[-43.91236708763304,-3.0391994587539317],[-43.92096165493313,-3.0366191817017643],[-43.92955618202199,-3.0340388347556364],[-43.9381506687549,-3.031458419900329],[-43.946745114090085,-3.028877936406137],[-43.955339518784406,-3.026297384449644],[-43.96393388269585,-3.0237167633020037],[-43.972528205680625,-3.0211360740435023],[-43.98112248849649,-3.018555315946144],[-43.989716730999724,-3.015974490090175],[-43.998310932148506,-3.0133935957459044],[-44.00690509359953,-3.010812633090728],[-44.01549921431014,-3.0082316022995017],[-44.02409329503727,-3.0056505035487513],[-44.03268733473909,-3.0030693361088203],[-44.04128133507148,-3.0004881010615576],[-44.0498752940921,-2.997906798581131],[-44.05846921345918,-2.9953254270356218],[-44.06706309212859,-2.992743988409145],[-44.07565692995828,-2.9901624819728294],[-44.084250728604964,-2.9875809079039213],[-44.0928444870268,-2.9849992654727533],[-44.10143820508025,-2.982417555759608],[-44.11003188352228,-2.9798357789409873],[-44.11862552131106,-2.977253934287221],[-44.127219119202834,-2.9746720228793815],[-44.13581267705627,-2.9720900430839436],[-44.14440619562693,-2.969507996886571],[-44.15299967387367,-2.966925882653012],[-44.161593111653005,-2.964343701463604],[-44.170186510621754,-2.9617614534954324],[-44.17877986883828,-2.9591791380182486],[-44.187373187959345,-2.956596755209095],[-44.19596646694179,-2.954014306147624],[-44.2045597065433,-2.951431790105593],[-44.21315290572137,-2.9488492072580663],[-44.22174606613344,-2.946266556877417],[-44.230339186735755,-2.9436838409479558],[-44.23893226738686,-2.9411010578361583],[-44.24752530884378,-2.9385182077183525]]]},"properties":{"id_fluxo":27,"agrupamento":"Titara","origem_aproximada":"Belágua","destino_aproximado":"Rosário","comprimento_m":85733.5}},{"type":"Feature","geometry":{"type":"MultiLineString","coordinates":[[[-44.554543510482375,-7.220158495194821],[-44.55227948481342,-7.211424037123386],[-44.55001554533414,-7.202689564441653],[-44.547751692791955,-7.193955077195755],[-44.54548792702851,-7.185220575430911],[-44.543224247885504,-7.176486059192412],[-44.5409606542989,-7.1677515285245645],[-44.53869714792182,-7.159016983474413],[-44.53643372678466,-7.1502824240853835],[-44.534170391634824,-7.141547850403644],[-44.531907143220614,-7.132813261570736],[-44.52964398047633,-7.124078659440126],[-44.52738090234008,-7.115344042246986],[-44.525117910463884,-7.106609410942953],[-44.5228550046905,-7.097874764668698],[-44.52059218304881,-7.089140105276669],[-44.51832944719458,-7.080405430100295],[-44.516066796966854,-7.071670741898477],[-44.513804230398414,-7.062936038905409],[-44.51154175004669,-7.054201322073689],[-44.509279353943604,-7.045466590542094],[-44.507017042835606,-7.036731845261322],[-44.50475481566019,-7.027997085371078],[-44.50249267407016,-7.01926231091846],[-44.50023061609573,-7.010527522851313],[-44.49796864248431,-7.001792721215809],[-44.49570675217356,-6.993057905151595],[-44.4934449468162,-6.9843230747058165],[-44.491183225348934,-6.975588229922664],[-44.488921587612865,-6.966853371751938],[-44.486660033452054,-6.958118498429647],[-44.48439856361191,-6.94938361181113],[-44.482137176124034,-6.9406487119395495],[-44.479875872643035,-6.931913797052964],[-44.477614652104855,-6.92317886810011],[-44.47535351525586,-6.914443926031728],[-44.47309246103405,-6.90570896998742],[-44.47083149018778,-6.896973999108791],[-44.46857060165214,-6.888239015249147],[-44.46630979617649,-6.879504016645517],[-44.46404907360106,-6.870769005152185],[-44.46178843286503,-6.862033979004196],[-44.45952787471479,-6.853298939152264],[-44.457267398992606,-6.844563885641545],[-44.4550070055408,-6.83582881851721],[-44.452746694201664,-6.827093737824394],[-44.4504864648186,-6.818358642703703],[-44.44822631723189,-6.809623535009386],[-44.445966251287025,-6.800888412072905],[-44.44370626682329,-6.792153276653084],[-44.441446363685166,-6.783418126985953],[-44.43918654261898,-6.7746829640222375],[-44.43692680256324,-6.765947786901471],[-44.434667144264296,-6.757212596574409],[-44.432407566660736,-6.74847739218056],[-44.43014806959405,-6.739742174669622],[-44.427888653812616,-6.731006943183182],[-44.42562931825307,-6.722271698669899],[-44.423370064568616,-6.713536440272458],[-44.421110890792185,-6.704801168033821],[-44.4188517967653,-6.696065882903695],[-44.41659278414114,-6.687330584024752],[-44.41433385095277,-6.678595271439981],[-44.41207499794649,-6.669859946100108],[-44.409816225871765,-6.661124606242201],[-44.40755753275966,-6.652389253718324],[-44.40529892026329,-6.6436538876712055],[-44.4030403864149,-6.634918509048314],[-44.40078193286865,-6.626183116087802],[-44.39852355856152,-6.617447709738241],[-44.396265263335124,-6.608712290949297],[-44.394007047938985,-6.599976857958025],[-44.391748911310145,-6.591241411712976],[-44.38949085419594,-6.5825059522603535],[-44.387232875533485,-6.5737704805486805],[-44.3849749760723,-6.565034994815032],[-44.382717154749585,-6.5562994960079335],[-44.38045941231377,-6.547563983269033],[-44.378201748605434,-6.538828458452507],[-44.375944162565226,-6.530092919793197],[-44.37368665584378,-6.52135736824297],[-44.371429226475065,-6.512621803844672],[-44.36917187520757,-6.503886225739913],[-44.36691460188307,-6.495150634878318],[-44.364657407249965,-6.4864150304015205],[-44.36240028934021,-6.477679414161453],[-44.36014324980886,-6.468943783491731],[-44.35788628759226,-6.460208140245425],[-44.3556294025334,-6.451472484467572],[-44.353372594476426,-6.4427368152986775],[-44.35111586416751,-6.434001133689459],[-44.34885921054652,-6.425265438779294],[-44.346602634360764,-6.41652973061436],[-44.344346135452135,-6.4077940101442765],[-44.342089712760604,-6.3990582765083355],[-44.3398333661293,-6.3903225297516055],[-44.33757709630436,-6.381586770824818],[-44.33532090403538,-6.372850997965063],[-44.33306478645065,-6.364115213022987],[-44.33080874610697,-6.355379415142576],[-44.32855278194215,-6.346643605272214],[-44.326296893801704,-6.337907781647847],[-44.32404108062355,-6.32917194521786],[-44.32178534405792,-6.320436096934177],[-44.31952968304627,-6.311700235031548],[-44.31727409743066,-6.302964360459504],[-44.315018587957184,-6.294228474168836],[-44.31276315356743,-6.285492574394241],[-44.31050779410349,-6.276756662085282],[-44.30825250940867,-6.268020737286976],[-44.30599730023025,-6.259284800045489],[-44.30374216641271,-6.250548849501301],[-44.30148710689305,-6.241812887507292],[-44.29923212151702,-6.23307691229938],[-44.2969772119346,-6.224340924829498],[-44.29472237618256,-6.2156049242356834],[-44.29246761500696,-6.206868911468701],[-44.29021292825121,-6.198132886573502],[-44.28795831485607,-6.189396848689344],[-44.28570377647145,-6.1806607987681685],[-44.28344931203693,-6.171924736853749],[-44.28119492049462,-6.163188661180735],[-44.278940603491925,-6.154452574510201],[-44.276686359970974,-6.145716475076798],[-44.27443218977526,-6.1369803629255095],[-44.272178093652066,-6.1282442381025],[-44.26992407053992,-6.119508101556099],[-44.267670120282375,-6.1107719533312554],[-44.26541624272548,-6.10203579166382],[-44.26316243951768,-6.093299618410327],[-44.26090870779276,-6.084563432707484],[-44.25865505010531,-6.075827234603952],[-44.25640146449164,-6.067091024142214],[-44.25414795079414,-6.058354802271783],[-44.25189451066492,-6.0496185681355135],[-44.249641142141655,-6.040882320871344],[-44.24738784596912,-6.032146062334553]]]},"properties":{"id_fluxo":28,"agrupamento":"Colinas","origem_aproximada":"Benedito Leite","destino_aproximado":"Colinas","comprimento_m":135653.8}},{"type":"Feature","geometry":{"type":"MultiLineString","coordinates":[[[-44.79086973355495,-2.4495076579155937],[-44.799377215028926,-2.451723032396339],[-44.80788472503297,-2.453938352051683],[-44.81639226251631,-2.4561536176386327],[-44.82489982822739,-2.458368828105077],[-44.833407422914405,-2.4605839842082857],[-44.84191504462723,-2.4627990858004827],[-44.85042269411416,-2.4650141327342476],[-44.858930373022936,-2.467229125766947],[-44.86743807850407,-2.4694440629413115],[-44.87594581310471,-2.471658945919522],[-44.88445357577424,-2.473873773649239],[-44.892961367260995,-2.476088545983005],[-44.90146918651412,-2.478303264582631],[-44.90997703338263,-2.480517926586448],[-44.91848490951418,-2.4827325345612192],[-44.92699281385811,-2.484947087454606],[-44.93550074626321,-2.4871615851191216],[-44.94400870657828,-2.4893760274072143],[-44.952516695551644,-2.4915904141714247],[-44.96102471393158,-2.4938047461689665],[-44.969532759767844,-2.4960190223475522],[-44.978040833808734,-2.498233243464427],[-44.98654893680255,-2.5004474093720637],[-44.99505706859809,-2.5026615190182437],[-45.00356522904412,-2.5048755731601653],[-45.01207341798942,-2.507089572555032],[-45.020581635282745,-2.5093035152459144],[-45.02908988077287,-2.5115174028947362],[-45.037598155208094,-2.5137312344492675],[-45.04610645843719,-2.515945010666712],[-45.0546147903089,-2.5181587304948563],[-45.06312315157153,-2.52037239469089],[-45.07163154027477,-2.5225860031073686],[-45.08013995896594,-2.52479955469198],[-45.08864840569479,-2.527013051106719]]]},"properties":{"id_fluxo":29,"agrupamento":"Pinheiro","origem_aproximada":"Bequimão","destino_aproximado":"Pinheiro","comprimento_m":34194.8}},{"type":"Feature","geometry":{"type":"MultiLineString","coordinates":[[[-44.76129643372905,-4.62939108867287],[-44.766156842460006,-4.6218414974218875],[-44.77101714778298,-4.614291870526082],[-44.7758773508183,-4.60674220996166],[-44.78073745088455,-4.599192513180902],[-44.78559744910202,-4.591642782159944],[-44.79045734478845,-4.584093017065117],[-44.7953171381634,-4.576543217158276],[-44.8001768303479,-4.568993381701562],[-44.80503642065918,-4.561443512670603],[-44.80989590931696,-4.553893608422594],[-44.814755296540234,-4.546343670028751],[-44.81961458344971,-4.538793697655812],[-44.824473768461864,-4.531243690565183],[-44.82933285269714,-4.523693649828297],[-44.83419183727641,-4.51614357470719],[-44.839050720616115,-4.508593464463298],[-44.84390950383647,-4.501043321072664],[-44.848768186255406,-4.493493143796925],[-44.85362676899367,-4.485942931898126],[-44.858485252270206,-4.478392686447407],[-44.863343636304116,-4.470842407611251],[-44.868201920413306,-4.463292094651317],[-44.87306010481685,-4.455741747734084],[-44.87791819063523,-4.448191367026185],[-44.88277617808735,-4.440640953598754],[-44.88763406558985,-4.4330905058086465],[-44.892491855164344,-4.425540024727272],[-44.89734954612867,-4.417989509616275],[-44.90220713870161,-4.410438962451481],[-44.90706463400386,-4.40288838068542],[-44.91192203045155,-4.395337766293643],[-44.916779329165145,-4.387787118538087],[-44.921636531264895,-4.3802364375852365],[-44.92649363516719,-4.372685723601348],[-44.9313506419923,-4.365134976752967],[-44.93620755105793,-4.357584197206426],[-44.94106436438561,-4.350033384223628],[-44.945921080391756,-4.342482537970835],[-44.950777700196475,-4.334931659519215],[-44.95563422311746,-4.327380749035118],[-44.96049065027495,-4.319829804875668],[-44.965346980986574,-4.312278828111862],[-44.9702032154712,-4.3047278189101394],[-44.97505935484893,-4.2971767774369],[-44.97991539843745,-4.289625702953853],[-44.98477134735677,-4.282074596532069],[-44.98962720002338,-4.274523458337877],[-44.99448295845849,-4.266972286728363],[-44.999338621979724,-4.259421083679229],[-45.00419418990477,-4.251869848452169],[-45.009049664254704,-4.2443185803088666],[-45.0139050443472,-4.236767281225026],[-45.01876032949988,-4.229215949557703],[-45.023615520832635,-4.221664585473213],[-45.02847061856427,-4.214113190042571],[-45.03332562291351,-4.206561763432156],[-45.03818053319795,-4.199010303998966],[-45.04303535053749,-4.191458813718645],[-45.04789007515075,-4.183907290948177],[-45.05274470545434,-4.176355736758705],[-45.05759924437017,-4.168804151316342],[-45.06245368941378,-4.161252534787619],[-45.067308042605866,-4.153700886434025],[-45.07216230326406,-4.146149206421978],[-45.07701647250812,-4.138597495822369],[-45.08187054875461,-4.131045753896979],[-45.086724534024064,-4.123493979907268],[-45.091578426733335,-4.11594217582909],[-45.09643222890282,-4.108390340019176],[-45.10128593894928,-4.100838473548692],[-45.10613955889314,-4.093286575679054],[-45.11099308715119,-4.085734647481423],[-45.11584652484285,-4.0781826882172965],[-45.120699872186684,-4.070630698052926],[-45.12555312850034,-4.06307867715474],[-45.13040629490329,-4.05552662568887],[-45.13525937071318,-4.047974543821718],[-45.1401123570493,-4.040422430814719],[-45.14496525413031,-4.0328702877387865],[-45.14981806037297,-4.025318114760492],[-45.154670777797236,-4.017765910236435],[-45.159523406621915,-4.010213676142178],[-45.164375945263615,-4.002661411739648],[-45.169228395742515,-3.9951091171947075],[-45.17408075737626,-3.987556792673788],[-45.1789330303831,-3.9800044374384203],[-45.18378521498169,-3.9724520525595444],[-45.18863731139049,-3.9648996382033315],[-45.193489318926694,-3.957347192726896],[-45.19834123961077,-3.949794718105361],[-45.20319307185931,-3.942242213600681],[-45.20804481679153,-3.9346896793788626],[-45.21289647462581,-3.927137115606104],[-45.217748044679794,-3.919584522448817],[-45.22259952807237,-3.9120318991682845],[-45.227450925022154,-3.904479246835388],[-45.23230223484651,-3.896926564711876],[-45.237153457763796,-3.889373852963921],[-45.24200459489333,-3.8818211126621303],[-45.24685564555222,-3.8742683421635897],[-45.251706609959335,-3.8667155434438345],[-45.25655748833243,-3.859162714859642],[-45.261408281790814,-3.851609857481634],[-45.26625898965178,-3.844056970571509],[-45.27110961123324,-3.8365040552004275],[-45.275960148554546,-3.8289511106292906],[-45.28081060003264,-3.8213981370247936],[-45.28566096768708,-3.813845134552528],[-45.29051124993513,-3.8062921042839077],[-45.29536144789509,-3.7987390445753992],[-45.300211561785176,-3.7911859555931353],[-45.30506159092363,-3.783632839312931],[-45.309911536428665,-3.776079694091228],[-45.314761397617886,-3.7685265200944715],[-45.319611175610085,-3.760973317488458],[-45.32446086972287,-3.753420086439649],[-45.329310481075346,-3.745866828018481],[-45.334160008984426,-3.7383135405820465],[-45.33900945366866,-3.7307602252011307],[-45.34385881624673,-3.7232068820415045],[-45.3487080960359,-3.7156535103649206],[-45.35355729235378,-3.7081001103378317],[-45.35840640721993,-3.70054668303031],[-45.363255439951594,-3.6929932277040876],[-45.368104390766874,-3.6854397445252807],[-45.37295325898302,-3.67788623275566],[-45.377802046619884,-3.67033269436989],[-45.38265075209381,-3.662779127725459]]]},"properties":{"id_fluxo":30,"agrupamento":"Santa Inês","origem_aproximada":"Bernardo do Mearim","destino_aproximado":"Santa Inês","comprimento_m":127167.9}},{"type":"Feature","geometry":{"type":"MultiLineString","coordinates":[[[-46.307536032072775,-1.7995761475935046],[-46.29982500318295,-1.8041831241200783],[-46.292113936300105,-1.808790067771921],[-46.284402829617896,-1.8133969773929726],[-46.27669168402851,-1.8180038545387236],[-46.268980499523394,-1.822610698051845],[-46.26126927609457,-1.8272175076794956],[-46.25355801283584,-1.8318242840739893],[-46.24584671063817,-1.8364310269818427],[-46.23813536859469,-1.841037736150857],[-46.230423986697474,-1.845644411328214],[-46.22271256583813,-1.8502510531649363],[-46.215001105109195,-1.8548576605043479],[-46.20728960450333,-1.8594642339981355],[-46.19957806311368,-1.864070773394061],[-46.191866482730205,-1.8686772784381203],[-46.18415486154769,-1.8732837497831987],[-46.176443199557596,-1.8778901862719855],[-46.168731498549946,-1.8824965876504263],[-46.16101975582112,-1.887102955476609],[-46.15330797316055,-1.8917092885919637],[-46.14559614966134,-1.8963155867443018],[-46.13788428531558,-1.9009218496807934],[-46.130172380115965,-1.9055280780531887],[-46.12246043405459,-1.9101342716086684],[-46.114748447123546,-1.9147404300944486],[-46.10703641841593,-1.919346553258298],[-46.09932434882285,-1.923952640846845],[-46.091612237437985,-1.92855869351241],[-46.08390008515245,-1.9331647110016348],[-46.076187891059334,-1.9377706930623062],[-46.06847565515075,-1.9423766394416122],[-46.0607633774188,-1.9469825498867765],[-46.053051057855626,-1.9515884241450066],[-46.04533869645445,-1.9561942637726297],[-46.03762629320628,-1.9608000667077463],[-46.02991384810379,-1.9654058336021392],[-46.02220136024006,-1.9700115642035818],[-46.01448882960778,-1.9746172591638458],[-46.006776257098124,-1.9792229182296168],[-45.99906364180361,-1.9838285402440905],[-45.991350983716906,-1.9884341258590472],[-45.983638282830704,-1.9930396757263271],[-45.975925539136604,-1.99764518868854],[-45.96821275262675,-2.0022506644929443],[-45.960499923293796,-2.006856103791322],[-45.952787051129924,-2.011461506330924],[-45.94507413432907,-2.0160668718600188],[-45.93736117558067,-2.0206722001242876],[-45.92964817218011,-2.0252774917771177],[-45.921935125917734,-2.0298827465647014],[-45.914222035886084,-2.034487963330177],[-45.90650890207783,-2.0390931427254126],[-45.89879572448565,-2.043698285402237],[-45.8910825031012,-2.0483033902032672],[-45.88336923791665,-2.052908456875778],[-45.87565592802551,-2.0575134860721014],[-45.867942574319606,-2.062118478443596],[-45.86022917589098,-2.066723431928776],[-45.85251573273228,-2.0713283471794917],[-45.84480224573583,-2.07593322575174],[-45.83708871399369,-2.080538065584038],[-45.82937513659885,-2.0851428664240723],[-45.82166151534279,-2.0897476298274142],[-45.81394784931808,-2.094352354637156],[-45.80623413761819,-2.098957041505643],[-45.798520381134004,-2.1035616892750317],[-45.790806578959014,-2.1081662985976832],[-45.783092731984155,-2.1127708683157427],[-45.77537883930378,-2.1173754008908205],[-45.76766490090874,-2.121979893356288],[-45.759950916792135,-2.126584347268635],[-45.75223688694617,-2.131188762375171],[-45.744522812261835,-2.135793137518026],[-45.73680869093377,-2.140397474254655],[-45.72909452295377,-2.145001771427653],[-45.721380310112906,-2.1496060296880795],[-45.71366605060454,-2.154210247879399],[-45.7059517444213,-2.158814426653512],[-45.69823739155541,-2.1634185657576985],[-45.69052299289834,-2.1680226649388037],[-45.68280854754348,-2.1726267248491467],[-45.67509405458341,-2.1772307443317462],[-45.66737951580926,-2.1818347240377234],[-45.65966492941476,-2.1864386637151534],[-45.6519502962914,-2.1910425631108876],[-45.64423561643183,-2.195646422876854],[-45.636520888928615,-2.200250241856072],[-45.62880611467328,-2.2048540197954223],[-45.62109129186028,-2.2094577582522623],[-45.61337642227968,-2.2140614551637565],[-45.605661505025175,-2.218665112086885],[-45.59794654008903,-2.223268728768953],[-45.59023152746313,-2.227872304052537],[-45.58251646713975,-2.2324758376849063],[-45.57480135821256,-2.2370793312230637],[-45.56708620157275,-2.241682783509223],[-45.55937099631365,-2.246286195195699],[-45.55165574332614,-2.2508895642200746],[-45.543940441704216,-2.2554928930439693],[-45.53622509143979,-2.2600961805100224],[-45.528509692524814,-2.2646994254607926],[-45.520794244952235,-2.269302629452928],[-45.51307874871431,-2.273905792233707],[-45.50536320290367,-2.2785089126460463],[-45.49764760931162,-2.283111991341251],[-45.489931966131735,-2.2877150280672662],[-45.48221627335632,-2.292318022571329],[-45.47450053187731,-2.2969209755051287],[-45.466784740787354,-2.3015238857115325],[-45.45906890007905,-2.306126753842531],[-45.451353009744686,-2.3107295796453684],[-45.44363706977685,-2.315332363772029],[-45.43592108016729,-2.319935104160433],[-45.42820504000948,-2.3245378023674785],[-45.420488950195114,-2.329140458140199],[-45.412772810716504,-2.3337430712258467],[-45.40505662066633,-2.3383456404673093],[-45.397340380936804,-2.342948167420971],[-45.38962409062085,-2.347550651834373],[-45.38190774881114,-2.3521530925503473],[-45.37419135729905,-2.3567554902203653],[-45.366474915177506,-2.361357844591975],[-45.35875842243884,-2.3659601554124223],[-45.35104187817597,-2.3705624224292547],[-45.34332528328087,-2.375164646294195],[-45.335608636846445,-2.3797668267547496],[-45.32789193976447,-2.3843689635579923],[-45.320175192027286,-2.3889710564511932],[-45.31245839182838,-2.393573105182053],[-45.30474154095916,-2.398175110402132],[-45.2970246376129,-2.40277707095443],[-45.28930768358104,-2.4073789874905116],[-45.28159067705705,-2.4119808597580628],[-45.273873618932896,-2.416582688408854],[-45.266156508301314,-2.4211844722856415],[-45.25843934605412,-2.425786211135538],[-45.25072213218403,-2.4303879065152207],[-45.243004865783604,-2.4349895563627286],[-45.23528754684538,-2.4395911613300556],[-45.22757017536188,-2.4441927220691815],[-45.219852751325334,-2.4487942374226583],[-45.212135274728254,-2.453395708042484],[-45.20441774466352,-2.4579971336760593],[-45.196700162922525,-2.4625985140703794],[-45.18898252769878,-2.467199849877737],[-45.18126483898442,-2.4718011390359313],[-45.17354709767169,-2.4764023840062843],[-45.165829302853254,-2.481003582726743],[-45.15811145542113,-2.485604735849192],[-45.150393553568804,-2.490205844025815],[-45.142675598188056,-2.4948069060990776],[-45.134957590170835,-2.499407921816157],[-45.12723952771059,-2.5040088918292107],[-45.119521410799734,-2.5086098158855132],[-45.111803241229794,-2.513210694636878],[-45.104085016294434,-2.5178115260213945],[-45.09636673868483,-2.52241231159551],[-45.08864840569479,-2.527013051106719]]]},"properties":{"id_fluxo":31,"agrupamento":"Pinheiro","origem_aproximada":"Boa Vista do Gurupi","destino_aproximado":"Pinheiro","comprimento_m":157604.7}},{"type":"Feature","geometry":{"type":"MultiLineString","coordinates":[[[-45.60754131497806,-3.5448540396590364],[-45.59978742731476,-3.548921350571872],[-45.59203347190537,-3.5529885956467107],[-45.58427944787587,-3.5570557746587412],[-45.57652535705386,-3.5611228882860817],[-45.56877119676459,-3.5651899363050377],[-45.56101696973491,-3.5692569175839206],[-45.553262673291165,-3.5733238337083018],[-45.54550830925989,-3.577390683547031],[-45.53775387676704,-3.5814574668752917],[-45.529999375839516,-3.5855241843723733],[-45.522244806503124,-3.5895908349082073],[-45.514490168785265,-3.593657420066748],[-45.506735461810884,-3.597723937813831],[-45.498980686507736,-3.601790389732853],[-45.49122584200128,-3.605856774694292],[-45.48347092921831,-3.609923092472299],[-45.475715946385336,-3.6139893446517513],[-45.467960895328616,-3.618055529197028],[-45.46020577517457,-3.6221216467878605],[-45.45245058594961,-3.6261876971989127],[-45.44469532678013,-3.630253681109904],[-45.43693999859295,-3.634319598295015],[-45.42918460051357,-3.6383854476246418],[-45.42142913346931,-3.6424512297776497],[-45.4136735965861,-3.64651694452911],[-45.405917990790826,-3.650582591653222],[-45.398162314308976,-3.65464817092542],[-45.39040656806783,-3.658713683024621],[-45.38265075209381,-3.662779127725459]]]},"properties":{"id_fluxo":32,"agrupamento":"Santa Inês","origem_aproximada":"Bom Jardim","destino_aproximado":"Santa Inês","comprimento_m":28173.4}},{"type":"Feature","geometry":{"type":"MultiLineString","coordinates":[[[-46.8536314430564,-4.483567916994166],[-46.85823691507077,-4.4913163254725195],[-46.86284248371325,-4.4990647026772255],[-46.86744815011151,-4.5068130493567935],[-46.87205391449004,-4.5145613653577605],[-46.87665977617001,-4.522309649624834],[-46.88126573538053,-4.530057903812964],[-46.885871793244775,-4.537806126862183],[-46.89047794908627,-4.545554318621398],[-46.895084203129514,-4.5533024789371765],[-46.89969055560142,-4.561050608560266],[-46.904297007627555,-4.56879870733481],[-46.90890355762808,-4.576546774207951],[-46.91351020763202,-4.584294809925633],[-46.91811695606189,-4.592042814339218],[-46.92272380404335,-4.5997907872927986],[-46.92733075180102,-4.607538728632939],[-46.93193779866092,-4.615286639112741],[-46.93654494664495,-4.623034516765548],[-46.941152193281916,-4.630782364157724],[-46.94575954149234,-4.638530178415905],[-46.95036698970618,-4.646277962104025],[-46.95497453814318,-4.6540257132603085],[-46.95958218793165,-4.6617734326329066],[-46.96418993839523,-4.669521120070847],[-46.96879778976119,-4.677268776324765],[-46.973405742249255,-4.6850163994328975],[-46.97801379608924,-4.692763991050032],[-46.982621952404564,-4.7005115501159525],[-46.987230209620314,-4.708259077386401],[-46.99183856976361,-4.716006572702718],[-46.99644703125441,-4.723754035012448],[-47.00105559522131,-4.731501465063611],[-47.00566426189178,-4.7392488636067585],[-47.01027303058433,-4.746996228682792],[-47.014881902430254,-4.754743561943787],[-47.01949087765187,-4.7624908623320765],[-47.0240999555729,-4.77023812969677],[-47.02870913732212,-4.7779853647857955],[-47.03331842222064,-4.7857325665441595],[-47.03792781049875,-4.7934797366265105],[-47.04253730327734,-4.801226873068449],[-47.04714689988286,-4.8089739766232],[-47.05175660054302,-4.816721048041279],[-47.05636640547746,-4.824468085360963],[-47.06097631491664,-4.832215090236878],[-47.0655863290829,-4.839962061611376],[-47.07019644730276,-4.8477090002377095],[-47.07480667160393,-4.855455905956785],[-47.07941700130746,-4.863202777713722],[-47.08402743573994,-4.870949616261795],[-47.08863797602781,-4.878696421444626],[-47.093248621497715,-4.886443194015503],[-47.097859373270545,-4.8941899320099],[-47.10247023067576,-4.901936637085177],[-47.10708119483709,-4.909683308180848],[-47.11169226508126,-4.917429946050185],[-47.116303442531986,-4.925176549632702],[-47.120914725614654,-4.932923119684552],[-47.125526116357264,-4.940669656046401],[-47.130137614083736,-4.948416158567511],[-47.13474921901934,-4.9561626270942485],[-47.139360931392325,-4.963909062377041],[-47.143972751422176,-4.971655462454209],[-47.148584679340054,-4.979401828980159],[-47.15319671446994,-4.987148161804223],[-47.157808858837086,-4.994894459862843],[-47.16242111086698,-5.002640723912294],[-47.167033470782044,-5.010386952894963],[-47.17164593971509,-5.018133148462246],[-47.17625851788859,-5.025879309556468],[-47.180871204626534,-5.033625436026986],[-47.18548400105585,-5.041371527717107],[-47.19009690559904,-5.049117584479263],[-47.194709920290656,-5.056863607961707],[-47.19932304534711,-5.064609595298758],[-47.20393627920005,-5.0723555490548735],[-47.20854962297042,-5.080101467265324],[-47.21316307779145,-5.08784735158132],[-47.21777664207951,-5.095593200047403],[-47.22239031696478,-5.103339013410787],[-47.227004102675984,-5.111084792421734],[-47.23161799943566,-5.118830536022609],[-47.23623200747257,-5.126576244963643],[-47.24084612610766,-5.134321918190345],[-47.245460356474496,-5.142067557353779],[-47.2500746978877,-5.149813159591542],[-47.254689151484044,-5.157558727458612],[-47.25930371658452,-5.165304259900512],[-47.263918393414826,-5.173049756763539],[-47.268533183102356,-5.180795217890757],[-47.27314808497446,-5.1885406440356014],[-47.27776309925371,-5.196286034140397],[-47.28237822616915,-5.204031388955388],[-47.28699346684826,-5.211776708323545],[-47.29160881971029,-5.2195219911937345],[-47.29622428588603,-5.22726723831291],[-47.30083986560463,-5.235012450431224],[-47.30545555908539,-5.242757625587085],[-47.31007136565914,-5.250502765437888],[-47.31468728645015,-5.258247868922672],[-47.31930332168438,-5.265992935887653],[-47.32391947068939,-5.273737967086334],[-47.3285357345929,-5.281482962361583],[-47.333152112719155,-5.289227921563],[-47.33776860619591,-5.296972844533433],[-47.34238521434403,-5.304717730218581],[-47.34700193739635,-5.31246258027247],[-47.35161877557552,-5.32020739363745],[-47.35623573000935,-5.327952170156269],[-47.360852799123855,-5.335696910585916],[-47.365469984948675,-5.343441614765675],[-47.37008728590291,-5.351186281644811],[-47.37470470311793,-5.358930911969925],[-47.37932223681641,-5.36667550468336],[-47.3839398872315,-5.374420061439012],[-47.38855765458592,-5.382164581179187],[-47.39317553820402,-5.389909063753607],[-47.397793539217396,-5.397653509908765],[-47.402411656946896,-5.405397918590557],[-47.407029891622315,-5.413142290548997],[-47.411648245270115,-5.4208866247192375],[-47.416266715414515,-5.428630921862063],[-47.42088530408559,-5.4363751818164054],[-47.42550400970588,-5.4441194044356935],[-47.43012283430552,-5.4518635895588305],[-47.43474177720895,-5.459607737035555],[-47.43936083954814,-5.467351847612207],[-47.44398001974196,-5.475095920238425],[-47.44859931892241,-5.482839955660471],[-47.4532187364103,-5.490583952824398],[-47.45783827423965,-5.498327912472743],[-47.462457930833004,-5.506071834459015],[-47.46707770731883,-5.513815718625646]]]},"properties":{"id_fluxo":33,"agrupamento":"Imperatriz","origem_aproximada":"Bom Jesus das Selvas","destino_aproximado":"Imperatriz","comprimento_m":132735.1}},{"type":"Feature","geometry":{"type":"MultiLineString","coordinates":[[[-45.039920529758774,-4.373340166381776],[-45.04381862074548,-4.365266514374922],[-45.047716628190315,-4.3571928412131475],[-45.05161455230823,-4.349119145203123],[-45.05551239331432,-4.3410454273655406],[-45.059410152324865,-4.332971687816376],[-45.0633078277524,-4.324897926671816],[-45.06720542071311,-4.316824143143101],[-45.07110293232335,-4.308750339155539],[-45.075000360995446,-4.300676512111277],[-45.078897706944545,-4.292602663935678],[-45.082794972187905,-4.284528793839921],[-45.086692155138195,-4.276454902844845],[-45.090589256010176,-4.268380989257137],[-45.094486276821286,-4.2603070550019115],[-45.09838321508288,-4.252233099290827],[-45.10228007281205,-4.244159121334964],[-45.106176849322786,-4.2360851230598175],[-45.11007354482971,-4.22801110277199],[-45.113970160448964,-4.2199370614920335],[-45.11786669549426,-4.2118629993360575],[-45.12176314927911,-4.203788914610803],[-45.125659523820936,-4.195714810146046],[-45.129555817532115,-4.187640684248647],[-45.13345203242961,-4.179566537034301],[-45.13734816692608,-4.171492368619274],[-45.141244222137395,-4.16341817911936],[-45.145140197377266,-4.155343968650699],[-45.14903609376152,-4.147269737329086],[-45.15293191060389,-4.139195485270627],[-45.15682764902013,-4.131121212591117],[-45.16072330922479,-4.123046918501821],[-45.16461888963079,-4.114972604023726],[-45.168514392254814,-4.106898269272391],[-45.17240981641042,-4.098823913459281],[-45.176305162312275,-4.090749536700331],[-45.180200431076216,-4.082675140015938],[-45.18409562111462,-4.074600721713086],[-45.18799073354348,-4.066526283716866],[-45.19188576857726,-4.058451825238504],[-45.19578072643058,-4.050377346393934],[-45.199675606416946,-4.042302846394598],[-45.20357040965232,-4.034228327165568],[-45.207465136350855,-4.026153787013392],[-45.211359785826254,-4.018079226054194],[-45.215254359194205,-4.010004645308337],[-45.21914885576842,-4.001930044891964],[-45.223043275763224,-3.9938554240162794],[-45.22693762029401,-3.9857807827969367],[-45.23083188867449,-3.977706121350087],[-45.23472608111941,-3.9696314406963054],[-45.23862019784283,-3.9615567391421034],[-45.242514239059744,-3.9534820186127413],[-45.246408204984135,-3.9454072774147413],[-45.250302095830754,-3.9373325165686257],[-45.25419591181407,-3.929257736190319],[-45.25808965224752,-3.921182935491259],[-45.2619833182466,-3.9131081154917164],[-45.265876910025455,-3.905033275402895],[-45.269770426898084,-3.896958416245601],[-45.27366386997934,-3.88888353723075],[-45.277557238582915,-3.880808638474468],[-45.281450533823936,-3.8727337200923335],[-45.28534375411537,-3.8646587822007823],[-45.289236901473316,-3.8565838258197522],[-45.29312997611153,-3.84850884925571],[-45.29702297644301,-3.840433852625135],[-45.300915903583395,-3.832358837852897],[-45.304808757746436,-3.8242838032454767],[-45.30870154004739,-3.816208749823077],[-45.312594248898975,-3.808133676797479],[-45.31648688451553,-3.800058584284536],[-45.320379448912924,-3.7919834733040685],[-45.324271940503884,-3.783908343067886],[-45.3281643595027,-3.7758331936918292],[-45.332056707024236,-3.767758025291355],[-45.33594898328276,-3.759682837982276],[-45.33984118759193,-3.75160763188076],[-45.343733320166,-3.743532407102601],[-45.34762538211941,-3.7354571628585918],[-45.35151737186562,-3.727381900169903],[-45.35540929141995,-3.7193066191516158],[-45.359301140095695,-3.7112313190152086],[-45.36319291810705,-3.7031559998764947],[-45.36708462476805,-3.695080662756288],[-45.370976262093535,-3.6870053068649584],[-45.374867828496626,-3.6789299323190536],[-45.378759325092005,-3.670854539233963],[-45.38265075209381,-3.662779127725459]]]},"properties":{"id_fluxo":34,"agrupamento":"Santa Inês","origem_aproximada":"Bom Lugar","destino_aproximado":"Santa Inês","comprimento_m":87271.7}},{"type":"Feature","geometry":{"type":"MultiLineString","coordinates":[[[-45.58410187879928,-4.330540003273773],[-45.5815170532275,-4.321979359008435],[-45.57893228564993,-4.313418704303646],[-45.5763475749969,-4.3048580392163505],[-45.57376292290157,-4.296297362896785],[-45.57117832919611,-4.287736676305836],[-45.568593791909755,-4.27917597950108],[-45.566009311773875,-4.270615270728824],[-45.56342488952313,-4.26205455275854],[-45.56084052498706,-4.253493822932575],[-45.55825621709748,-4.2449330831170755],[-45.5556719656853,-4.2363723324636755],[-45.55308777148385,-4.227811571932555],[-45.55050363342303,-4.219250800675962],[-45.547919552234845,-4.2106900178448745],[-45.54533552775285,-4.2021292262094185],[-45.54275155980675,-4.193568423111923],[-45.540167648228824,-4.185007609513259],[-45.53758379194971,-4.176446785470262],[-45.53499999260371,-4.167885951942577],[-45.532416248219235,-4.159325107178381],[-45.529832560430606,-4.150764252137314],[-45.527248928168504,-4.142203386876204],[-45.524665351264616,-4.133642511451283],[-45.522081829550686,-4.12508162591878],[-45.51949836285842,-4.116520730334889],[-45.516914951919915,-4.1079598238506385],[-45.51433159656749,-4.099398907426847],[-45.511748294831015,-4.090837981120947],[-45.50916504924448,-4.082277044082738],[-45.506581857838356,-4.07371609727426],[-45.50399872044389,-4.06515513984707],[-45.50141563869523,-4.0565941727608905],[-45.498832610621804,-4.04803319516843],[-45.49624963695689,-4.0394722080299905],[-45.49366671753174,-4.030911210497121],[-45.49108385217872,-4.022350203530699],[-45.48850103982829,-4.01378918628283],[-45.48591828211399,-4.00522815880862],[-45.48333557796684,-3.996667121164837],[-45.48075292811951,-3.9881060734071605],[-45.47817033060279,-3.9795450164974926],[-45.47558778704963,-3.970983949586346],[-45.47300529639117,-3.962422872730453],[-45.47042285936006,-3.9538617859854863],[-45.46784047488747,-3.945300689408174],[-45.4652581428053,-3.936739583054719],[-45.462675863846265,-3.928178466980799],[-45.4600936378418,-3.9196173403379775],[-45.457511464624844,-3.911056204991757],[-45.45492934312564,-3.9024950591895293],[-45.45234727407738,-3.8939339038916567],[-45.449765257312045,-3.8853727391543225],[-45.44718329266162,-3.876811565033739],[-45.44460137995761,-3.868250380681443],[-45.44201951813184,-3.8596891870587435],[-45.43943770881769,-3.8511279842208896],[-45.43685595184668,-3.842566771319454],[-45.43427424524956,-3.8340055484115214],[-45.43169259066013,-3.8254443164570207],[-45.42911098700977,-3.8168830755126195],[-45.42652943412969,-3.8083218238251733],[-45.423947932753904,-3.799760564164398],[-45.42136648181256,-3.7911992938729497],[-45.418785082039236,-3.782638014815886],[-45.416203733265576,-3.7740767261447457],[-45.41362243442312,-3.765515427916149],[-45.411041186244546,-3.7569541201858248],[-45.40845998856244,-3.748392803914644],[-45.40587884120806,-3.73983147734944],[-45.403297743113846,-3.7312701423561423],[-45.400716695912635,-3.7227087980854665],[-45.39813569853563,-3.7141474436893054],[-45.3955547499153,-3.7055860810335766],[-45.39297385168406,-3.6970247083643266],[-45.39039300277399,-3.688463326642786],[-45.387812203017674,-3.679901936829816],[-45.38523145314666,-3.6713405362671865],[-45.38265075209381,-3.662779127725459]]]},"properties":{"id_fluxo":35,"agrupamento":"Santa Inês","origem_aproximada":"Brejo de Areia","destino_aproximado":"Santa Inês","comprimento_m":77127.2}},{"type":"Feature","geometry":{"type":"MultiLineString","coordinates":[[[-42.91398825067961,-3.9442997108156073],[-42.92116564438516,-3.938897592456785],[-42.92834294520455,-3.9334954117969394],[-42.935520154118926,-3.9280931681915114],[-42.942697270304656,-3.9226908627996444],[-42.949874294745115,-3.917288494072627],[-42.95705122661665,-3.911886063169645],[-42.96422806690037,-3.90648356944603],[-42.971404815672834,-3.901081014063172],[-42.97858147211265,-3.8956783972761198],[-42.985758037203055,-3.8902757175360807],[-42.99293451102063,-3.8848729760044027],[-43.00011089364411,-3.8794701729383183],[-43.00728718515439,-3.874067307690906],[-43.014463385630194,-3.868664380519396],[-43.021639494247985,-3.863261392583043],[-43.02881551289105,-3.8578583423349904],[-43.035991440735856,-3.852455230934459],[-43.04316727876131,-3.847052058640745],[-43.05034302524791,-3.841648824802736],[-43.057518682074694,-3.8362455296817566],[-43.06469424842024,-3.830842173532907],[-43.07186972526545,-3.82543875571123],[-43.07904511178488,-3.8200352782802387],[-43.086220408963456,-3.814631738786559],[-43.09339561597573,-3.809228139293685],[-43.10057073380259,-3.803824479156614],[-43.107745761622624,-3.7984207586305008],[-43.11492070041669,-3.7930169770702618],[-43.12209555116166,-3.7876131356391936],[-43.12927031213795,-3.782209233686271],[-43.136444983424276,-3.776805271468642],[-43.14361956689964,-3.77140124924732],[-43.150794061742644,-3.765997167277469],[-43.15796846803392,-3.7605930249119557],[-43.16514278585216,-3.755188822407878],[-43.1723170152742,-3.7497845609265736],[-43.1794911572808,-3.7443802398227706],[-43.18666521015228,-3.7389758584455777],[-43.19383917576574,-3.733571417960016],[-43.20101305420175,-3.7281669177189327],[-43.20818684463889,-3.722762357977536],[-43.21536054715406,-3.717357739897122],[-43.22253416272975,-3.711953061928065],[-43.22970769144464,-3.7065483243274424],[-43.23688113247373,-3.7011435291589474],[-43.244054486801225,-3.6957386739686826],[-43.25122775360218,-3.690333760820395],[-43.258400934759045,-3.6849287881661357],[-43.26557402854855,-3.679523757163638],[-43.27274703684962,-3.6741186680734415],[-43.27991995794425,-3.6687135193405016],[-43.28709279280775,-3.6633083130321045],[-43.294265542420675,-3.6579030485027184],[-43.30143820506154,-3.652497726005875],[-43.308610782610934,-3.647092344897698],[-43.31578327424745,-3.6416869054334486],[-43.32295568004813,-3.63628140877441],[-43.330128000993426,-3.6308758542749286],[-43.33730023626362,-3.6254702412859685],[-43.34447238683584,-3.620064570970485],[-43.351644451888696,-3.614658843583764],[-43.35881643240426,-3.6092530575757653],[-43.36598832755786,-3.603847215010432],[-43.37316013832993,-3.598441315241998],[-43.38033186390068,-3.593035357621486],[-43.38750350614735,-3.5876293433133255],[-43.394675063350086,-3.5822232716669378],[-43.40184653738771,-3.576817142942373],[-43.40901792653878,-3.571410957393398],[-43.41618923178362,-3.5660047143741394],[-43.42336045319781,-3.560598415950222],[-43.43053159176473,-3.5551920596670006],[-43.4377026457599,-3.549785647587003],[-43.444873617063635,-3.5443791790658308],[-43.452044504856076,-3.5389726534544534],[-43.45921530921442,-3.5335660719141457],[-43.4663860311174,-3.5281594347032463],[-43.47355666974515,-3.522752741172754],[-43.480727226076404,-3.5173459915810272],[-43.487897699291246,-3.511939185279065],[-43.49506809036695,-3.506532323429558],[-43.50223839848216,-3.501125406287881],[-43.50940862461706,-3.4957184332079434],[-43.5165787688503,-3.4903114044465853],[-43.52374883126058,-3.484904320260628],[-43.53091881192658,-3.479497180906875],[-43.53808871002837,-3.4740899857363616],[-43.54525852744326,-3.4686827359131054],[-43.552428262451286,-3.463275430786693],[-43.55959791693255,-3.4578680697123376],[-43.56676749006295,-3.4524606547542187],[-43.573936981923914,-3.447053184360348],[-43.58110639259409,-3.441645658787515],[-43.58827572215082,-3.4362380791969116],[-43.595444971574146,-3.430830444942235],[-43.60261414004403,-3.4254227553745165],[-43.60978322853784,-3.420015011656251],[-43.61695223623427,-3.414607214042892],[-43.62412116411328,-3.4091993618880934],[-43.631290011353535,-3.403791455447279],[-43.63845877893371,-3.3983834949785408],[-43.64562746693375,-3.3929754798341247],[-43.652796075431056,-3.387567411175238],[-43.659964603604315,-3.3821592892573533],[-43.66713305243468,-3.376751112529564],[-43.674301422898324,-3.3713428830587264],[-43.6814697132764,-3.365934599290203],[-43.68863792454637,-3.360526262386372],[-43.69580605768806,-3.355117871700727],[-43.70297411097899,-3.349709428392008],[-43.71014208630017,-3.3443009309103955],[-43.7173099828291,-3.3388923804158512],[-43.72447780154441,-3.3334837771662515],[-43.73164554072486,-3.3280751214159485],[-43.73881320225135,-3.3226664116150166],[-43.74598078620022,-3.3172576498290955],[-43.75314829175136,-3.311848835409201],[-43.7603157198845,-3.3064399677086795],[-43.76748307067717,-3.301031047888674],[-43.77465034330921,-3.295622075300239],[-43.781817538759235,-3.290213050201154],[-43.78898465620595,-3.2848039728469702],[-43.7961516975279,-3.2793948434965365],[-43.80331866100389,-3.2739856624043124],[-43.81048554851353,-3.2685764289245878],[-43.8176523583356,-3.2631671433118807],[-43.82481909234861,-3.2577578058249244],[-43.83198574973131,-3.252348416719295],[-43.83915232966347,-3.24693897534607],[-43.84631883492248,-3.241529482869502],[-43.85348526288826,-3.2361199386385673],[-43.860651615438314,-3.2307103438164724],[-43.86781789175339,-3.225300696849763],[-43.874984091911145,-3.219890998899574],[-43.88215021779104,-3.214481249319952],[-43.88931626677103,-3.2090714492690555],[-43.89648224163048,-3.203661598101905],[-43.903648140649196,-3.198251695168572],[-43.9108139639039,-3.192841742534739],[-43.91797971327499,-3.187431738649816],[-43.92514538704128,-3.182021683768477],[-43.93231098618042,-3.176611579052789],[-43.93947651077198,-3.171201423854756],[-43.946641960895555,-3.1657912175264102],[-43.95380733752875,-3.1603809612297473],[-43.96097263895045,-3.154970655219514],[-43.96813786614012,-3.149560298848613],[-43.975303020077156,-3.1441498914699415],[-43.982468099938565,-3.1387394351482376],[-43.98963310580476,-3.1333289283309296],[-43.996798038653395,-3.1279183721800017],[-44.00396289766412,-3.12250776604655],[-44.011127682914726,-3.1170971110916605],[-44.01829239538545,-3.111686405763574],[-44.02545703515407,-3.106275651223366],[-44.03262160140022,-3.10086484682216],[-44.0397860951016,-3.095453993721856],[-44.046950516337645,-3.0900430912743975],[-44.05411486428717,-3.084632139735445],[-44.06127914082854,-3.0792211393631415],[-44.068443344240706,-3.073810090412382],[-44.07560747550294,-3.068398992235843],[-44.082771535593736,-3.0629878450908175],[-44.08993552279207,-3.0575766492322014],[-44.09709943807641,-3.0521654049172913],[-44.104263282425265,-3.04675411240332],[-44.11142705501819,-3.041342771041372],[-44.1185907559331,-3.0359313819925324],[-44.125754386149914,-3.03051994370483],[-44.13291794484604,-3.025108458243166],[-44.14008143210154,-3.019696924054794],[-44.147244848894175,-3.014285342301521],[-44.15440819440348,-3.0088737123344664],[-44.16157147050705,-3.003462035316085],[-44.168734674585465,-2.998050309691517],[-44.17589780941612,-2.9926385366238666],[-44.183060873278045,-2.9872267163682342],[-44.19022386715037,-2.981814848277108],[-44.197386791111086,-2.9764029335115265],[-44.20454964524014,-2.970990970518668],[-44.21171242961487,-2.9655789613642223],[-44.218875144315255,-2.960166904495338],[-44.22603778941989,-2.954754800168464],[-44.233200365006816,-2.949342649544605],[-44.240362871155305,-2.9439304519755662],[-44.24752530884378,-2.9385182077183525]]]},"properties":{"id_fluxo":36,"agrupamento":"Titara","origem_aproximada":"Buriti","destino_aproximado":"Rosário","comprimento_m":185262.3}},{"type":"Feature","geometry":{"type":"MultiLineString","coordinates":[[[-43.83535339388027,-5.837641953547557],[-43.84342973808504,-5.841458705227548],[-43.85150619237149,-5.845275340218717],[-43.859582755779954,-5.849091859194327],[-43.867659428257575,-5.852908261020586],[-43.87573621065105,-5.856724546374412],[-43.88381310200429,-5.8605407141202255],[-43.89189010406539,-5.86435676584119],[-43.89996721588004,-5.868172699497209],[-43.90804443648676,-5.871988516666131],[-43.91612176763725,-5.875804217122187],[-43.92419920927857,-5.87961979973152],[-43.93227676045102,-5.88343526516754],[-43.94035442200307,-5.887250613202674],[-43.94843219297673,-5.891065843605853],[-43.956510075123745,-5.8948809561511855],[-43.96458806748442,-5.8986959515121145],[-43.97266617000398,-5.902510829459355],[-43.98074438262932,-5.906325588859076],[-43.98882270620561,-5.91014023129264],[-43.99690114068136,-5.913954754721702],[-44.00497968509519,-5.917769160724348],[-44.01305834119893,-5.9215834490745],[-44.02113710713274,-5.925397618635133],[-44.02921598464841,-5.929211669180147],[-44.03729497278462,-5.933025602287666],[-44.04537407239146,-5.936839416825435],[-44.05345328250916,-5.940653113467134],[-44.06153260398934,-5.944466690175998],[-44.06961203677249,-5.948280149436258],[-44.07769158080683,-5.952093489209622],[-44.08577123693932,-5.955906710172781],[-44.09385100330681,-5.959719812998006],[-44.10193088256611,-5.963532796555968],[-44.11001087195206,-5.967345660612916],[-44.11809097411856,-5.971158405848533],[-44.126171187203816,-5.974971032030631],[-44.134251512961235,-5.9787835380282575],[-44.142331950429565,-5.982595925419778],[-44.150412499555294,-5.98640819307141],[-44.158493160282056,-5.990220341658409],[-44.16657393345977,-5.994032370048374],[-44.174654819030714,-5.997844279821112],[-44.18273581694266,-6.001656068938263],[-44.19081692623573,-6.005467738073764],[-44.19889814866064,-6.009279287905604],[-44.2069794832602,-6.013090717298643],[-44.21506093088161,-6.016902026929464],[-44.22314249056763,-6.020713215662963],[-44.231224163164185,-6.024524285080314],[-44.239305947714,-6.0283352340463985],[-44.24738784596912,-6.032146062334553]]]},"properties":{"id_fluxo":37,"agrupamento":"Colinas","origem_aproximada":"Buriti Bravo","destino_aproximado":"Colinas","comprimento_m":50426.4}},{"type":"Feature","geometry":{"type":"MultiLineString","coordinates":[[[-46.45425272247928,-4.321407632976462],[-46.460063677685305,-4.328264889631838],[-46.46587473703632,-4.335122099300008],[-46.47168590162755,-4.341979263573252],[-46.47749717074892,-4.348836382238613],[-46.48330854549045,-4.355693454175215],[-46.489120025143805,-4.362550480074458],[-46.49493161080083,-4.369407459719827],[-46.50074330085225,-4.376264393804525],[-46.50655509728728,-4.383121280301489],[-46.51236699939944,-4.3899781208065],[-46.518179008280654,-4.396834915102967],[-46.523991123218984,-4.403691662073574],[-46.52980334440903,-4.410548363312282],[-46.53561567203805,-4.417405016795616],[-46.541428106300664,-4.4242616241175],[-46.54724064738596,-4.431118184158785],[-46.55305329548677,-4.437974697609047],[-46.558866051693215,-4.444831163347238],[-46.564678914396076,-4.451687582066708],[-46.57049188558843,-4.458543953548807],[-46.5763049636611,-4.465400278486929],[-46.582118150603335,-4.472256554853698],[-46.587931444809854,-4.479112785151175],[-46.593744847368846,-4.485968967353937],[-46.599558358471334,-4.492825101247154],[-46.605371978312284,-4.499681188424619],[-46.6111857070808,-4.506537227767161],[-46.61699954406484,-4.513393218157627],[-46.62281349126365,-4.520249162090063],[-46.62862754706214,-4.5271050575450404],[-46.63444171165339,-4.533960905212009],[-46.64025598702867,-4.540816703967697],[-46.646070371580954,-4.547672455409947],[-46.651884866400444,-4.554528158417505],[-46.657699470777125,-4.561383812777538],[-46.66351418580535,-4.5682394191774085],[-46.66932901077304,-4.575094976500001],[-46.675143946774554,-4.581950485432601],[-46.680958994001095,-4.588805945760286],[-46.686774151744814,-4.595661358174554],[-46.692589420192625,-4.602516720651909],[-46.698404800441146,-4.609372034783855],[-46.704220292681626,-4.616227300355457],[-46.710035895302894,-4.62308251715609],[-46.7158516102964,-4.6299376840622175],[-46.72166743695433,-4.636792801765335],[-46.72748337637133,-4.6436478709525515],[-46.73329942783526,-4.650502890506858],[-46.739115591539615,-4.657357861117538],[-46.744931867673436,-4.664212781665378],[-46.75074825733143,-4.671067652837409],[-46.756564758902456,-4.67792247442316],[-46.76238137438028,-4.684777246203124],[-46.76819810305727,-4.691631968868818],[-46.77401494512245,-4.698486641300973],[-46.77983190076946,-4.705341264188859],[-46.78564897018734,-4.712195836413219],[-46.79146615357205,-4.719050359567512],[-46.79728345111034,-4.72590483162825],[-46.803100862998214,-4.732759254188869],[-46.808918389424754,-4.739613626130096],[-46.81473603058369,-4.74646794814111],[-46.820553786666444,-4.753322220006871],[-46.82637165696076,-4.7601764406105],[-46.832189643463025,-4.7670306106363896],[-46.83800774456448,-4.773884730778449],[-46.843825961355485,-4.780738799915031],[-46.849644293126154,-4.787592817833477],[-46.855462741873055,-4.794446785218047],[-46.861281305984996,-4.8013007018585165],[-46.867099985653475,-4.808154567539834],[-46.87291878287267,-4.815008382041964],[-46.87873769603389,-4.8218621460589075],[-46.88455672532366,-4.828715857567223],[-46.890375871842366,-4.8355695190618455],[-46.896195135776544,-4.842423128519293],[-46.90201451641889,-4.849276686631137],[-46.907834014862345,-4.856130193179698],[-46.913653630397086,-4.862983647952397],[-46.91947336321727,-4.869837051638254],[-46.9252932144133,-4.876690403115425],[-46.931113183277965,-4.883543703075434],[-46.9369332709017,-4.890396950396433],[-46.9427534765799,-4.897250146674125],[-46.948573800501634,-4.9041032907891875],[-46.95439424285851,-4.910956382526471],[-46.96021480474363,-4.917809421668135],[-46.96603548545251,-4.924662409809924],[-46.97185628517154,-4.931515344928355],[-46.97767720409507,-4.938368227712378],[-46.98349824241478,-4.945221057946797],[-46.98931940122388,-4.952073835413686],[-46.99514067891111,-4.958926559903252],[-47.00096207747661,-4.965779233003048],[-47.00678359530371,-4.972631852695075],[-47.012605234387145,-4.979484418758633],[-47.01842699402267,-4.98633693278944],[-47.024248873497825,-4.993189393670885],[-47.03007087481017,-5.000041802086274],[-47.03589299634293,-5.0068941560177365],[-47.041715239197785,-5.013746457959504],[-47.04753760356097,-5.020598705888091],[-47.05336008962712,-5.027450900492317],[-47.05918269759094,-5.034303042460957],[-47.06500542673704,-5.041155129773454],[-47.07082827816452,-5.0480071640197695],[-47.07665125206528,-5.0548591449846],[-47.08247434772677,-5.061711071551484],[-47.08829756624534,-5.068562944406245],[-47.09412090781581,-5.075414764237635],[-47.099944372624286,-5.082266529022189],[-47.10576795996695,-5.089118240355611],[-47.111591670035764,-5.095969898022571],[-47.117415503921315,-5.102821500900733],[-47.12323946181558,-5.10967304877475],[-47.12906354211324,-5.116524543243273],[-47.13488774770815,-5.12337598317796],[-47.14071207699211,-5.130227369273432],[-47.14653653015108,-5.137078699506303],[-47.15236110738615,-5.143929976373229],[-47.158185809784925,-5.15078119784777],[-47.164010637542525,-5.157632364618509],[-47.16983558904768,-5.164483476476196],[-47.17566066629885,-5.171334534103249],[-47.181485868580296,-5.178185535479366],[-47.18731119609339,-5.185036483101127],[-47.19313664902402,-5.191887374945102],[-47.198962228469114,-5.198738211696712],[-47.20478793281426,-5.205588992242818],[-47.210613764061286,-5.2124397181696605],[-47.216439721500656,-5.219290389264907],[-47.222265804419656,-5.226141004412337],[-47.22809201481389,-5.232991563390096],[-47.23391835198019,-5.239842067793848],[-47.23974481610439,-5.246692515600164],[-47.24557140738186,-5.25354290749754],[-47.25139812510635,-5.260393244177678],[-47.257224971270325,-5.267243524514619],[-47.26305194426252,-5.274093748299403],[-47.26887904518348,-5.280943917121141],[-47.27470627421894,-5.287794028956413],[-47.28053363156446,-5.294644084493642],[-47.28636111651386,-5.301494084424555],[-47.29218873015458,-5.308344026722407],[-47.29801647268893,-5.315193913883469],[-47.30384434430259,-5.322043743884298],[-47.30967234428941,-5.32889351741665],[-47.315500473740194,-5.335743233357661],[-47.32132873195224,-5.342592893303013],[-47.32715712001636,-5.349442496129768],[-47.33298563722652,-5.356292042529716],[-47.33881428467354,-5.363141531379907],[-47.34464306255326,-5.369990963368639],[-47.35047197015627,-5.3768403382837615],[-47.35630100767501,-5.383689655909672],[-47.362130176207245,-5.390538916931161],[-47.367959475036606,-5.397388119328345],[-47.37378890436254,-5.404237264693366],[-47.37961846527943,-5.411086352807057],[-47.38544815707789,-5.417935383457283],[-47.39127797994687,-5.424784355524567],[-47.3971079349879,-5.431633270597419],[-47.402938021491636,-5.438482128463698],[-47.40876823964346,-5.445330927100048],[-47.41459858964307,-5.452179668098533],[-47.42042907168307,-5.45902835124346],[-47.42625968595966,-5.465876977222957],[-47.43209043356011,-5.47272554401004],[-47.43792131287679,-5.479574052300121],[-47.44375232500789,-5.486422502777705],[-47.449583471044356,-5.49327089431952],[-47.455414749378576,-5.500119227621087],[-47.46124616200715,-5.506967502459221],[-47.46707770731883,-5.513815718625646]]]},"properties":{"id_fluxo":38,"agrupamento":"Imperatriz","origem_aproximada":"Buriticupu","destino_aproximado":"Imperatriz","comprimento_m":173255.4}},{"type":"Feature","geometry":{"type":"MultiLineString","coordinates":[[[-47.01635533332358,-5.592343443569331],[-47.02519417590597,-5.590806998049703],[-47.03403297166774,-5.589270419479145],[-47.04287172221831,-5.5877337079614104],[-47.051710426460055,-5.586196863609643],[-47.060549084194534,-5.58465988562985],[-47.0693876961288,-5.583122774128893],[-47.0782262620739,-5.581585531024969],[-47.08706478182503,-5.580048153715944],[-47.0959032560956,-5.578510644116803],[-47.104741683784816,-5.576973001436776],[-47.11358006560293,-5.57543522668676],[-47.122418401348234,-5.573897318168811],[-47.131256690828636,-5.572359276897049],[-47.14009493475446,-5.570821103882328],[-47.14893313292388,-5.569282797426743],[-47.15777128424263,-5.567744358547694],[-47.166609390316665,-5.566205786444757],[-47.17544745005177,-5.564667082135361],[-47.18428546415494,-5.563128245726341],[-47.19312343242757,-5.561589276423828],[-47.201961354677756,-5.560050175241998],[-47.21079923070351,-5.558510940483073],[-47.219637061218506,-5.556971574061803],[-47.22847484512193,-5.555432075187819],[-47.23731258402291,-5.553892443964486],[-47.246150275925224,-5.552352681412817],[-47.25498792333335,-5.550812785824836],[-47.263825524247636,-5.549272757317637],[-47.2726630793819,-5.547732597805886],[-47.28150058853399,-5.546192305591973],[-47.29033805151211,-5.544651881690051],[-47.299175469019694,-5.543111325302998],[-47.30801284086147,-5.54157063654105],[-47.31685016684569,-5.540029816418415],[-47.325687446777145,-5.538488865045353],[-47.334524681355646,-5.536947780720823],[-47.34336186948734,-5.535406564462575],[-47.35219901278476,-5.533865217277688],[-47.361036109241354,-5.53232373747583],[-47.369873160469616,-5.530782126064063],[-47.3787101662743,-5.529240383152712],[-47.38754712555812,-5.527698508855703],[-47.39638403992633,-5.526156502372315],[-47.405220908285266,-5.524614364720365],[-47.414057731338076,-5.523072095102706],[-47.42289450799117,-5.521529694537252],[-47.431731238947684,-5.519987162226872],[-47.44056792491436,-5.518444498278247],[-47.44940456479398,-5.516901702805502],[-47.45824115839503,-5.5153587768228585],[-47.46707770731883,-5.513815718625646]]]},"properties":{"id_fluxo":39,"agrupamento":"Imperatriz","origem_aproximada":"Buritirana","destino_aproximado":"Imperatriz","comprimento_m":50708.2}},{"type":"Feature","geometry":{"type":"MultiLineString","coordinates":[[[-44.05263566175107,-2.9286838844712513],[-44.06149420793901,-2.9291316389485433],[-44.07035276204588,-2.9295793225809743],[-44.0792113220592,-2.9300269362394684],[-44.088069889566185,-2.9304744798933795],[-44.09692846435533,-2.9309219526059453],[-44.10578704621437,-2.9313693543450317],[-44.114645634929616,-2.93181668688769],[-44.12350423029025,-2.9322639483926003],[-44.13236283298306,-2.93271113973294],[-44.141221442796514,-2.933158259971958],[-44.15008005951765,-2.9336053099821457],[-44.15893868383397,-2.9340522897320693],[-44.16779731463351,-2.9344991991889278],[-44.17665595260443,-2.9349460374166596],[-44.18551459753317,-2.9353928061924117],[-44.19437324920881,-2.9358395036748215],[-44.2032319083182,-2.9362861307370682],[-44.21209057464913,-2.936732687347029],[-44.22094924708958,-2.93717917347201],[-44.22980792722747,-2.937625588176531],[-44.23866661484933,-2.938071933237754],[-44.24752530884378,-2.9385182077183525]]]},"properties":{"id_fluxo":40,"agrupamento":"Titara","origem_aproximada":"Cachoeira Grande","destino_aproximado":"Rosário","comprimento_m":21687.8}},{"type":"Feature","geometry":{"type":"MultiLineString","coordinates":[[[-44.67205279396832,-2.873741018100467],[-44.678884174274025,-2.8680581507206577],[-44.685715486784666,-2.862375241407954],[-44.69254673250334,-2.856692290407675],[-44.6993779115331,-2.85100929886957],[-44.706209022178214,-2.845326265228845],[-44.71304006724108,-2.839643190635939],[-44.71987104502547,-2.833960075335464],[-44.72670195563494,-2.828276918667774],[-44.733532800072545,-2.8225937208781726],[-44.74036357844161,-2.81691048221167],[-44.747194290845435,-2.81122720291331],[-44.754024936487596,-2.805543883227959],[-44.76085551637135,-2.799860522496158],[-44.767686030600004,-2.794177120962927],[-44.77451647837695,-2.7884936797778432],[-44.78134686160532,-2.7828101973768735],[-44.7881771794885,-2.7771266749095878],[-44.79500743123012,-2.771443112620858],[-44.80183761783334,-2.7657595098511445],[-44.80866774030105,-2.7600758677503694],[-44.81549779693741,-2.7543921847538178],[-44.82232778964501,-2.748708462011501],[-44.82915771672774,-2.7430246997681795],[-44.83598758008846,-2.7373408973644144],[-44.84281737893063,-2.731657055949792],[-44.84964711335781,-2.7259731739599293],[-44.85647678437276,-2.7202892534493412],[-44.86330639027954,-2.7146052937581304],[-44.8701359329809,-2.708921294226788],[-44.87696541258015,-2.7032372551003054],[-44.88379482828082,-2.697553177528292],[-44.8906241801864,-2.6918690599463524],[-44.89745346840002,-2.686184904408887],[-44.90428269392482,-2.680500709351547],[-44.911111856864,-2.6748164759240414],[-44.91794095642128,-2.6691322034665634],[-44.924769993599575,-2.663447893128872],[-44.93159896850227,-2.6577635433465248],[-44.93842788033297,-2.6520791552691603],[-44.945256729195016,-2.6463947291417678],[-44.95208551699098,-2.6407102643047113],[-44.9589142420249,-2.635025761002869],[-44.96574290529968,-2.6293412203859416],[-44.972571506918676,-2.6236566408895095],[-44.97940004698515,-2.6179720236632313],[-44.9862285247028,-2.6122873689520616],[-44.99305694197415,-2.6066026760962755],[-44.99988529800288,-2.6009179453408175],[-45.006713591992714,-2.5952331769306536],[-45.013541825846104,-2.5895483711107343],[-45.02036999786719,-2.583863528126031],[-45.027198109958434,-2.5781786473167623],[-45.03402616132353,-2.5724937289278893],[-45.040854152065805,-2.5668087741090595],[-45.04768208228849,-2.561123781295832],[-45.0545099529945,-2.5554387516378116],[-45.061337763387534,-2.5497536853799567],[-45.06816551357088,-2.544068581862519],[-45.07499320364781,-2.5383834413304402],[-45.08182083462123,-2.5326982649333187],[-45.08864840569479,-2.527013051106719]]]},"properties":{"id_fluxo":41,"agrupamento":"Pinheiro","origem_aproximada":"Cajapió","destino_aproximado":"Pinheiro","comprimento_m":60108.3}},{"type":"Feature","geometry":{"type":"MultiLineString","coordinates":[[[-45.01202709802062,-3.3210800119579824],[-45.012888636760145,-3.312158006853084],[-45.01375016038287,-3.3032359994471077],[-45.01461166805111,-3.2943139906552066],[-45.01547316072748,-3.2853919786783443],[-45.01633463847442,-3.276469963526945],[-45.01719610045429,-3.267547947020846],[-45.01805754762969,-3.258625928265709],[-45.01891897916292,-3.2497039072719933],[-45.01978039601655,-3.240781883145352],[-45.02064179735296,-3.231859857705632],[-45.02150318413463,-3.22293782915382],[-45.022364555523986,-3.214015798405062],[-45.023225911583445,-3.205093766374433],[-45.02408725327551,-3.196171731262937],[-45.02494857976256,-3.1872496939857196],[-45.025809892007054,-3.178327653648432],[-45.02667118917141,-3.169405612070925],[-45.027532471318025,-3.160483567454202],[-45.02839373850937,-3.1515615216180954],[-45.02925499170783,-3.1426394727635487],[-45.03011623007585,-3.1337174218057138],[-45.03097745367582,-3.1247953687549987],[-45.03183866347016,-3.1158733136218038],[-45.03269985772125,-3.1069512555118513],[-45.03356103829155,-3.0980291962449207],[-45.034422203443434,-3.0891071340220684],[-45.03528335503929,-3.080185069758349],[-45.03614449224152,-3.0712630034641983],[-45.037005615112506,-3.0623409342453223],[-45.0378667237147,-3.053418863921536],[-45.03872781811042,-3.044496790693838],[-45.03958889836208,-3.035574715477343],[-45.040449964532066,-3.026652638282458],[-45.041311015782846,-3.017730559119625],[-45.04217205397658,-3.008808477094479],[-45.0430330782758,-2.999886394026871],[-45.04389408784292,-2.990964308117837],[-45.04475508364018,-2.9820422193777465],[-45.04561606573005,-2.973120129626419],[-45.04647703417479,-2.9641980370648517],[-45.047337989036805,-2.955275942608157],[-45.04819892947857,-2.9463538462667653],[-45.04905985646233,-2.937431748051079],[-45.04992077005036,-2.9285096470667837],[-45.05078166940525,-2.919587544229033],[-45.05164255638897,-2.9106654395481524],[-45.052503428364346,-2.9017433321299517],[-45.05336428809327,-2.8928212237941584],[-45.05422513383837,-2.883899112741836],[-45.05508596566198,-2.874976998983376],[-45.05594678452632,-2.8660548843385896],[-45.05680759049363,-2.857132767008435],[-45.057668382726476,-2.8482106479081075],[-45.058529161287154,-2.839288526143274],[-45.05938992713781,-2.8303664026290374],[-45.06025068034074,-2.8214442773757695],[-45.061111420058495,-2.81252215039396],[-45.061972146353355,-2.803600020789275],[-45.062832859287695,-2.7946778894768634],[-45.06369355982354,-2.7857557564670525],[-45.06455424712342,-2.776833620865605],[-45.065414922149394,-2.7679114835875884],[-45.06627558406405,-2.7589893446434757],[-45.067136232929634,-2.7500672031389337],[-45.06799686880849,-2.7411450599890945],[-45.068857491762884,-2.7322229142996575],[-45.06971810275486,-2.723300767890395],[-45.07057870004726,-2.7143786189624186],[-45.07143928550171,-2.705456467525998],[-45.07229985828087,-2.6965343144963176],[-45.073160418447024,-2.6876121598837854],[-45.074020966062385,-2.6786900027940983],[-45.07488150118928,-2.6697678441423576],[-45.075742024789626,-2.660845683938947],[-45.076602535126355,-2.6519235212896612],[-45.07746303316143,-2.643001357109559],[-45.07832351895705,-2.634079190504338],[-45.07918399257554,-2.6251570223890996],[-45.080044454079136,-2.616234852774284],[-45.080904903530055,-2.6073126807655713],[-45.081765340091,-2.598390507278136],[-45.082625765623355,-2.589468331417543],[-45.083486178390245,-2.5805461540990584],[-45.08434657935344,-2.5716239744282876],[-45.08520696857526,-2.562701793320382],[-45.08606734521834,-2.553779610785773],[-45.08692771024445,-2.5448574259301164],[-45.087788063715884,-2.535935239668544],[-45.08864840569479,-2.527013051106719]]]},"properties":{"id_fluxo":42,"agrupamento":"Pinheiro","origem_aproximada":"Cajari","destino_aproximado":"Pinheiro","comprimento_m":88182.7}},{"type":"Feature","geometry":{"type":"MultiLineString","coordinates":[[[-47.36581922359493,-6.173839053505091],[-47.36718919230568,-6.164920047717316],[-47.36855911477176,-6.15600103630186],[-47.36992899198991,-6.147082017466388],[-47.371298824069754,-6.138162993038034],[-47.372668610205906,-6.129243962136341],[-47.37403835049601,-6.120324923876857],[-47.37540804595271,-6.111405880082674],[-47.37677769576663,-6.10248682896951],[-47.37814730004338,-6.093567771460565],[-47.37951685888855,-6.084648708479104],[-47.380886373298715,-6.075729638232834],[-47.382255842476475,-6.066810561648966],[-47.38362526652736,-6.0578914796507455],[-47.384994645545014,-6.048972390449834],[-47.38636397963495,-6.040053294969488],[-47.38773326889869,-6.0311341932290725],[-47.38910251343384,-6.022215084344124],[-47.3904717133498,-6.013295970141694],[-47.39184086874018,-6.004376848833484],[-47.39320997971435,-5.9954577222465595],[-47.394579045463146,-5.986538588596521],[-47.395948067897535,-5.977619448798725],[-47.39731704531344,-5.968700302880404],[-47.39868597871116,-5.959781149953146],[-47.40005486729334,-5.950861990944082],[-47.40142371296684,-5.94194282586473],[-47.40279251312497,-5.933023654746208],[-47.40416127057725,-5.9241044775960905],[-47.405529983615764,-5.915185293537772],[-47.40689865234587,-5.906266103494418],[-47.4082672777716,-5.897346907481465],[-47.409635859994296,-5.888427705518287],[-47.41100439730623,-5.87950849672817],[-47.41237289252043,-5.870589282022622],[-47.41374134302661,-5.861670060528832],[-47.415109750739035,-5.8527508340660095],[-47.416478114844814,-5.843831599945902],[-47.41784643545692,-5.8349123608993265],[-47.419214712668925,-5.825993115137961],[-47.42058294748848,-5.817073863581109],[-47.42195113820803,-5.808154605351992],[-47.42331928673769,-5.799235341366052],[-47.424687391373794,-5.790316071650336],[-47.42605545401865,-5.781396795312621],[-47.42742347296865,-5.7724775123799485],[-47.428791450137545,-5.76355822467159],[-47.43015938381025,-5.754638929503075],[-47.43152727500189,-5.745719629601362],[-47.432895123806006,-5.7368003231781],[-47.4342629303238,-5.727881010252634],[-47.43563069466026,-5.718961691748087],[-47.43699841601047,-5.710042366783776],[-47.438366094479406,-5.701123036282841],[-47.43973373196903,-5.69220369935309],[-47.441101326779716,-5.683284356925306],[-47.44246887900882,-5.67436500811499],[-47.443836389659744,-5.6654456529376125],[-47.4452038588374,-5.656526292316288],[-47.446571285740674,-5.647606926274123],[-47.447938670466876,-5.6386875539265935],[-47.44930601401932,-5.629768175289197],[-47.450673315596916,-5.620848790385021],[-47.45204057530451,-5.6119294001371784],[-47.45340779414156,-5.603010003657331],[-47.454774970408636,-5.594090601876168],[-47.456142106007256,-5.585171193901585],[-47.45750920013635,-5.576251779756648],[-47.45887625290073,-5.567332360364437],[-47.46024326439763,-5.558412934840425],[-47.461610235630154,-5.549493503200131],[-47.462977164895186,-5.540574065470363],[-47.464344053199525,-5.531654622570404],[-47.46571090064041,-5.522735173615753],[-47.46707770731883,-5.513815718625646]]]},"properties":{"id_fluxo":43,"agrupamento":"Imperatriz","origem_aproximada":"Campestre do Maranhão","destino_aproximado":"Imperatriz","comprimento_m":73881.5}},{"type":"Feature","geometry":{"type":"MultiLineString","coordinates":[[[-45.72774265894709,-1.4519006905517162],[-45.723147550960846,-1.4596361681042163],[-45.71855241188362,-1.4673716351529031],[-45.7139572414952,-1.475107091544585],[-45.70936203867708,-1.4828425389356847],[-45.70476680410763,-1.4905779762681177],[-45.700171537566355,-1.4983134024840001],[-45.69557623883361,-1.506048819239497],[-45.69098090768888,-1.5137842254767548],[-45.686385543911946,-1.5215196210426076],[-45.681790147282854,-1.529255006688528],[-45.677194718480024,-1.5369903813563688],[-45.67259925638458,-1.5447257457978871],[-45.66800375987734,-1.5524610998601975],[-45.66340823143458,-1.5601964424845718],[-45.65881266813982,-1.567931775328015],[-45.65421707246934,-1.575667097331815],[-45.64962144150607,-1.5834024083436122],[-45.645025777726595,-1.5911377082093736],[-45.64043007911304,-1.598872997681113],[-45.635834346344105,-1.6066082766053655],[-45.63123857830026,-1.6143435439245424],[-45.62664277655948,-1.6220788003895257],[-45.622046939103264,-1.6298140449430016],[-45.617451066610855,-1.6375492792408521],[-45.61285515886172,-1.645284502225165],[-45.608259216534556,-1.65301971374245],[-45.60366323761137,-1.6607549145447533],[-45.5990672236696,-1.6684901035736006],[-45.59447117358996,-1.6762252806760498],[-45.589875087152684,-1.6839604475082615],[-45.58527896503595,-1.6916956021073604],[-45.58068280612072,-1.699430745225071],[-45.57608661018668,-1.7071658767082019],[-45.571490377912546,-1.7149009964032196],[-45.56689410907799,-1.7226361041569156],[-45.562297802563975,-1.730371200721006],[-45.557701459048914,-1.7381062850372944],[-45.5531050783125,-1.7458413569525817],[-45.548508660134935,-1.7535764181229572],[-45.54391220429535,-1.7613114665858425],[-45.539315709674646,-1.7690465030929245],[-45.53471917785059,-1.7767815274904695],[-45.53012260770376,-1.7845165396254636],[-45.52552599901384,-1.7922515393446792],[-45.52092935156072,-1.7999865273995515],[-45.51633266512379,-1.8077215027321487],[-45.51173594038204,-1.8154564660936467],[-45.50713917621575,-1.8231914164263499],[-45.50254237330419,-1.8309263553861526],[-45.497945530527346,-1.8386612810106493],[-45.49334864856423,-1.8463961940510307],[-45.488751726295355,-1.8541310943543063],[-45.484154764399435,-1.8618659817669276],[-45.47955776175722,-1.8696008570405869],[-45.474960719946324,-1.8773357191168343],[-45.47036363694834,-1.8850705687475846],[-45.46576651434114,-1.8928054057790809],[-45.46116935010582,-1.9005402291538327],[-45.456572144921324,-1.9082750396230446],[-45.45197489946639,-1.9160098370331873],[-45.447377611722345,-1.923744621231461],[-45.44278028326727,-1.9314793929688037],[-45.438182912981375,-1.939214151187478],[-45.43358550064421,-1.9469488957342023],[-45.428988046934755,-1.9546836273601507],[-45.424390550733186,-1.9624183450075745],[-45.41979301271844,-1.9701530494276496],[-45.415195432670096,-1.9778877404670872],[-45.41059780946874,-1.9856224188775347],[-45.40600014289346,-1.9933570826962694],[-45.40140243452242,-2.001091732674278],[-45.39680468233697,-2.008826369563368],[-45.392206887015625,-2.0165609923053567],[-45.38760904833815,-2.024295601651621],[-45.383011166083826,-2.0320301965441585],[-45.37841324003261,-2.0397647786390602],[-45.37381526996359,-2.0474993459736193],[-45.369217256555736,-2.055233899299032],[-45.364619197790056,-2.0629684384623874],[-45.36002109524474,-2.0707029642146515],[-45.35542294869889,-2.0784374745931142],[-45.350824756133896,-2.0861719712542617],[-45.34622651912775,-2.093906454044384],[-45.34162823745992,-2.1016409228101454],[-45.337029910010436,-2.109375376493717],[-45.332431537458234,-2.117109815846276],[-45.32783311958277,-2.124844240714513],[-45.32323465526424,-2.1325786509452715],[-45.318636145181365,-2.140313046385026],[-45.3140375891138,-2.148047427785146],[-45.309438986840796,-2.1557817940876056],[-45.30484033904127,-2.163516146043575],[-45.300241643695905,-2.171250482595388],[-45.295642901483575,-2.1789848044941893],[-45.291044112183734,-2.1867191115866644],[-45.28644527647509,-2.194453403719293],[-45.28184639323777,-2.202187680738883],[-45.27724746225134,-2.209921943396787],[-45.27264848419419,-2.217656189730088],[-45.26804945794674,-2.22539042139499],[-45.2634503841877,-2.2331246382379724],[-45.25885126179696,-2.2408588392011475],[-45.25425209145341,-2.248593025035679],[-45.249652872936444,-2.256327195588223],[-45.245053605126074,-2.2640613507055503],[-45.240454288700995,-2.2717954902341524],[-45.23585492433999,-2.2795296140204964],[-45.231255510023786,-2.2872637228162294],[-45.22665604643098,-2.2949978155631046],[-45.2220565333409,-2.302731892107758],[-45.21745697143243,-2.3104659532013634],[-45.21285735868613,-2.318199998690816],[-45.20825769668011,-2.325934028422475],[-45.20365798429428,-2.333668042243089],[-45.199058222207384,-2.341402039999122],[-45.19445840929932,-2.349136021537331],[-45.189858545349395,-2.356869986704318],[-45.18525863103643,-2.364603936251258],[-45.180658665240216,-2.3723378691201646],[-45.176058649539,-2.3800717860621297],[-45.17145858191319,-2.3878056869239868],[-45.16685846214207,-2.395539571552326],[-45.162258291803695,-2.403273438888794],[-45.1576580697781,-2.411007290589515],[-45.15305779494497,-2.4187411255965054],[-45.148457467983036,-2.4264749437562108],[-45.1438570895711,-2.4342087458198467],[-45.13925665858885,-2.44194253072937],[-45.134656174815596,-2.4496762992360863],[-45.13005563803051,-2.4574100502818608],[-45.12545504801296,-2.4651437855226717],[-45.1208544054415,-2.4728775029956043],[-45.11625371009551,-2.480611204356655],[-45.11165295995504,-2.488344887643128],[-45.107052157498025,-2.49607855541549],[-45.10245130070442,-2.5038122048063096],[-45.09785038935356,-2.5115458374715818],[-45.093249425023664,-2.519279453257729],[-45.08864840569479,-2.527013051106719]]]},"properties":{"id_fluxo":44,"agrupamento":"Pinheiro","origem_aproximada":"Cândido Mendes","destino_aproximado":"Pinheiro","comprimento_m":138469.5}},{"type":"Feature","geometry":{"type":"MultiLineString","coordinates":[[[-44.380656181675874,-3.634445587445679],[-44.37896978835222,-3.625636558304467],[-44.37728342713803,-3.616827523615592],[-44.37559709791367,-3.6080184852155988],[-44.37391080236277,-3.599209441323678],[-44.37222453856614,-3.590400391965804],[-44.37053830730451,-3.581591338979106],[-44.36885210846075,-3.572782280581549],[-44.36716594101549,-3.563973217704361],[-44.36547980665168,-3.5551641494713904],[-44.36379370344964,-3.5463550768132417],[-44.3621076330923,-3.5375459988537434],[-44.3604215936594,-3.528736917428171],[-44.35873558593479,-3.519927829850452],[-44.35704961069856,-3.511118738862313],[-44.35536366693392,-3.5023096417764705],[-44.35367775362041,-3.4935005413334395],[-44.35199187244213,-3.4846914348477487],[-44.350306023278876,-3.4758823250605335],[-44.348620204213695,-3.467073209283869],[-44.34693441692754,-3.458264089355475],[-44.345248661302094,-3.449454965302583],[-44.34356293631946,-3.440645836247132],[-44.34187724186134,-3.4318367022163363],[-44.340191578709074,-3.423027564142684],[-44.33850594584478,-3.4142184211481093],[-44.3368203440498,-3.4054092741650863],[-44.33513477320706,-3.396600121411565],[-44.333449232296914,-3.387790964723407],[-44.33176372210128,-3.37898180412841],[-44.33007824250254,-3.370172638749177],[-44.32839279338305,-3.3613634677082787],[-44.3267073737226,-3.3525542937461905],[-44.32502198520508,-3.3437451141774526],[-44.3233366259114,-3.334935929932662],[-44.32165129752297,-3.3261267419449165],[-44.31996599812196,-3.31731754933554],[-44.31828072939039,-3.3085083521329577],[-44.31659548940988,-3.29969915036313],[-44.31491027986178,-3.2908899449591327],[-44.313225099729074,-3.282080734138287],[-44.31153994889235,-3.273271519737047],[-44.30985482813473,-3.2644622999739754],[-44.30816973643674,-3.2556530766849003],[-44.30648467368085,-3.2468438489923814],[-44.30479963974955,-3.238034616018996],[-44.30311463632349,-3.229225379602427],[-44.30142966058506,-3.220416138863373],[-44.29974471421681,-3.2116068929256487],[-44.29805979709935,-3.2027976436256944],[-44.29637490821517,-3.193988390085462],[-44.29469004834678,-3.1851791314281104],[-44.29300521737543,-3.1763698685854593],[-44.29132041518238,-3.167560602489328],[-44.289635640750824,-3.158751331357035],[-44.28795089486199,-3.1499420561209988],[-44.28626617739842,-3.141132775903789],[-44.284581488240775,-3.1323234925418344],[-44.28289682727222,-3.1235142042530533],[-44.281212194373445,-3.1147049128739077],[-44.27952758942823,-3.1058956157176665],[-44.27784301231666,-3.0970863155254014],[-44.27615846292131,-3.088277011419678],[-44.27447394112474,-3.0794677025230235],[-44.27278944770817,-3.070658389767864],[-44.27110498165429,-3.0618490722761442],[-44.26942054284444,-3.0530397509796523],[-44.2677361320605,-3.044230425906177],[-44.266051748285136,-3.035421096177648],[-44.264367391399155,-3.0266117636305108],[-44.26268306218621,-3.0178024255786635],[-44.260998759627235,-3.008993083857888],[-44.25931448450406,-3.0001837384959997],[-44.257630236698674,-2.99137438952015],[-44.255946015194496,-2.9825650351476525],[-44.25426182077154,-2.9737556781201553],[-44.25257765241323,-2.9649463166549554],[-44.250893511801166,-2.9561369507804574],[-44.24920939701721,-2.947327581427196],[-44.24752530884378,-2.9385182077183525]]]},"properties":{"id_fluxo":45,"agrupamento":"Titara","origem_aproximada":"Cantanhede","destino_aproximado":"Rosário","comprimento_m":78338.0}},{"type":"Feature","geometry":{"type":"MultiLineString","coordinates":[[[-44.3279453671243,-4.729180389389895],[-44.32030433099534,-4.724407270291715],[-44.31266339869613,-4.719634066947342],[-44.30502257200859,-4.714860778711031],[-44.29738184910809,-4.710087404933447],[-44.28974122997057,-4.705313947680848],[-44.28210071547725,-4.700540405402036],[-44.27446030470423,-4.695766778353163],[-44.26681999762832,-4.690993067695852],[-44.25917979422915,-4.6862192718780085],[-44.251539695384125,-4.68144539296685],[-44.24389969926971,-4.676671429408305],[-44.236259806765204,-4.671897381460435],[-44.228620017847355,-4.667123250284881],[-44.22098033159328,-4.662349035233144],[-44.213340748883255,-4.657574735658682],[-44.20570126969295,-4.65280035362774],[-44.19806189310054,-4.648025887587201],[-44.190422619083726,-4.643251337794124],[-44.182783447620196,-4.638476704505583],[-44.17514437958917,-4.6337019879796735],[-44.167505413165266,-4.628927188471359],[-44.159866550129195,-4.624152306239817],[-44.15222778865666,-4.6193773406354035],[-44.14458912962685,-4.614602291916255],[-44.136950572115936,-4.609827160338359],[-44.12931211700304,-4.605051946159832],[-44.121673764265815,-4.600276649637781],[-44.11403551208009,-4.5955012701224405],[-44.10639736222644,-4.590725807873133],[-44.09875931468133,-4.585950264051481],[-44.09112136762181,-4.581174637103139],[-44.083483521925814,-4.576398928190888],[-44.075845777570926,-4.571623137571753],[-44.06820813453712,-4.56684726369371],[-44.06057059279966,-4.5620713086229445],[-44.052933151435944,-4.557295271710755],[-44.04529581132495,-4.552519153215396],[-44.03765857154409,-4.547742952488191],[-44.03002143297114,-4.542966670691949],[-44.02238439468474,-4.53819030627342],[-44.014747455758716,-4.533413861297551],[-44.007110617974554,-4.52863733511927],[-43.999473880409724,-4.523860727089898],[-43.99183724304181,-4.5190840374665],[-43.984200705847115,-4.514307267410655],[-43.97656426790315,-4.509530416273662],[-43.96892793008879,-4.504753484313806],[-43.96129169148029,-4.499976471786875],[-43.95365555295778,-4.495199378046718],[-43.946019513597506,-4.4904222033490795],[-43.93838357337705,-4.485644947951015],[-43.93074773227263,-4.480867613014116],[-43.92311199116565,-4.476090196987731],[-43.915476348231145,-4.4713127001262825],[-43.90784080434524,-4.466535124497157],[-43.90020535948945,-4.461757467643893],[-43.89257001363994,-4.456979730728081]]]},"properties":{"id_fluxo":46,"agrupamento":"Codó","origem_aproximada":"Capinzal do Norte","destino_aproximado":"Codó","comprimento_m":56905.2}},{"type":"Feature","geometry":{"type":"MultiLineString","coordinates":[[[-47.46574176891214,-7.333342181117638],[-47.45678094464614,-7.334571948201055],[-47.44782007234528,-7.335801536015567],[-47.438859149516546,-7.337030946293542],[-47.42989817816829,-7.338260176223873],[-47.420937157622795,-7.339489228432848],[-47.411976088087854,-7.340718101926759],[-47.40301496886612,-7.34194679571677],[-47.39405380018001,-7.343175311520525],[-47.38509258314266,-7.344403648339512],[-47.37613131706156,-7.345631806088698],[-47.36717000124416,-7.34685978468298],[-47.35820863590322,-7.348087584032483],[-47.34924722216153,-7.349315204946379],[-47.34028575841646,-7.35054264644053],[-47.33132424578608,-7.35176990842033],[-47.32236268358254,-7.352996991704512],[-47.31340107292387,-7.354223896198554],[-47.30443941311283,-7.355450620913543],[-47.29547770346149,-7.356677166668148],[-47.28651594508795,-7.35790353336795],[-47.27755413729495,-7.359129720023948],[-47.26859228030449,-7.360355728354102],[-47.25963037341473,-7.361581556465492],[-47.25066841865836,-7.362807206066992],[-47.241706413522834,-7.364032675274789],[-47.23274436004081,-7.3652579657978405],[-47.223782256609695,-7.366483076651613],[-47.21482010434766,-7.367708007741863],[-47.20585790256654,-7.368932759887313],[-47.19689565238005,-7.370157332089898],[-47.187933352190086,-7.3713817242688755],[-47.178971003119315,-7.372605937234033],[-47.17000860447503,-7.373829970900162],[-47.16104615646557,-7.375053824273684],[-47.1520836602136,-7.376277498164516],[-47.143121114120945,-7.377500992491807],[-47.13415851840034,-7.378724307165925],[-47.12519587416575,-7.37994744118898],[-47.11623317982758,-7.381170396287911],[-47.10727043740531,-7.3823931714606355],[-47.098307644390914,-7.383615765726422],[-47.089344802816754,-7.384838180795098],[-47.08038191289136,-7.3860604156732235],[-47.07141897211513,-7.387282471187881],[-47.06245598341328,-7.388504346332917],[-47.05349294518748,-7.389726041027259],[-47.04452985674917,-7.3909475560895075],[-47.0355667201181,-7.392168890517844],[-47.02660353370007,-7.393390045135124],[-47.01764029861345,-7.394611019847715],[-47.00867701325575,-7.395831813670358],[-46.99971367965509,-7.397052427409413],[-46.99075029621305,-7.3982728609836075],[-46.98178686404804,-7.399493114299452],[-46.97282338246726,-7.400713187271576],[-46.96385985168352,-7.401933079810537],[-46.95489627100799,-7.403152792734985],[-46.94593264155112,-7.404372324143438],[-46.93696896262807,-7.405591675758591],[-46.928005235353346,-7.406810846583059],[-46.91904145722278,-7.408029836539279],[-46.910077631170154,-7.409248646430207],[-46.90111375559301,-7.410467275270235],[-46.89214983070808,-7.411685723874134],[-46.88318585581863,-7.412903991252307],[-46.874221832050864,-7.414122079119765],[-46.86525775960996,-7.415339985579067],[-46.85629363780308,-7.416557710544712],[-46.84732946594493,-7.417775255739402],[-46.838365245150264,-7.41899262016599],[-46.8294009756282,-7.420209802831098],[-46.82043665669334,-7.421426805457445],[-46.81147228764901,-7.422643627055401],[-46.80250786961385,-7.423860267531979],[-46.79354340280439,-7.42507672770214],[-46.78457888652039,-7.426293005672046],[-46.775614320982044,-7.427509103160776],[-46.76664970640218,-7.428725020079151],[-46.75768504208425,-7.429940755437428],[-46.74872032824473,-7.431156310050608],[-46.73975556599871,-7.432371682921763],[-46.73079075375104,-7.433586874873068],[-46.72182589262038,-7.4348018858117895],[-46.712860981913785,-7.436016715652344],[-46.70389602184063,-7.437231363401422],[-46.69493101352665,-7.438445830774797],[-46.68596595446367,-7.4396601167896],[-46.67700084667286,-7.440874220445613],[-46.66803569037401,-7.442088143462142],[-46.659070483964854,-7.4433018848527945],[-46.65010522766165,-7.444515445432637],[-46.64113992348233,-7.445728823297504],[-46.632174568932236,-7.446942021081026],[-46.6232091651201,-7.44815503597821],[-46.61424371317144,-7.4493678697051156],[-46.60527821058143,-7.4505805221826815],[-46.59631265937479,-7.451792993315302],[-46.58734705885525,-7.453005282113068],[-46.57838140833307,-7.454217389394423],[-46.5694157089271,-7.455429315067158],[-46.56044996084709,-7.456641058138101],[-46.551484162500465,-7.457852620333172],[-46.542518315908865,-7.45906400065282],[-46.53355241947334,-7.460275199014479],[-46.52458647340679,-7.461486215329156],[-46.51562047792219,-7.462697049507943],[-46.50665443414159,-7.4639077023631],[-46.49768834046284,-7.465118172907679],[-46.48872219709893,-7.466328461052779],[-46.47975600426586,-7.467538567613737],[-46.47078976308259,-7.468748492498689],[-46.46182347194704,-7.469958234720582],[-46.45285713197822,-7.471167794187512],[-46.443890741583026,-7.472377172625202],[-46.43492430278053,-7.473586368130272],[-46.42595781488065,-7.474795381521207],[-46.41699127719324,-7.476004213616413],[-46.40802468992544,-7.477212862518471],[-46.3990580541992,-7.478421329040004],[-46.39009136841544,-7.479629613098003],[-46.38112463369603,-7.480837715505128],[-46.372157849345065,-7.482045635271157],[-46.363191016481615,-7.483253372304544],[-46.35422413350656,-7.484460926522132],[-46.34525720063567,-7.485668298739505],[-46.336290219891396,-7.486875487958049],[-46.3273231887712,-7.488082495001702],[-46.31835610839419,-7.48928931977898],[-46.30938897897068,-7.490495961296875],[-46.30042180071908,-7.4917024212753764],[-46.291454572032144,-7.492908696918152],[-46.28248729494318,-7.49411479084424],[-46.27351996785028,-7.495320702065929],[-46.264552591872615,-7.496526430491939],[-46.25558516631709,-7.497731976036254],[-46.24661769139677,-7.4989373386102525],[-46.237650167324716,-7.5001425181252825],[-46.228682594313995,-7.501347514492794],[-46.21971497076785,-7.5025523285335876],[-46.210747298709165,-7.503756959249669],[-46.20177957744736,-7.5049614074593345],[-46.1928118062868,-7.506165672172145],[-46.18384398634923,-7.507369754201429],[-46.17487611693911,-7.50857365255672],[-46.16590819827194,-7.509777368053862],[-46.15694022965461,-7.510980900606729],[-46.14797221220639,-7.512184250124392],[-46.139004145234175,-7.513387416520722],[-46.13003602894871,-7.51459039880284],[-46.1210678635678,-7.515793198691008],[-46.11209964839366,-7.516995814290298],[-46.10313138455027,-7.518198247318741],[-46.094163071342194,-7.51940049678574],[-46.08519470807856,-7.5206025635095335],[-46.07622629587426,-7.521804445590567],[-46.06725783404286,-7.523006145655898],[-46.058289322790834,-7.524207660903815],[-46.04932076233573,-7.525408993054773],[-46.040352152890705,-7.526610142020343]]]},"properties":{"id_fluxo":47,"agrupamento":"Balsas","origem_aproximada":"Carolina","destino_aproximado":"Balsas","comprimento_m":158809.2}},{"type":"Feature","geometry":{"type":"MultiLineString","coordinates":[[[-46.01886898396193,-1.2012665847172261],[-46.013704485101734,-1.208633096582972],[-46.008539958662524,-1.2159995982973915],[-46.00337540353343,-1.2233660905820496],[-45.998210820400054,-1.230732571444111],[-45.99304620994897,-1.2380990416045263],[-45.987881570170586,-1.245465501785197],[-45.98271690175115,-1.2528319518024567],[-45.977552204477846,-1.2601983905684144],[-45.97238747813854,-1.2675648188042947],[-45.96722272252041,-1.2749312354221845],[-45.96205793741163,-1.2822976420479197],[-45.956893123498176,-1.2896640375932444],[-45.95172827966913,-1.2970304227797584],[-45.94656340571131,-1.3043967956149214],[-45.94139850141324,-1.3117631586291916],[-45.93623356746056,-1.3191295098296671],[-45.93106860274231,-1.3264958499379615],[-45.92590360794478,-1.3338621787703888],[-45.92073858195672,-1.3412284961439407],[-45.91557352546441,-1.3485948018749112],[-45.91040843735687,-1.355961096684931],[-45.9052433183201,-1.363327379485665],[-45.90007816814193,-1.3706936509983874],[-45.89491298571103,-1.378059911040084],[-45.88974777261221,-1.385426158522104],[-45.88458252683599,-1.3927923950709973],[-45.87941724906837,-1.400158619598451],[-45.87425193909681,-1.407524831921086],[-45.86908659670882,-1.4148910318555725],[-45.863921222591074,-1.4222572201227928],[-45.85875581473336,-1.429623396540094],[-45.853590373821994,-1.4369895609237537],[-45.848424900543336,-1.4443557130900493],[-45.84325939288714,-1.4517218528563194],[-45.83809385333747,-1.4590879800381464],[-45.832928278985214,-1.4664540944532003],[-45.827762671415925,-1.4738201968220268],[-45.822597029518185,-1.4811862869616212],[-45.81743135397803,-1.488552363783623],[-45.8122656436847,-1.495918428914249],[-45.80709989932387,-1.5032844803605039],[-45.80193411978482,-1.510650519748638],[-45.79676830575353,-1.5180165459902997],[-45.79160245701748,-1.5253825589020689],[-45.78643657336448,-1.5327485592052115],[-45.78127065368307,-1.5401145467166881],[-45.77610469865927,-1.5474805203481037],[-45.77093870808119,-1.554846481725378],[-45.76577268173564,-1.5622124288558195],[-45.76060661941071,-1.5695783633653158],[-45.75544052089353,-1.5769442841658434],[-45.75027438687081,-1.5843101919783036],[-45.7451082153321,-1.5916760866199522],[-45.73994200696347,-1.5990419670024123],[-45.7347757624516,-1.6064078338466],[-45.729609480685,-1.613773686969453],[-45.724443161451106,-1.6211395261875456],[-45.7192768054366,-1.628505352221796],[-45.71411041152965,-1.6358711639844832],[-45.708943980416976,-1.6432369621965073],[-45.703777510986676,-1.6506027457701242],[-45.698611003925805,-1.6579685163309026],[-45.693444458122165,-1.6653342718864548],[-45.68827787426247,-1.6727000131576955],[-45.68311125213444,-1.6800657408658277],[-45.67794459062618,-1.687431453923122],[-45.672777890424406,-1.6947971530504957],[-45.66761115131621,-1.7021628371598472],[-45.66244437308931,-1.709528506972408],[-45.6572775555311,-1.7168941623047653],[-45.652110698428984,-1.7242598029734713],[-45.646943801570345,-1.7316254287951094],[-45.64177686474259,-1.7389910395862263],[-45.636609887733385,-1.7463566360680667],[-45.63144287033014,-1.7537222180571743],[-45.62627581321895,-1.7610877844651556],[-45.621108715288486,-1.7684533360135222],[-45.615941576326094,-1.7758188725188462],[-45.61077439611916,-1.783184393797663],[-45.6056071753544,-1.7905499005709105],[-45.600439913818896,-1.797915391750456],[-45.59527261040094,-1.8052808671531617],[-45.5901052648882,-1.812646327500242],[-45.58493787796709,-1.8200117726079301],[-45.57977044942468,-1.8273772013881138],[-45.574602978149834,-1.8347426154669728],[-45.569435465727764,-1.8421080137557746],[-45.56426790924857,-1.8494733960719245],[-45.55910031119713,-1.8568387631358005],[-45.55393267046143,-1.8642041138595156],[-45.548764986829084,-1.8715694489642951],[-45.54359725918832,-1.878934768266949],[-45.53842948912467,-1.8863000715834264],[-45.533261675526376,-1.8936653587305516],[-45.52809381728162,-1.9010306295251223],[-45.52292591597597,-1.9083958837830892],[-45.517757971397316,-1.9157611231303722],[-45.512589981533864,-1.9231263446699565],[-45.50742194797202,-1.930491550931876],[-45.5022538695994,-1.9378567399235336],[-45.497085747103014,-1.945221913270573],[-45.491917579370465,-1.9525870689803684],[-45.48674936618956,-1.959952208678813],[-45.48158110824677,-1.967317332182149],[-45.47641280532913,-1.9746824384021973],[-45.47124445722418,-1.9820475280601468],[-45.46607606281977,-1.9894126000680672],[-45.46090762190369,-1.9967776560518116],[-45.45573913606132,-2.004142694922714],[-45.4505706032813,-2.0115077155930496],[-45.44540202515006,-2.0188727205929142],[-45.44023339965595,-2.0262377079298806],[-45.43506472748545,-2.0336026774202023],[-45.42989600842604,-2.0409676297850736],[-45.42472724226521,-2.048332565745637],[-45.41955842968897,-2.055697483308766],[-45.41438956868635,-2.063062383196109],[-45.409220660843275,-2.070427266128379],[-45.40405170504753,-2.07779213101756],[-45.39888270198581,-2.0851569785846045],[-45.393713649646855,-2.0925218086464596],[-45.38854454961616,-2.099886620114405],[-45.383375401681185,-2.107251413709639],[-45.378206204730084,-2.114616190153532],[-45.373036959448925,-2.1219809474529114],[-45.367867664726084,-2.1293456872338856],[-45.362698321248025,-2.136710409312693],[-45.35752892790245,-2.1440751126012727],[-45.352359485376056,-2.1514397978205797],[-45.34718999345605,-2.158804464787082],[-45.342020451929606,-2.1661691133171983],[-45.33685086058412,-2.17353374413211],[-45.331681219206374,-2.1808983552388606],[-45.32651152668464,-2.1882629482634557],[-45.32134178460469,-2.195627523021978],[-45.316171991854205,-2.2029920784263246],[-45.311002147321204,-2.210356615197857],[-45.30583225259151,-2.217721133152627],[-45.30066230745227,-2.225085632107037],[-45.29549230989216,-2.232450112782623],[-45.290322261496634,-2.239814573186037],[-45.28515216115404,-2.247179015847961],[-45.27998200865113,-2.254543438775442],[-45.2748118046746,-2.2619078426894115],[-45.26964154901138,-2.2692722265016028],[-45.26447123965024,-2.27663659183816],[-45.2593008790762,-2.2840009376102905],[-45.25413046527765,-2.291365263634752],[-45.248959998941245,-2.2987295706324793],[-45.243789479853916,-2.306093857515192],[-45.23861890690355,-2.3134581250041375],[-45.23344828077662,-2.32082237291556],[-45.22827760126022,-2.3281866010658767],[-45.223106868141436,-2.3355508092714707],[-45.21793608120736,-2.34291499734875],[-45.21276524024522,-2.3502791660187996],[-45.207594345041926,-2.3576433141933184],[-45.20242339538457,-2.365007441688673],[-45.19725239106046,-2.372371550130683],[-45.19208133185642,-2.3797356375262937],[-45.18691021845917,-2.387099705501196],[-45.18173904975619,-2.394463752967184],[-45.17656782553455,-2.401827779740613],[-45.171396546480715,-2.409191785637755],[-45.16622521148241,-2.41655577137979],[-45.161053821226105,-2.4239197367829894],[-45.15588237459925,-2.431283680759103],[-45.15071087228855,-2.438647604933822],[-45.145539313181445,-2.4460115082189],[-45.14036769796441,-2.4533753904305753],[-45.13519602642446,-2.4607392513852253],[-45.13002429744919,-2.4681030918040037],[-45.124852511725,-2.4754669105984566],[-45.119680669039056,-2.482830709394339],[-45.114508769178165,-2.4901944861985936],[-45.109336811929396,-2.497558241732256],[-45.10416479707974,-2.5049219758116856],[-45.09899272531574,-2.5122856891578786],[-45.093820594625235,-2.5196493806825497],[-45.08864840569479,-2.527013051106719]]]},"properties":{"id_fluxo":48,"agrupamento":"Pinheiro","origem_aproximada":"Carutapera","destino_aproximado":"Pinheiro","comprimento_m":179385.9}},{"type":"Feature","geometry":{"type":"MultiLineString","coordinates":[[[-43.34604720755697,-4.879521642171202],[-43.353149159151165,-4.874036886744372],[-43.360250995758584,-4.868552056071424],[-43.36735271656669,-4.863067149501402],[-43.37445432256594,-4.857582166387786],[-43.38155581474028,-4.852097108796891],[-43.38865719137991,-4.846611974266972],[-43.39575845346669,-4.841126765768699],[-43.4028596019953,-4.835641480846796],[-43.40996063524734,-4.830156120656827],[-43.41706155511258,-4.824670685458543],[-43.4241623607763,-4.819185175505353],[-43.43126305232736,-4.813699590148451],[-43.438363630753976,-4.80821392964541],[-43.44546409524144,-4.802728194249627],[-43.45256444587648,-4.797242384216617],[-43.45966468364738,-4.791756499803915],[-43.46676480774141,-4.786270540360613],[-43.47386481914682,-4.780784506144192],[-43.480964717046874,-4.775298398312462],[-43.488064502433794,-4.769812215314181],[-43.49516417539233,-4.764325958309148],[-43.502263736009255,-4.758839627552802],[-43.509363183471805,-4.753353222394254],[-43.51646251876819,-4.747866743090915],[-43.523561741985176,-4.742380189898207],[-43.530660853209476,-4.736893563071536],[-43.53775985252787,-4.731406862866311],[-43.54485874002899,-4.725920088633594],[-43.55195751579959,-4.720433240628786],[-43.55905618082783,-4.714946319109122],[-43.5661547333976,-4.709459324326298],[-43.5732531753985,-4.703972256539404],[-43.58035150601769,-4.698485115097574],[-43.5874497253401,-4.692997901160595],[-43.59454783435749,-4.6875106131768645],[-43.6016458322516,-4.682023253208705],[-43.608743719112766,-4.676535819702717],[-43.61584149682871,-4.6710483138222045],[-43.622939162783794,-4.665560734912763],[-43.63003671976713,-4.6600730841394755],[-43.63713416516485,-4.654585359943559],[-43.64423150176606,-4.649097563490013],[-43.6513287287561,-4.643609695032413],[-43.65842584532208,-4.638121753919919],[-43.66552285245208,-4.632633740409558],[-43.67261975023115,-4.627145655661101],[-43.67971653874941,-4.621657498120951],[-43.68681321809187,-4.61616926894884],[-43.69390978834531,-4.61068096840008],[-43.70100624959811,-4.605192595825507],[-43.70810260193698,-4.5997041514804025],[-43.71519884634999,-4.5942156356216675],[-43.72229498112283,-4.588727047596873],[-43.729391008141654,-4.583238389473415],[-43.73648692749798,-4.577749658793192],[-43.743582737472735,-4.5722608576171675],[-43.75067843995685,-4.5667719852993205],[-43.75777403503706,-4.561283042094895],[-43.76486952190032,-4.555794027353069],[-43.77196490153312,-4.550304942235098],[-43.779060173122424,-4.544815786090208],[-43.78615533765624,-4.539326559175153],[-43.793250395221285,-4.533837261745137],[-43.80034534590578,-4.5283478931508885],[-43.80744018889367,-4.522858454550572],[-43.81453492517298,-4.517368946200922],[-43.82162955483189,-4.5118793674526225],[-43.82872407795857,-4.506389717656386],[-43.8358184955381,-4.500899998877804],[-43.84291280585758,-4.495410209560193],[-43.85000700990496,-4.489920349960174],[-43.857101108668196,-4.484430420334309],[-43.86419510043014,-4.478940421839442],[-43.87128898708275,-4.473450352924562],[-43.87838276780876,-4.467960215652392],[-43.88547644360024,-4.462470007565979],[-43.89257001363994,-4.456979730728081]]]},"properties":{"id_fluxo":49,"agrupamento":"Codó","origem_aproximada":"Caxias","destino_aproximado":"Codó","comprimento_m":76544.0}},{"type":"Feature","geometry":{"type":"MultiLineString","coordinates":[[[-44.53526141448573,-1.9969049358974227],[-44.541769603800525,-2.0031427100497194],[-44.54827784110577,-2.00938045736131],[-44.55478612924459,-2.015618178493043],[-44.561294465665135,-2.021855873199523],[-44.567802853210786,-2.028093541236886],[-44.574311289329664,-2.034331182359785],[-44.58081977596598,-2.0405687963240675],[-44.58732831236624,-2.046806382884907],[-44.593836899575,-2.053043943607286],[-44.60034553773848,-2.0592814764371865],[-44.60685422520374,-2.0655189820342095],[-44.61336296391502,-2.0717564601542136],[-44.61987175401788,-2.077993911457246],[-44.626380594759055,-2.08423133479376],[-44.63288948718334,-2.0904687308240377],[-44.63939843053727,-2.0967060993032325],[-44.64590742586584,-2.102943439986918],[-44.6524164724156,-2.10918075263025],[-44.658925571231364,-2.1154180378934955],[-44.66543472155984,-2.1216552946271126],[-44.67194392444586,-2.1278925234913744],[-44.67845317913596,-2.134129724241426],[-44.684962486675154,-2.1403668966328153],[-44.691471847209066,-2.1466040413255927],[-44.69798125998437,-2.152841157170223],[-44.70449072604594,-2.1590782448269583],[-44.711000244640445,-2.1653153031462455],[-44.71750981681262,-2.1715523336930187],[-44.724019441809105,-2.177789335317762],[-44.73052912067501,-2.184026307775953],[-44.73703885355593,-2.1902632517276834],[-44.74354864059768,-2.19650016692824],[-44.75005848104672,-2.202737053132837],[-44.75656837594817,-2.208973910096946],[-44.76307832454848,-2.2152107375757706],[-44.76958832789276,-2.2214475353247707],[-44.776098386126534,-2.2276843049086907],[-44.782608498496536,-2.23392104427332],[-44.789118666947104,-2.2401577540789437],[-44.79562888892599,-2.2463944340805084],[-44.80213916727692,-2.2526310849384155],[-44.80864950034711,-2.258867705503038],[-44.81515989008085,-2.2651042973393385],[-44.821670333926164,-2.2713408574881684],[-44.82818083472654,-2.277577389324009],[-44.834691390829356,-2.283813889887834],[-44.84120200417896,-2.2900503607445857],[-44.847712673122494,-2.296286800744635],[-44.85422339780567,-2.3025232105480256],[-44.860734180172976,-2.3087595908149425],[-44.867245018571616,-2.3149959394910957],[-44.873755914046626,-2.3212322581412996],[-44.880266866743916,-2.3274685456161195],[-44.88677787680921,-2.3337048025755784],[-44.89328894438834,-2.3399410287749665],[-44.899800068727686,-2.346177223969508],[-44.906311251771925,-2.352413387914606],[-44.912822491867956,-2.3586495212701504],[-44.91933379006109,-2.364885622886774],[-44.9258451464971,-2.3711216934244552],[-44.93235656132181,-2.3773577326385062],[-44.93886803468104,-2.383593740284168],[-44.9453795667206,-2.389829717021446],[-44.95189115758634,-2.3960656617008977],[-44.95840280652463,-2.4023015740777667],[-44.96491451548017,-2.4085374557168064],[-44.971426282799925,-2.4147733045637874],[-44.97793811042861,-2.4210091221834755],[-44.98444999671315,-2.4272449074263687],[-44.99096194359832,-2.433480660952447],[-44.99747394943101,-2.439716381612271],[-45.003986016156034,-2.4459520709704954],[-45.01049814212025,-2.4521877269729804],[-45.01701032926848,-2.4584233511843583],[-45.0235225759476,-2.464658942455218],[-45.03003488410247,-2.4708945014454544],[-45.03654725207992,-2.477130027910381],[-45.04305968182483,-2.483365521605177],[-45.04957217168403,-2.4896009822851335],[-45.05608472360241,-2.4958364097054244],[-45.062597336826336,-2.502071804526025],[-45.06911001150164,-2.508307165597454],[-45.07562274777427,-2.514542494484381],[-45.08213554579,-2.5207777891325756],[-45.08864840569479,-2.527013051106719]]]},"properties":{"id_fluxo":50,"agrupamento":"Pinheiro","origem_aproximada":"Cedral","destino_aproximado":"Pinheiro","comprimento_m":84966.7}},{"type":"Feature","geometry":{"type":"MultiLineString","coordinates":[[[-44.8313137616873,-2.1968338261310945],[-44.83678772972313,-2.2038594200611468],[-44.84226174993497,-2.2108849924155334],[-44.8477358207197,-2.217910543902963],[-44.853209943172146,-2.2249360752324683],[-44.858684117488096,-2.231961584398776],[-44.86415834476236,-2.2389870730155788],[-44.86963262339194,-2.246012539982206],[-44.8751069544717,-2.2530379860076026],[-44.88058133729795,-2.2600634108958695],[-44.886055773865095,-2.2670888135466525],[-44.89153026256991,-2.2741141955733677],[-44.89700480450753,-2.2811395549708475],[-44.90247939897408,-2.2881648933526235],[-44.90795404706461,-2.295190210522908],[-44.91342874897482,-2.3022155053811644],[-44.91890350400092,-2.309240778636211],[-44.92437831323797,-2.3162660300922617],[-44.929853175982274,-2.323291258648709],[-44.9353280933288,-2.3303164659191635],[-44.940803064573835,-2.3373416517077703],[-44.94627809081253,-2.344366814009252],[-44.95175317044161,-2.3513919553418487],[-44.95722830635511,-2.3584170737003745],[-44.9627034960504,-2.3654421697935946],[-44.96817874152204,-2.372467243425704],[-44.97365404206627,-2.3794922944007992],[-44.979129397878815,-2.3865173225230514],[-44.98460480915533,-2.393542328501277],[-44.99008027609155,-2.40056731213964],[-44.995555798883174,-2.4075922723375234],[-45.0010313786254,-2.414617209803801],[-45.00650701371499,-2.4216421243425605],[-45.011982705247156,-2.428667016662673],[-45.0174584543171,-2.4356918847587847],[-45.022934259321595,-2.442716730244492],[-45.028410121355876,-2.449741552923882],[-45.033886040615684,-2.4567663526010484],[-45.039362016397256,-2.463791128175444],[-45.044838050695354,-2.470815880355821],[-45.05031414190675,-2.4778406098510497],[-45.05579029022719,-2.4848653155605294],[-45.06126649765146,-2.491889997288281],[-45.06674276257631,-2.4989146557432065],[-45.07221908519749,-2.505939289824662],[-45.0776954666104,-2.51296390114615],[-45.083171907010716,-2.5199884877023133],[-45.08864840569479,-2.527013051106719]]]},"properties":{"id_fluxo":51,"agrupamento":"Pinheiro","origem_aproximada":"Central do Maranhão","destino_aproximado":"Pinheiro","comprimento_m":46373.3}},{"type":"Feature","geometry":{"type":"MultiLineString","coordinates":[[[-46.03870549834545,-2.4505207413307892],[-46.02974320585594,-2.4512455663558654],[-46.0207809028427,-2.4519703306010765],[-46.01181859042212,-2.4526950340122995],[-46.00285626881197,-2.4534196774407278],[-45.9938939373299,-2.4541442608335973],[-45.98493159619298,-2.4548687841375005],[-45.9759692456176,-2.455593246394469],[-45.96700688582146,-2.456317648455683],[-45.95804451522288,-2.4570419902690355],[-45.949082135837,-2.457766270875254],[-45.94011974608339,-2.4584904920314132],[-45.9311573470772,-2.459214651874286],[-45.922194938136755,-2.4599387512557107],[-45.91323252037906,-2.4606627910263117],[-45.90427009222118,-2.461386769324731],[-45.895307654780154,-2.462110687001583],[-45.88634520737424,-2.462834544908694],[-45.87738275021926,-2.4635583411835005],[-45.86842028353346,-2.464282077581848],[-45.859457806633884,-2.46500575314634],[-45.85049532063696,-2.465729367823047],[-45.841532824860906,-2.4664529224637946],[-45.83257031952218,-2.4671764161106546],[-45.82360780483782,-2.4678998487102444],[-45.81464527922662,-2.468623221114955],[-45.80568274470384,-2.46934653236574],[-45.79672020058714,-2.4700697824097864],[-45.78775764709462,-2.470792973003012],[-45.778795083542285,-2.471516101378779],[-45.76983251014876,-2.472239170197605],[-45.76086992713,-2.472962177596907],[-45.75190733470307,-2.4736851235233965],[-45.74294473218659,-2.4744080097335046],[-45.73398211979654,-2.4751308343646596],[-45.72501949775049,-2.475853598268167],[-45.71605686626544,-2.4765763013907556],[-45.70709422555795,-2.477298942774453],[-45.69813157404713,-2.4780215241762087],[-45.6891689137484,-2.4787440446371556],[-45.68020624307942,-2.479466503200267],[-45.6712435631576,-2.4801889016210943],[-45.66228087329963,-2.480911238037497],[-45.6533181737234,-2.481633514205524],[-45.6443554646455,-2.4823557291672116],[-45.635392745383506,-2.4830778828697384],[-45.62643001615486,-2.4837999761644642],[-45.617467278075196,-2.4845220071884087],[-45.608504529563476,-2.485243977698439],[-45.59954177173617,-2.48596588764089],[-45.59057900391001,-2.4866877351535703],[-45.58161622630324,-2.487409522897244],[-45.572653439131685,-2.4881312481046285],[-45.56369064261317,-2.4888529125318253],[-45.55472783606523,-2.4895745161259617],[-45.54576501970452,-2.490296057929153],[-45.53680219284893,-2.4910175387931623],[-45.52783935751446,-2.4917389586640324],[-45.518876511219325,-2.4924603165849493],[-45.50991365597988,-2.4931816134066147],[-45.50095079111365,-2.4939028490761985],[-45.49198791593784,-2.494624022636104],[-45.48302503067015,-2.4953451358424736],[-45.47406213642642,-2.4960661868323997],[-45.46509923252451,-2.4967871764576826],[-45.45613631828226,-2.4975081055700943],[-45.447173394815586,-2.498228972306759],[-45.43821046054282,-2.4989497775197687],[-45.42924751747997,-2.499670521155309],[-45.42028456404538,-2.50039120406547],[-45.411321601355255,-2.5011118252920728],[-45.40235862872712,-2.5018323847821975],[-45.39339564637804,-2.5025528824826675],[-45.3844326536255,-2.50327331834058],[-45.37546965158631,-2.5039936932071405],[-45.36650663957772,-2.50471400612474],[-45.357543618716534,-2.5054342579446787],[-45.348580586521,-2.506154447709816],[-45.33961754590667,-2.506874575366226],[-45.33065449439227,-2.507594641766171],[-45.32169143399386,-2.5083146468560207],[-45.31272836312922,-2.5090345896783686],[-45.30376528291511,-2.509754471084531],[-45.29480219266882,-2.510474290116867],[-45.28583909260761,-2.511194047626921],[-45.27687598204898,-2.5119137435617214],[-45.267912863008995,-2.512633377867755],[-45.25894973300612,-2.5133529504924628],[-45.24998659405627,-2.5140724604775984],[-45.241023444577756,-2.5147919095798024],[-45.23206028568683,-2.5155112959363595],[-45.22309711760068,-2.5162306203988516],[-45.214133938737284,-2.5169498829144636],[-45.205170750213355,-2.5176690843346163],[-45.196207552245646,-2.5183882227967618],[-45.18724434415194,-2.519107300057372],[-45.178281126149145,-2.5198263151585825],[-45.169317898454295,-2.5205452680473144],[-45.160354660384904,-2.521264158670543],[-45.15139141305766,-2.521982987879771],[-45.14242815578996,-2.522701754717316],[-45.133464888798855,-2.5234204591300418],[-45.124501612301486,-2.524139101969583],[-45.11553832471572,-2.5248576822783044],[-45.10657502805779,-2.525576200907653],[-45.097611721645094,-2.526294656899915],[-45.08864840569479,-2.527013051106719]]]},"properties":{"id_fluxo":52,"agrupamento":"Pinheiro","origem_aproximada":"Centro do Guilherme","destino_aproximado":"Pinheiro","comprimento_m":105962.7}},{"type":"Feature","geometry":{"type":"MultiLineString","coordinates":[[[-46.12337942715601,-2.1409333054642428],[-46.11496919455316,-2.144075175622517],[-46.10655892837888,-2.147217000016276],[-46.09814862784072,-2.1503587775369697],[-46.089738292146905,-2.1535005079805294],[-46.0813279223039,-2.156642191141604],[-46.072917518420326,-2.1597838286246174],[-46.064507079703134,-2.162925418416431],[-46.05609660626028,-2.166066961216895],[-46.047686098199144,-2.1692084568213237],[-46.03927555472851,-2.1723499059302287],[-46.03086497775347,-2.1754913074331412],[-46.02245436558364,-2.1786326620311853],[-46.01404371832579,-2.1817739686151305],[-46.005633036087886,-2.1849152278848623],[-45.99722231897729,-2.188056439635716],[-45.988811567101976,-2.191197604567613],[-45.98040077966951,-2.1943387215719317],[-45.97198995768647,-2.1974797904434],[-45.963579100361635,-2.2006208118825614],[-45.95516820780179,-2.2037617847801587],[-45.94675728011546,-2.206902710740742],[-45.938346317409476,-2.2100435886550653],[-45.92993531889199,-2.213184418319058],[-45.92152428467038,-2.216325199528091],[-45.913113215751856,-2.2194659329815662],[-45.904702111344555,-2.222606618475401],[-45.89629097065609,-2.2257472549009307],[-45.88787979469419,-2.2288878438621635],[-45.87946858356518,-2.232028383345271],[-45.871057335579046,-2.2351688749559404],[-45.862646052641146,-2.2383093175838673],[-45.854234733960176,-2.2414497119295853],[-45.845823379643534,-2.2445900577884683],[-45.837411988898864,-2.247730354051811],[-45.82900056273389,-2.250870602323753],[-45.82058909945694,-2.254010801496049],[-45.81217760097401,-2.257150951363118],[-45.803766066493736,-2.260291052625466],[-45.79535449612306,-2.2634311041738866],[-45.786942889070616,-2.2665711067089087],[-45.77853124544383,-2.2697110600259167],[-45.77011956624943,-2.2728509639198493],[-45.76170785069556,-2.2759908181866093],[-45.75329609799084,-2.27913062352672],[-45.744884309141995,-2.2822703797351047],[-45.73647248425601,-2.2854100857025688],[-45.72806062254104,-2.288549741224996],[-45.719648724105426,-2.2916893479070906],[-45.71123678905618,-2.294828904639639],[-45.70282481750121,-2.2979684121227004],[-45.69441280864774,-2.3011078683428727],[-45.6860007635039,-2.30424727580909],[-45.67758868127694,-2.307386632507949],[-45.66917656297409,-2.310525939139058],[-45.66076440690416,-2.3136651954987646],[-45.65235221407395,-2.316804401382066],[-45.643939983692,-2.3199435574894816],[-45.635527716764734,-2.323082662711372],[-45.62711541250067,-2.3262217177482896],[-45.61870307100693,-2.329360721491007],[-45.61029069239175,-2.332499675544286],[-45.60187827676185,-2.3356385778942945],[-45.59346582332615,-2.338777430146189],[-45.585053332191734,-2.341916231190743],[-45.576640804365866,-2.3450549817277433],[-45.56822823905666,-2.3481936815530204],[-45.55981563547188,-2.351332329557736],[-45.55140299461913,-2.3544709273463313],[-45.54299031660521,-2.357609472904941],[-45.53457760063897,-2.36074796783874],[-45.52616484682755,-2.3638864110385267],[-45.51775205527883,-2.367024803204454],[-45.50933922520091,-2.3701631441323534],[-45.50092635850014,-2.3733014336170246],[-45.492513452585484,-2.376439670550261],[-45.484100509363955,-2.379577856536252],[-45.47568752804335,-2.38271599046613],[-45.46727450873152,-2.385854073040084],[-45.458861451535704,-2.3889921031489054],[-45.45044835566432,-2.3921300814930766],[-45.44203522212464,-2.3952680087724785],[-45.43362204922475,-2.398405882973837],[-45.425208838871384,-2.401543704796721],[-45.41679559027294,-2.4046814749416647],[-45.40838230263752,-2.407819193204396],[-45.39996897607243,-2.4109568584757506],[-45.39155561158494,-2.4140944714556425],[-45.383142209282624,-2.4172320319396077],[-45.37472876747416,-2.4203695397236533],[-45.36631528716681,-2.4235069955077253],[-45.35790176756847,-2.4266443981829044],[-45.349488209686164,-2.4297817475444417],[-45.34107461362796,-2.4329190451972744],[-45.332660977702055,-2.4360562891279702],[-45.32424730291574,-2.439193480036511],[-45.3158335893768,-2.4423306186231346],[-45.30741983719264,-2.445467703778671],[-45.2990060455714,-2.4486047352988383],[-45.29059221462088,-2.4517417138838544],[-45.282178344448674,-2.454878639329263],[-45.273764435162406,-2.4580155114305944],[-45.26535048686968,-2.461152329983364],[-45.25693649877864,-2.464289094783285],[-45.24852247189657,-2.4674258065304517],[-45.24010840543142,-2.4705624641158375],[-45.231694298591506,-2.4736990682398377],[-45.223280153283454,-2.476835618697688],[-45.21486596781573,-2.479972114380537],[-45.2064517431958,-2.4831085568931672],[-45.198037478631775,-2.4862449460312863],[-45.18962317423103,-2.489381279781018],[-45.18120883010162,-2.4925175606520127],[-45.172794446350935,-2.4956537866304194],[-45.164380022187245,-2.4987899584166113],[-45.15596555861772,-2.501926075806022],[-45.14755105485052,-2.505062138594295],[-45.139136510993396,-2.5081981474817074],[-45.13072192805346,-2.5113341013590103],[-45.12230730343989,-2.5144700009267242],[-45.113892639958955,-2.517605845980174],[-45.10547793501966,-2.520741635410416],[-45.097063190528914,-2.52387737082229],[-45.08864840569479,-2.527013051106719]]]},"properties":{"id_fluxo":53,"agrupamento":"Pinheiro","origem_aproximada":"Centro Novo do Maranhão","destino_aproximado":"Pinheiro","comprimento_m":122712.8}},{"type":"Feature","geometry":{"type":"MultiLineString","coordinates":[[[-43.356315387913575,-3.7368227277950186],[-43.36302179467219,-3.730823635150621],[-43.36972810957228,-3.724824489914357],[-43.37643433454121,-3.7188252932434436],[-43.3831404679105,-3.7128260435754443],[-43.389846511605846,-3.706826742971879],[-43.39655246485896,-3.7008273898719657],[-43.4032583277968,-3.694827985429576],[-43.409964099647794,-3.68882852989261],[-43.4166697832427,-3.6828290226111395],[-43.423375376011165,-3.676829462925477],[-43.43008087897876,-3.6708298528954293],[-43.436786293177406,-3.6648301909634258],[-43.443491617833956,-3.6588304782816947],[-43.45019685307855,-3.652830714195405],[-43.4569019990382,-3.646830899858416],[-43.46360705674475,-3.640831033713038],[-43.470312025425024,-3.6348311169115624],[-43.47701690520915,-3.6288311487990907],[-43.483721696224144,-3.622831130529505],[-43.49042639949872,-3.6168310623537576],[-43.49713101426431,-3.610830942711061],[-43.50383554154807,-3.604830772756723],[-43.51053998057842,-3.5988305527387237],[-43.517244332385516,-3.5928302820036],[-43.52394859619629,-3.5868299617037067],[-43.53065277214074,-3.580829591184088],[-43.537356861248966,-3.5748291697912453],[-43.5440608636466,-3.5688286995833662],[-43.55076477856491,-3.5628281789996583],[-43.55746860613244,-3.5568276082895456],[-43.564172348276486,-3.5508269886096513],[-43.57087600242666,-3.544826319300769],[-43.57757957141316,-3.538825599712086],[-43.584283053561535,-3.532824831899017],[-43.59098644990449,-3.526824013399087],[-43.59768975966635,-3.52082314717359],[-43.604392983879784,-3.514822230759991],[-43.61109612267191,-3.5088212653120956],[-43.61779917617122,-3.5028202510792523],[-43.62450214360744,-3.4968191874050785],[-43.63120502600782,-3.490818075444685],[-43.63790782350214,-3.4848169145430066],[-43.64461053621759,-3.478815705853811],[-43.65131316338517,-3.472814447816269],[-43.65801570693344,-3.466813140682317],[-43.66471816518949,-3.460811785603143],[-43.671420539181824,-3.454810382829369],[-43.67812282994024,-3.448808931707127],[-43.684825035794326,-3.4428074315787756],[-43.691527157771326,-3.436805883599329],[-43.698229195999694,-3.4308042880181184],[-43.70493115060789,-3.4248026450844193],[-43.71163302172679,-3.418800953238639],[-43.718334809482414,-3.4127992145389894],[-43.725036514905604,-3.4067974274270254],[-43.731738136323564,-3.400795593054102],[-43.738439674764756,-3.3947937116707307],[-43.7451411312588,-3.3887917826228726],[-43.751842505035256,-3.382789805254114],[-43.7585437962202,-3.376787781622725],[-43.76524500494324,-3.370785711073478],[-43.77194613133392,-3.36478359295115],[-43.77864717641952,-3.3587814284106217],[-43.78534813852958,-3.352779216794389],[-43.79204901959249,-3.346776958353958],[-43.798749819737765,-3.340774652434052],[-43.80545053729159,-3.3347723010906942],[-43.81215117418458,-3.328769902766329],[-43.81885173054507,-3.322767457710166],[-43.82555220560148,-3.3167649661703207],[-43.8322525994822,-3.310762428396056],[-43.83895291231561,-3.304759844636579],[-43.845653145130065,-3.2987572151421434],[-43.85235329805501,-3.2927545392574613],[-43.85905337031881,-3.2867518172306514],[-43.86575336204986,-3.280749049310939],[-43.872453274276474,-3.2747462357485446],[-43.87915310622707,-3.2687433767916363],[-43.885852859830926,-3.262740471786871],[-43.89255253251653,-3.2567375209804275],[-43.89925212621116,-3.2507345255280202],[-43.90595164104512,-3.244731483869744],[-43.91265107714482,-3.238728398063811],[-43.91935043374156,-3.2327252656448184],[-43.926049711860756,-3.2267220895765085],[-43.93274891073367,-3.2207188673934586],[-43.93944803228752,-3.2147156002512354],[-43.9461470748499,-3.2087122893016375],[-43.95284603855098,-3.2027089329847644],[-43.95954492531893,-3.1967055315515647],[-43.96624373348133,-3.1907020861538777],[-43.97294246406822,-3.1846985952326587],[-43.97964111720612,-3.178695060846137],[-43.98633969302427,-3.1726914823388572],[-43.99303819165184,-3.16668785905539],[-43.99973661321716,-3.1606841912448216],[-44.00643495694777,-3.1546804800599593],[-44.01313322477347,-3.14867672394254],[-44.019831415021095,-3.1426729249490264],[-44.02652952962041,-3.1366690815211125],[-44.033227566899946,-3.1306651939061787],[-44.03992552878692,-3.1246612632595774],[-44.04662341451057,-3.1186572889249593],[-44.05332122329933,-3.112653271150609],[-44.06001895708123,-3.1066492101872156],[-44.06671661508549,-3.1006451053784527],[-44.0734141974396,-3.0946409578779854],[-44.08011170427339,-3.088636766125678],[-44.08680913661346,-3.082632532180588],[-44.09350649278914,-3.076628255385577],[-44.100203774729174,-3.070623935086689],[-44.10690098166123,-3.0646195724367558],[-44.11359811371433,-3.058615166780265],[-44.120295171916574,-3.0526107183669993],[-44.126992154596536,-3.0466062274444794],[-44.133689063682176,-3.0406016942632474],[-44.14038589930245,-3.0345971181676994],[-44.14708266068507,-3.0285925003107166],[-44.153779347959016,-3.022587840036756],[-44.16047596215235,-3.0165831375955405],[-44.1671725024935,-3.010578393235341],[-44.1738689691114,-3.0045736063005846],[-44.180565363033416,-2.998568777945568],[-44.187261683488664,-2.992563907514018],[-44.19395793150453,-2.986558996160181],[-44.20065410721056,-2.980554042323831],[-44.20735020983453,-2.9745490471579252],[-44.21404623950532,-2.96854401000681],[-44.22074219725032,-2.9625389320247484],[-44.22743808319837,-2.9565338125560907],[-44.23413389657731,-2.95052865275382],[-44.24082963841699,-2.9445234501536297],[-44.24752530884378,-2.9385182077183525]]]},"properties":{"id_fluxo":54,"agrupamento":"Titara","origem_aproximada":"Chapadinha","destino_aproximado":"Rosário","comprimento_m":132648.4}},{"type":"Feature","geometry":{"type":"MultiLineString","coordinates":[[[-47.783824463165764,-5.177218383939403],[-47.777736407685936,-5.183692969744991],[-47.77164822884502,-5.190167496354408],[-47.76555992557193,-5.196641962644302],[-47.759471498602124,-5.203116368386945],[-47.75338294687238,-5.209590714266133],[-47.747294270216806,-5.216065000058109],[-47.74120546846953,-5.22253922553913],[-47.735116542366036,-5.229013390481475],[-47.72902749084302,-5.235487495568949],[-47.722938313730694,-5.241961539674149],[-47.716849011764566,-5.248435522569366],[-47.71075958478661,-5.254909445838105],[-47.704670030820296,-5.26138330745715],[-47.698580351510394,-5.26785710900215],[-47.69249054668714,-5.274330849345722],[-47.68640061528322,-5.280804528267934],[-47.68031055713661,-5.287278146448673],[-47.67422037298293,-5.293751703660247],[-47.668130061754766,-5.300225199682739],[-47.662039624187784,-5.306698634288457],[-47.65594905921454,-5.313172007257514],[-47.64985836757458,-5.319645319265844],[-47.643767548196564,-5.326118569189889],[-47.63767660091847,-5.332591757709454],[-47.63158552647982,-5.339064885500592],[-47.62549432470701,-5.345537950532082],[-47.61940299453643,-5.3520109534876585],[-47.61331153670761,-5.358483895043317],[-47.607219950153016,-5.364956774979124],[-47.601128235604556,-5.371429592163631],[-47.59503639199848,-5.377902347280603],[-47.58894442007057,-5.384375040102321],[-47.58285231965874,-5.390847671308689],[-47.57676008969156,-5.397320239775968],[-47.570667730003066,-5.403792745280274],[-47.56457524133292,-5.410265188497672],[-47.558482623519005,-5.416737570108055],[-47.55238987638779,-5.4232098880800885],[-47.54629699887539,-5.429682143097445],[-47.54020399172145,-5.436154335836186],[-47.53411085385444,-5.442626465172519],[-47.52801758601784,-5.449098532686248],[-47.52192418803434,-5.45557053544224],[-47.51583065885128,-5.462042476835444],[-47.50973699919327,-5.468514353926894],[-47.50364320889814,-5.47498616739645],[-47.497549286905574,-5.481457918831575],[-47.49145523394025,-5.487929605293248],[-47.485361049847505,-5.494401229268902],[-47.47926673445764,-5.500872789630889],[-47.47317228670275,-5.507344286159031],[-47.46707770731883,-5.513815718625646]]]},"properties":{"id_fluxo":55,"agrupamento":"Imperatriz","origem_aproximada":"Cidelândia","destino_aproximado":"Imperatriz","comprimento_m":51200.1}},{"type":"Feature","geometry":{"type":"MultiLineString","coordinates":[[[-43.012828012428876,-4.255073013520689],[-43.021536045899175,-4.257077104237185],[-43.03024412375682,-4.259081096264883],[-43.03895224673016,-4.261084989466402],[-43.04766041464462,-4.263088784606188],[-43.05636862823311,-4.26509247973852],[-43.0650768864182,-4.267096076529759],[-43.07378518992823,-4.269099574842494],[-43.0824935385932,-4.271102973632889],[-43.091201933141456,-4.273106272763492],[-43.09991037159716,-4.2751094729943615],[-43.1086188564878,-4.277112575096708],[-43.11732738584421,-4.279115577118088],[-43.12603596039253,-4.281118479825243],[-43.13474458085897,-4.283121283984964],[-43.14345324617493,-4.285123987646991],[-43.15216195706443,-4.287126592482328],[-43.160870712454496,-4.289129098349166],[-43.169579513976394,-4.291131504208027],[-43.178288360554966,-4.293133810821376],[-43.186997252920776,-4.295136017147536],[-43.195706190897226,-4.297138124855349],[-43.20441517341556,-4.29914013199465],[-43.213124202100694,-4.301142040238586],[-43.22183327588379,-4.303143847636984],[-43.23054239548908,-4.305145555860866],[-43.23925155984351,-4.307147164768586],[-43.24796077057837,-4.309148673320542],[-43.25667002662057,-4.311150081375075],[-43.2653793277957,-4.313151389696884],[-43.27408867483224,-4.315152598148545],[-43.28279806755786,-4.317153706590506],[-43.29150750580024,-4.319154714883262],[-43.300216990287865,-4.321155622889291],[-43.308926519947576,-4.32315643046709],[-43.31763609460502,-4.325157138381436],[-43.32634571589152,-4.327157745592562],[-43.3350553827339,-4.3291582519589635],[-43.343765094957824,-4.33115865824547],[-43.3524748532918,-4.33315896431457],[-43.36118465756546,-4.33515916912248],[-43.36989450670165,-4.3371592743363925],[-43.37860440233366,-4.339159278012142],[-43.387314344285265,-4.341159181818891],[-43.39602433148516,-4.343158984710935],[-43.40473436466185,-4.345158686550777],[-43.41344444364298,-4.347158287198957],[-43.422154568254264,-4.349157787420382],[-43.43086473922427,-4.351157187077522],[-43.43957495547969,-4.353156486029099],[-43.448285218651876,-4.355155683235088],[-43.456995526764736,-4.357154779456695],[-43.46570588234866,-4.359153774560096],[-43.47441628252665,-4.361152669304694],[-43.48312672983278,-4.363151461747927],[-43.49183722228913,-4.365150153555432],[-43.50054776152524,-4.367148744591529],[-43.509258346469544,-4.36914723381064],[-43.51796897785059,-4.371145621075192],[-43.526679654591476,-4.373143908052792],[-43.535390378325275,-4.375142092798915],[-43.544101147976846,-4.37714017607681],[-43.55281196337378,-4.37913815774713],[-43.56152282524462,-4.381136037672296],[-43.57023373341529,-4.383133816617381],[-43.57894468861607,-4.38513149354037],[-43.587655688872516,-4.3871290682985284],[-43.59636673581253,-4.38912654166036],[-43.605077829263706,-4.391123913486573],[-43.613788969055285,-4.393121182733437],[-43.6225001550115,-4.395118351070501],[-43.63121138786429,-4.39711541655132],[-43.6399226665385,-4.399112379939325],[-43.648633991761116,-4.4011092420013735],[-43.657345363362936,-4.403106000789313],[-43.666056781168265,-4.405102657972749],[-43.67476824590573,-4.40709921341403],[-43.68347975650343,-4.409095666067874],[-43.69219131458946,-4.411092016702655],[-43.70090291819076,-4.413088264271522],[-43.7096145689339,-4.415084410447291],[-43.71832626574847,-4.417080453280257],[-43.727038009359966,-4.419076394441671],[-43.7357497995975,-4.421072232887863],[-43.74446163628856,-4.423067968479605],[-43.75317352016181,-4.425063601079228],[-43.7618854501421,-4.4270591314504495],[-43.770597426959604,-4.429054558551148],[-43.77930945043883,-4.431049884051063],[-43.78802152131143,-4.433045106003559],[-43.796733637602564,-4.435040224266474],[-43.805445801840285,-4.437035240514039],[-43.81415801205122,-4.439030153699627],[-43.82287026896404,-4.441024963685592],[-43.83158257330596,-4.4430196712386625],[-43.84029492400473,-4.445014275313786],[-43.84900732178901,-4.447008775773234],[-43.85771976648485,-4.449003173382355],[-43.86643225791977,-4.450997468001999],[-43.875144795922594,-4.4529916585885605],[-43.883857381219244,-4.454985746813316],[-43.89257001363994,-4.456979730728081]]]},"properties":{"id_fluxo":57,"agrupamento":"Codó","origem_aproximada":"Coelho Neto","destino_aproximado":"Codó","comprimento_m":100168.7}},{"type":"Feature","geometry":{"type":"MultiLineString","coordinates":[[[-44.89700256458074,-3.837904211317977],[-44.905377458712934,-3.834887128330092],[-44.91375229498053,-3.831869962336437],[-44.922127071471024,-3.828852714436354],[-44.9305017898747,-3.8258353848248645],[-44.93887644917995,-3.8228179718873605],[-44.947251050176256,-3.819800477628152],[-44.95562559365332,-3.816782900432714],[-44.96400007769872,-3.813765241400501],[-44.972374503102074,-3.8107475007264378],[-44.980748870653,-3.8077296786053876],[-44.989123179339856,-3.804711773422783],[-44.99749743085286,-3.8016937871829133],[-45.00587162327971,-3.79867571917591],[-45.01424575741005,-3.795657569596642],[-45.02261983403345,-3.7926393377352445],[-45.03099385213831,-3.789621024691312],[-45.03936781161362,-3.786602630659693],[-45.0477417141496,-3.7835841549305123],[-45.05611555783402,-3.7805655976986863],[-45.064489344357135,-3.7775469591590105],[-45.07286307270731,-3.7745282395063744],[-45.08123674367421,-3.7715094389355928],[-45.089610356246176,-3.768490556736928],[-45.09798391121292,-3.7654715940098606],[-45.10635740846339,-3.7624525500445762],[-45.114730847886754,-3.759433425940626],[-45.12310423027242,-3.756414220083421],[-45.13147755460909,-3.7533949344773103],[-45.139850821686174,-3.750375567507684],[-45.1482240313927,-3.747356119369423],[-45.15659718361807,-3.744336592066771],[-45.164970278250856,-3.7413169830805706],[-45.1733433151805,-3.738297294415112],[-45.18171629519649,-3.7352775253603734],[-45.19008921818772,-3.732257675206602],[-45.19846208404367,-3.729237745958029],[-45.206834892653056,-3.726217736000194],[-45.215207643904975,-3.723197645527985],[-45.22358033858931,-3.7201774756408],[-45.231952975694405,-3.7171572256290313],[-45.24032555691048,-3.714136895687159],[-45.248698080325575,-3.7111164860105377],[-45.257070546729366,-3.708095996793853],[-45.265442956010745,-3.7050754273273223],[-45.273815309860176,-3.7020547787100093],[-45.28218760546493,-3.699034050232973],[-45.29055984541577,-3.696013242090268],[-45.2989320287016,-3.6929923553817683],[-45.307304154310486,-3.689971388493384],[-45.315676224833446,-3.6869503425237373],[-45.32404823745778,-3.6839292167640547],[-45.33242019477487,-3.6809080132176453],[-45.34079209487189,-3.6778867293660515],[-45.3491639385392,-3.674865367213242],[-45.3575357265658,-3.6718439251444255],[-45.365907457941105,-3.668822405164254],[-45.374279133454074,-3.665800805657919],[-45.38265075209381,-3.662779127725459]]]},"properties":{"id_fluxo":59,"agrupamento":"Santa Inês","origem_aproximada":"Conceição do Lago-Açu","destino_aproximado":"Santa Inês","comprimento_m":57294.9}},{"type":"Feature","geometry":{"type":"MultiLineString","coordinates":[[[-44.12503589030421,-4.131409077611721],[-44.1198720963965,-4.138644771691095],[-44.11470820912227,-4.145880430575512],[-44.109544228275816,-4.153116054085429],[-44.104380152749506,-4.160351642944844],[-44.09921598233863,-4.167587196069561],[-44.09405171863828,-4.174822714186652],[-44.08888735964087,-4.1820581971144755],[-44.08372290694252,-4.189293644675523],[-44.07855835853558,-4.196529056688081],[-44.07339371511524,-4.203764432973636],[-44.06822897647573,-4.210999773352577],[-44.06306414241018,-4.218235078549857],[-44.05789921271277,-4.225470348385883],[-44.0527341871788,-4.232705581776448],[-44.047569066502355,-4.239940779447632],[-44.04240384867562,-4.247175941217584],[-44.03723853529473,-4.254411066908903],[-44.032073125252886,-4.26164615634084],[-44.026907619244064,-4.26888121023945],[-44.021742016162555,-4.276116227519429],[-44.01657631580131,-4.283351208905655],[-44.01141051885548,-4.29058615421964],[-44.0062446242181,-4.297821063280586],[-44.001078632585504,-4.30505593500544],[-43.995912543749455,-4.312290771023684],[-43.9907463566041,-4.319525570249878],[-43.985580070943506,-4.326760332504355],[-43.980413688362695,-4.333995058514415],[-43.97524720685353,-4.341229748097967],[-43.97008062711235,-4.348464400171996],[-43.964913948930715,-4.355699016365883],[-43.95974717210512,-4.362933594690889],[-43.95458029642707,-4.370168136776397],[-43.94941332169308,-4.377402640633644],[-43.94424624769332,-4.384637108796524],[-43.93907907422432,-4.391871539276268],[-43.93391180107873,-4.399105932797687],[-43.92874442895296,-4.40634028827786],[-43.92357695583733,-4.4135746064390045],[-43.91840938332681,-4.420808888008477],[-43.913241710315425,-4.428043131900781],[-43.90807393749829,-4.435277337937485],[-43.90290606376676,-4.442511506842039],[-43.897738088916064,-4.449745637530206],[-43.89257001363994,-4.456979730728081]]]},"properties":{"id_fluxo":60,"agrupamento":"Codó","origem_aproximada":"Coroatá","destino_aproximado":"Codó","comprimento_m":44284.2}},{"type":"Feature","geometry":{"type":"MultiLineString","coordinates":[[[-44.86819165765197,-1.8230475166982754],[-44.87087898880104,-1.8316326849329363],[-44.87356634473642,-1.8402178473999324],[-44.876253727430445,-1.8488030058479148],[-44.87894113525914,-1.8573881593111232],[-44.881628569295934,-1.8659733068239854],[-44.884316029714945,-1.8745584501350043],[-44.88700351579126,-1.8831435891832358],[-44.889691027699214,-1.8917287220982937],[-44.892378567411285,-1.9003138506288253],[-44.89506613240428,-1.9088989738090236],[-44.89775372465078,-1.917484091578079],[-44.90044134342582,-1.9260692047797334],[-44.90312898980291,-1.9346543124483828],[-44.90581666215789,-1.943239415427735],[-44.90850436246346,-1.951824512752266],[-44.911192089994664,-1.960409605265686],[-44.91387984402664,-1.9689946920023207],[-44.91656762653202,-1.9775797738060386],[-44.9192554367859,-1.9861648506158989],[-44.921943274063416,-1.9947499214661952],[-44.92463113943804,-2.0033349872007444],[-44.92731903308403,-2.011920048663366],[-44.930006954276564,-2.0205051039836217],[-44.932694904089175,-2.0290901531006367],[-44.9353828817969,-2.0376751977628738],[-44.93807088847332,-2.046260237004723],[-44.94075892339353,-2.0548452707652123],[-44.94344698763113,-2.0634302989834414],[-44.946135080461204,-2.0720153215984243],[-44.948823202058094,-2.080600338549259],[-44.95151135259616,-2.089185349774992],[-44.95419953224971,-2.097770356119389],[-44.95688774209244,-2.10635535661685],[-44.95957598050015,-2.114940351206352],[-44.96226424854647,-2.1235253407317143],[-44.96495254640579,-2.132110324227295],[-44.967640874252524,-2.1406953016321166],[-44.97032923136172,-2.1492802737899535],[-44.97301761880709,-2.1578652397351625],[-44.975706036763015,-2.1664502012162323],[-44.978394484504626,-2.175035155458052],[-44.981082963105614,-2.183620105113838],[-44.9837714718411,-2.1922050483131996],[-44.98646001178483,-2.200789984995198],[-44.98914858221188,-2.209374916908309],[-44.991837183296695,-2.2179598421821507],[-44.9945258152137,-2.2265447625652057],[-44.997214479036714,-2.235129676187092],[-44.99990317314144,-2.243714583891572],[-45.0025918995011,-2.2522994856176934],[-45.00528065649137,-2.2608843813045043],[-45.007969445186106,-2.2694692717957654],[-45.01065826665918,-2.278054155221081],[-45.013347118386896,-2.2866390333289472],[-45.0160360032419,-2.2952239051536694],[-45.018724919599904,-2.303808770634306],[-45.0214138685348,-2.3123936297098875],[-45.02410284932167,-2.320978483224184],[-45.026791863034454,-2.3295633302115046],[-45.02948090894822,-2.338148170610904],[-45.032169988136936,-2.3467330052661164],[-45.03485909987567,-2.3553178332114824],[-45.03754824433898,-2.3639026552907554],[-45.0402374217014,-2.3724874714429856],[-45.04292663213743,-2.3810722807024636],[-45.04561587672111,-2.38965708391294],[-45.04830515382804,-2.398241880108757],[-45.050994464532316,-2.406826671038381],[-45.053683809008405,-2.4154114548313808],[-45.056373187430935,-2.4239962323315334],[-45.059062599974496,-2.432581003477848],[-45.06175204591412,-2.4411657673046827],[-45.06444152632397,-2.4497505255604497],[-45.06713104137861,-2.4583352772794624],[-45.06982059035313,-2.466920022400787],[-45.07251017342214,-2.475504760863456],[-45.075199791659756,-2.484089492606459],[-45.07788944434109,-2.492674217568836],[-45.080579132540265,-2.5012589356895893],[-45.08326885463295,-2.509843647812528],[-45.08595861259275,-2.5184283529718847],[-45.08864840569479,-2.527013051106719]]]},"properties":{"id_fluxo":61,"agrupamento":"Pinheiro","origem_aproximada":"Cururupu","destino_aproximado":"Pinheiro","comprimento_m":81580.6}},{"type":"Feature","geometry":{"type":"MultiLineString","coordinates":[[[-47.39145059679491,-5.525645087444128],[-47.39985375698426,-5.524331188771328],[-47.40825688026837,-5.5230171705898154],[-47.41665996647973,-5.5217030338884],[-47.42506301634924,-5.520388778748336],[-47.433466027898056,-5.5190744043581335],[-47.44186900366107,-5.517759910791668],[-47.4502719416668,-5.516445299045174],[-47.458674842642445,-5.515130568296071],[-47.46707770731883,-5.513815718625646]]]},"properties":{"id_fluxo":62,"agrupamento":"Imperatriz","origem_aproximada":"Davinópolis","destino_aproximado":"Imperatriz","comprimento_m":8485.7}},{"type":"Feature","geometry":{"type":"MultiLineString","coordinates":[[[-44.43947705263196,-5.040523280688754],[-44.437764718218325,-5.049377464862561],[-44.43605233713748,-5.058231642372496],[-44.434339909268125,-5.067085812286035],[-44.43262743538876,-5.0759399763852855],[-44.43091491447672,-5.084794132832295],[-44.4292023473121,-5.093648281599939],[-44.427489732869034,-5.10250242446875],[-44.42577707102698,-5.111356559601562],[-44.42406436256523,-5.120210687875888],[-44.422351607361655,-5.129064809263819],[-44.42063880439189,-5.137918923736603],[-44.41892595443603,-5.146773031267152],[-44.417213056469656,-5.15562713182671],[-44.41550011217511,-5.164481225389024],[-44.41378711962654,-5.173335311019894],[-44.41207407960237,-5.182189390501465],[-44.41036099198207,-5.191043461996585],[-44.40864785664175,-5.199897527286564],[-44.406934673460924,-5.208751584534252],[-44.4052214414133,-5.217605635520105],[-44.40350816218302,-5.226459678408692],[-44.40179483474384,-5.235313714980435],[-44.40008145897519,-5.244167743398219],[-44.39836803565548,-5.253021765444178],[-44.39665456285854,-5.2618757801840665],[-44.39494104226686,-5.270729787591684],[-44.39322747285576,-5.279583787638253],[-44.39151385540538,-5.288437780296714],[-44.38980018798764,-5.2972917664419885],[-44.38808647318934,-5.3061457442396165],[-44.38637270908149,-5.314999715469081],[-44.384658895542614,-5.323853679197865],[-44.38294503335196,-5.332707636303527],[-44.381231122388996,-5.341561584948967],[-44.37951716162703,-5.350415526914529],[-44.37780315184712,-5.359269461268615],[-44.37608909292597,-5.368123388887901],[-44.37437498383955,-5.376977308838924],[-44.37266082536802,-5.385831221094692],[-44.370946618291555,-5.394685125628203],[-44.36923236068166,-5.4035390233142735],[-44.36751805331939,-5.4123929132212965],[-44.365803696081386,-5.421246796225956],[-44.36408928884613,-5.430100671395732],[-44.36237483149022,-5.438954539607267],[-44.3606603247948,-5.447808399929018],[-44.3589457668311,-5.456662253235731],[-44.35723115928295,-5.4655160985967886],[-44.35551650112515,-5.474369935983298],[-44.35380179313697,-5.483223766272911],[-44.352087033390426,-5.4920775894357465],[-44.35037222447214,-5.500931404542199],[-44.34865736355041,-5.509785212466005],[-44.346942452308156,-5.518639013181193],[-44.34522749062383,-5.527492805755238],[-44.34351247747208,-5.536346590159231],[-44.34179741363115,-5.545200368175409],[-44.34008229807761,-5.554054137965647],[-44.338367131590694,-5.562907900407603],[-44.3366519140488,-5.57176165456878],[-44.33493664532832,-5.580615401325833],[-44.33322132440376,-5.589469140649806],[-44.33150595295821,-5.598322872514796],[-44.32979052906431,-5.607176595986251],[-44.328075053500214,-5.6160303128464095],[-44.32635952704823,-5.624884021259234],[-44.32464394777884,-5.633737722099274],[-44.322928316472236,-5.642591415339665],[-44.32121263390975,-5.651445100048897],[-44.31949689906362,-5.660298778007192],[-44.31778111091023,-5.66915244737636],[-44.316065272034784,-5.678006109036248],[-44.31434937960447,-5.686859763860286],[-44.3126334353047,-5.695713410013532],[-44.31091743810862,-5.704567048371557],[-44.30920138879651,-5.713420678907489],[-44.30748528634252,-5.722274301592321],[-44.30576913152588,-5.731127917303761],[-44.304052923322836,-5.739981524203649],[-44.30233666251263,-5.748835123169714],[-44.300620348068186,-5.757688715077487],[-44.298903980772025,-5.766542298090974],[-44.29718756049909,-5.775395873991397],[-44.295471087128774,-5.784249440941665],[-44.29375456053599,-5.7931030007229944],[-44.29203797969578,-5.801956552401751],[-44.29032134538845,-5.810810095951097],[-44.28860465839321,-5.819663632248819],[-44.28688791678299,-5.828517159455566],[-44.285171121335786,-5.837370679353651],[-44.28345427283311,-5.846224191011733],[-44.28173736934549,-5.855077694399569],[-44.280020412555395,-5.863931190396072],[-44.278303401437704,-5.872784678067598],[-44.27658633586948,-5.8816381573862015],[-44.27486921572656,-5.890491629228482],[-44.27315204179163,-5.899345091758564],[-44.27143481303484,-5.908198547661012],[-44.26971753024007,-5.917051994195368],[-44.26800019237859,-5.925905433141638],[-44.2662827993273,-5.934758864471873],[-44.26456535186779,-5.943612287254744],[-44.26284784987702,-5.952465701462332],[-44.261130293230735,-5.9613191079712555],[-44.25941268090364,-5.970172505847783],[-44.25769501277138,-5.97902589596853],[-44.25597729051905,-5.9878792774034375],[-44.25425951221536,-5.99673265102667],[-44.252541679545445,-6.005586015908168],[-44.2508237905779,-6.01443937292209],[-44.24910584609309,-6.023292722041708],[-44.24738784596912,-6.032146062334553]]]},"properties":{"id_fluxo":63,"agrupamento":"Colinas","origem_aproximada":"Dom Pedro","destino_aproximado":"Colinas","comprimento_m":111667.4}},{"type":"Feature","geometry":{"type":"MultiLineString","coordinates":[[[-42.94480572553745,-4.150819990258018],[-42.951394124987914,-4.144702225141751],[-42.95798242232595,-4.138584404310034],[-42.96457061949126,-4.132466528013244],[-42.971158714824156,-4.126348595588357],[-42.97774671026199,-4.120230608189826],[-42.98433460414733,-4.114112564250532],[-42.990922397517124,-4.107994464922598],[-42.99751009141059,-4.101876310453973],[-43.00409768416573,-4.0957581010858535],[-43.01068517772664,-4.089639835260162],[-43.01727257042683,-4.083521515026354],[-43.02385986420813,-4.077403139730445],[-43.03044705740853,-4.071284709613642],[-43.037034151969806,-4.065166224021925],[-43.04362114712813,-4.05904768410285],[-43.050208043024476,-4.052929089197955],[-43.05679483979758,-4.046810439552854],[-43.06338153758624,-4.04069173541319],[-43.06996813652917,-4.034572977024635],[-43.07655463766768,-4.028454163730773],[-43.08314103933759,-4.022335296677107],[-43.08972734348265,-4.016216374305178],[-43.096313549336976,-4.010097398666823],[-43.1028996579418,-4.003978369105551],[-43.10948566763719,-3.9978592849586203],[-43.1160715803605,-3.991740147379957],[-43.12265739535216,-3.985620955708872],[-43.129243112750885,-3.979501710190965],[-43.135828732695366,-3.9733824110718228],[-43.142414256224654,-3.967263058599048],[-43.14899968257913,-3.9611436521119403],[-43.15558501189546,-3.955024192760293],[-43.16217024521468,-3.948904679887435],[-43.16875538177512,-3.9427851137369183],[-43.17534042171547,-3.936665494554276],[-43.18192536607669,-3.9305458216828115],[-43.18851021409513,-3.9244260962703],[-43.1950949659095,-3.9183063185622644],[-43.20167962256264,-3.9121864869977],[-43.208264184191236,-3.906066602726347],[-43.21484864913141,-3.89994666689409],[-43.221433019328174,-3.8938266770375654],[-43.22801729491444,-3.887706636114977],[-43.234601475134205,-3.8815865416571707],[-43.24118556102265,-3.8754663957200144],[-43.247769551821804,-3.8693461967385834],[-43.254353447668464,-3.863225945862641],[-43.260937249601504,-3.8571056433394975],[-43.2675209577614,-3.850985288510332],[-43.27410457138645,-3.8448648816187725],[-43.28068809061524,-3.838744422910265],[-43.28727151738694,-3.832623912633883],[-43.29385485004137,-3.8265033501271604],[-43.300438088715325,-3.8203827365397958],[-43.30702123444944,-3.814262071214759],[-43.31360428738051,-3.808141355301735],[-43.32018724675038,-3.8020205872357993],[-43.32677011359612,-3.7958997681683853],[-43.333352887157766,-3.789778897438884],[-43.33993556847239,-3.783657976198725],[-43.346518157680286,-3.7775370037889746],[-43.35310065491827,-3.7714159813593695],[-43.35968305942976,-3.7652949064405945],[-43.36626537224844,-3.7591737819926965],[-43.37284759351623,-3.7530526064524072],[-43.37942972247141,-3.7469313800634074],[-43.38601176105128,-3.7408101039787494],[-43.39259370759725,-3.734688776631757],[-43.399175562244544,-3.7285674000764817],[-43.40575732693701,-3.7224459718485527],[-43.41233900000945,-3.7163244939986977],[-43.418920583400805,-3.710202966775527],[-43.42550207545238,-3.7040813886124004],[-43.432083477199654,-3.6979597615649755],[-43.43866478878432,-3.6918380840698632],[-43.44524600944466,-3.6857163563707758],[-43.451827141117946,-3.6795945796205705],[-43.458408182143856,-3.673472753157013],[-43.46498913446122,-3.6673508772285546],[-43.47156999640968,-3.6612289511729763],[-43.47815076902481,-3.6551069770458757],[-43.484731452449665,-3.6489849523794042],[-43.49131204681962,-3.642862879227615],[-43.497892552273186,-3.6367407578357502],[-43.50447296985194,-3.6306185866418286],[-43.51105329789397,-3.6244963658881066],[-43.51763353743641,-3.6183740967257108],[-43.5242136886177,-3.612251779399912],[-43.53079375157774,-3.606129413251569],[-43.53737372735509,-3.6000069985273555],[-43.54395361428931,-3.5938845345652184],[-43.550533413417526,-3.587762022516228],[-43.5571131257783,-3.581639462627071],[-43.56369274971118,-3.5755168542356626],[-43.57027228715483,-3.5693941975901065],[-43.57685173734752,-3.563271492934142],[-43.58343110042764,-3.5571487405130315],[-43.59001037653497,-3.5510259396675274],[-43.59658956670663,-3.5449030915486177],[-43.60316866928216,-3.538780195494347],[-43.60974768620014,-3.532657251752619],[-43.61632661670018,-3.526534259662836],[-43.62290546091797,-3.5204112212790397],[-43.629484218994556,-3.5142881350375124],[-43.636062891968386,-3.5081650011847754],[-43.64264147907772,-3.5020418199646595],[-43.6492199804596,-3.4959185925267517],[-43.65579839715507,-3.4897953173086225],[-43.66237672750229,-3.4836719945528274],[-43.668954974337304,-3.4775486263172803],[-43.67553313510202,-3.4714252101299112],[-43.682111211733655,-3.4653017471428678],[-43.68868920346922,-3.4591782385044327],[-43.695267110449535,-3.4530546826508632],[-43.70184493371298,-3.446931079828495],[-43.70842267339662,-3.4408074311869044],[-43.71500032783992,-3.4346837360642755],[-43.721577898981266,-3.428559994708142],[-43.72815538695897,-3.4224362073636265],[-43.73473279101249,-3.4163123733701424],[-43.74131011127893,-3.4101884938772313],[-43.7478873487978,-3.4040645682267066],[-43.75446450370623,-3.3979405975681303],[-43.76104157524482,-3.3918165803364144],[-43.767618563550656,-3.385692517681157],[-43.77419546966321,-3.379568408944073],[-43.78077229281959,-3.3734442552735704],[-43.78734903405924,-3.367320056011353],[-43.7939256935204,-3.361195811402448],[-43.80050227044133,-3.3550715216908156],[-43.807078765861405,-3.3489471862181004],[-43.813655179017786,-3.3428228061327374],[-43.82023151094872,-3.336698381680864],[-43.82680776179463,-3.3305739112984747],[-43.833383930791626,-3.324449397038566],[-43.839960018980065,-3.318324837338181],[-43.846536025598176,-3.3122002324413087],[-43.8531119525821,-3.3060755844040615],[-43.859687798273214,-3.299950890755813],[-43.866263562808705,-3.2938261526460977],[-43.872839248125736,-3.287701371226481],[-43.879414852564615,-3.281576544930891],[-43.88599037716353,-3.275451674005302],[-43.89256582115973,-3.269326759598243],[-43.89914118649232,-3.2632018010521637],[-43.90571647149962,-3.25707679861005],[-43.912291677220765,-3.2509517516133144],[-43.91886680289204,-3.2448266621150443],[-43.925441850453495,-3.238701528553051],[-43.93201681914335,-3.2325763511713483],[-43.93859170819988,-3.2264511302139107],[-43.945166518661175,-3.2203258659266463],[-43.95174125066637,-3.214200557649966],[-43.95831590435181,-3.2080752074379113],[-43.96489047985839,-3.2019498128217676],[-43.97146497642256,-3.1958243758546483],[-43.97803939598323,-3.1896988958787476],[-43.984613737778666,-3.183573373138097],[-43.99118800104797,-3.177447806972174],[-43.99776218772828,-3.1713221985322124],[-44.004336296158776,-3.165196547156824],[-44.01091032827744,-3.1590708530926412],[-44.017484282422615,-3.1529451165828433],[-44.024058160532235,-3.146819337874063],[-44.03063196094549,-3.1406935163049123],[-44.0372056855995,-3.134567653026559],[-44.04377933373331,-3.128441747378458],[-44.050352905485056,-3.122315799605513],[-44.05692640009301,-3.11618980995178],[-44.06349981949505,-3.110063778663768],[-44.070073162930214,-3.10393770508097],[-44.07664643143648,-3.0978115894490106],[-44.083219623351475,-3.0916854329158103],[-44.08979273971471,-3.0855592339178086],[-44.096365781562625,-3.0794329945098395],[-44.10293874813502,-3.073306713126788],[-44.10951163956996,-3.067180390013503],[-44.11608445600482,-3.0610540263194297],[-44.12265719847902,-3.0549276204809788],[-44.12922986532951,-3.048801174550686],[-44.13580245849552,-3.0426746869656647],[-44.14237497721457,-3.0365481588746106],[-44.148947422525296,-3.0304215896184648],[-44.155519792766135,-3.0242949794406275],[-44.162092090773925,-3.0181683294926573],[-44.16866431398869,-3.01204163820802],[-44.17523646434744,-3.0059149067375586],[-44.18180854108911,-2.9997881344207475],[-44.188380544351766,-2.9936613215024304],[-44.19495247517263,-2.9875344691326737],[-44.201524332791266,-2.98140757574636],[-44.20809611734443,-2.9752806433975536],[-44.214667829871296,-2.969153670522447],[-44.2212394696101,-2.9630266573651567],[-44.227811037598684,-2.9568996041711317],[-44.23438253307467,-2.95077251208911],[-44.24095395707717,-2.944645379555259],[-44.24752530884378,-2.9385182077183525]]]},"properties":{"id_fluxo":64,"agrupamento":"Titara","origem_aproximada":"Duque Bacelar","destino_aproximado":"Rosário","comprimento_m":197266.8}},{"type":"Feature","geometry":{"type":"MultiLineString","coordinates":[[[-44.88043013440192,-4.87671872533686],[-44.876102173258786,-4.88463494198957],[-44.871774110749,-4.89255112898624],[-44.86744594574588,-4.900467286187336],[-44.863117679828534,-4.908383413453868],[-44.85878931096832,-4.916299510646142],[-44.85446084074436,-4.924215577625147],[-44.850132267127684,-4.932131615155843],[-44.84580359169767,-4.940047622194561],[-44.841474814229294,-4.947963599506642],[-44.83714593269391,-4.955879546047612],[-44.83281694867045,-4.963795462583203],[-44.82848786193409,-4.971711348974016],[-44.82415867045584,-4.979627205080249],[-44.819829376716946,-4.987543030763176],[-44.8154999786884,-4.995458825882963],[-44.81117047704707,-5.0033745912051195],[-44.8068408715683,-5.011290325685562],[-44.80251116112503,-5.019206029184656],[-44.79818134729624,-5.027121702468191],[-44.79385142805301,-5.0350373444915375],[-44.78952140407217,-5.042952956020204],[-44.78519127603086,-5.050868536915091],[-44.780861041899755,-5.058784087036182],[-44.776530703258125,-5.066699606244616],[-44.77220025988096,-5.074615094401028],[-44.76786970973851,-5.082530552269949],[-44.76353905441071,-5.09044597790332],[-44.75920829276927,-5.098361373875279],[-44.754877425492325,-5.106276737332793],[-44.750546452353724,-5.114192070850367],[-44.7462153722268,-5.122107372478882],[-44.7418841857883,-5.130022642983896],[-44.737552892813056,-5.137937882225945],[-44.73322149217362,-5.145853090065156],[-44.728889985449364,-5.153768266362858],[-44.72455837061051,-5.161683410978781],[-44.72022664923605,-5.169598524678882],[-44.715894820198834,-5.177513606418624],[-44.71156288327322,-5.185428656963163],[-44.70723083823393,-5.1933436761730345],[-44.702898684856116,-5.201258663004058],[-44.698566423816395,-5.20917361822182],[-44.69423405398712,-5.2170885416863655],[-44.6899015760458,-5.225003432354001],[-44.68556898886336,-5.232918292798672],[-44.68123629311819,-5.240833120167405],[-44.67690348768163,-5.2487479161294965],[-44.67257057413358,-5.256662679641712],[-44.668237550443834,-5.264577410563568],[-44.663904417288435,-5.272492110565294],[-44.65957117444294,-5.280406777698072],[-44.65523782168141,-5.288321412726983],[-44.650904358778405,-5.296236015512493],[-44.64657078550845,-5.304150585915046],[-44.64223710164606,-5.312065123795081],[-44.637903307868264,-5.3199796290135515],[-44.63356940304706,-5.327894101430379],[-44.629235386955806,-5.335808542715256],[-44.62490126027314,-5.343722950015237],[-44.62056702186988,-5.351637324999492],[-44.61623267242301,-5.35955166752896],[-44.611898211706944,-5.367465977464076],[-44.60756363859349,-5.375380254664679],[-44.60322895375963,-5.3832944989917415],[-44.59889415697974,-5.391208710305655],[-44.594559247125545,-5.399122888466231],[-44.590224225776666,-5.407037033335056],[-44.58588909180417,-5.414951145676572],[-44.58155384498239,-5.422865225351105],[-44.5772184850862,-5.430779271314459],[-44.57288301188929,-5.43869328433161],[-44.568547425165896,-5.44660726426292],[-44.5642117255936,-5.454521210064764],[-44.55987591204267,-5.462435123406119],[-44.55553998519066,-5.470349003243391],[-44.55120394390907,-5.478262849436236],[-44.54686778887483,-5.48617666184569],[-44.54253151895866,-5.494090441236032],[-44.53819513483747,-5.5020041874683],[-44.533858636286126,-5.509917899498182],[-44.52952202307874,-5.5178315771860325],[-44.525185294988034,-5.525745222201412],[-44.52084845178952,-5.5336588325954095],[-44.516511492353,-5.541572410036836],[-44.5121744182589,-5.549485953482852],[-44.507837228378484,-5.557399462793036],[-44.50349992248574,-5.565312937827686],[-44.499162501257594,-5.573226378447868],[-44.49482496356362,-5.581139786322345],[-44.49048730917935,-5.589053159502153],[-44.48614953878165,-5.5969664978483715],[-44.481811651239994,-5.604879803029728],[-44.47747364723281,-5.6127930730980475],[-44.47313552653327,-5.620706308818246],[-44.468797288914445,-5.6286195109551755],[-44.464458933248906,-5.6365326775590985],[-44.460120460211016,-5.64444581120488],[-44.45578186957712,-5.652358909038979],[-44.45144316111939,-5.660271972730859],[-44.447104334611666,-5.668185002140736],[-44.44276538982859,-5.676097996224282],[-44.438426327446145,-5.684010955747172],[-44.434087145432024,-5.691923880567923],[-44.4297478453652,-5.699836771453095],[-44.425408427021196,-5.707749626453754],[-44.421068888366726,-5.715662446332875],[-44.41672923188383,-5.723575231858022],[-44.41238945554002,-5.731487982887564],[-44.408049559110836,-5.739400697472513],[-44.40370954327024,-5.7473133781877666],[-44.399369407793756,-5.755226023084368],[-44.395029152454114,-5.763138632927084],[-44.390688777024906,-5.771051207576103],[-44.38634828037656,-5.778963746890658],[-44.38200766408903,-5.78687625073283],[-44.37766692703269,-5.794788718961862],[-44.37332606898012,-5.802701152342504],[-44.368985089705824,-5.810613549830299],[-44.36464398898333,-5.818525911285436],[-44.360302767487354,-5.826438238378247],[-44.35596142409016,-5.834350529158674],[-44.35161995946849,-5.842262783487928],[-44.34727837249048,-5.85017500303427],[-44.34293666293054,-5.8580871867532265],[-44.33859483236979,-5.865999333602477],[-44.334252878772894,-5.87391144524918],[-44.329910802816535,-5.88182352155454],[-44.3255686033718,-5.889735561473012],[-44.32122628201877,-5.897647564866861],[-44.31688383762633,-5.905559532499736],[-44.31254126906552,-5.913471463326003],[-44.30819857791418,-5.921383359017157],[-44.30385576304445,-5.929295217623048],[-44.299512824227335,-5.937207040812876],[-44.295169761238334,-5.945118826637591],[-44.29082657475185,-5.953030576767576],[-44.2864832636388,-5.960942290157169],[-44.28213982857584,-5.968853966667633],[-44.27779626843153,-5.976765607062418],[-44.2734525838825,-5.984677211202754],[-44.26910877379957,-5.9925887780429425],[-44.264764838858206,-6.000500308348808],[-44.26042077883151,-6.008411801980409],[-44.25607659349259,-6.016323258797773],[-44.251732282613276,-6.0242346795655015],[-44.24738784596912,-6.032146062334553]]]},"properties":{"id_fluxo":65,"agrupamento":"Colinas","origem_aproximada":"Esperantinópolis","destino_aproximado":"Colinas","comprimento_m":145710.1}},{"type":"Feature","geometry":{"type":"MultiLineString","coordinates":[[[-47.443960361545955,-6.557562899692008],[-47.444160038272805,-6.54856525845921],[-47.44435970715679,-6.539567614470047],[-47.44455937002153,-6.530569967719663],[-47.444759025067064,-6.521572316413243],[-47.44495867322207,-6.512574662357904],[-47.4451583135991,-6.503577005561957],[-47.44535794711364,-6.494579345121202],[-47.44555757378188,-6.485581681039587],[-47.44575719362435,-6.4765840142248345],[-47.445956806652894,-6.467586343777127],[-47.446156411984475,-6.458588670608528],[-47.44635601053019,-6.449590992911094],[-47.44655560141568,-6.440593313404436],[-47.4467551864555,-6.431595630276264],[-47.44695476385881,-6.422597943539221],[-47.44715433364612,-6.413600254100996],[-47.44735389673279,-6.404602561057428],[-47.44755345313497,-6.395604864412502],[-47.44775300287313,-6.386607165073928],[-47.4479525450557,-6.377609462146157],[-47.44815208060656,-6.368611756532665],[-47.448351609537546,-6.359614047333584],[-47.44855113096575,-6.350616335460941],[-47.44875064580639,-6.341618620010605],[-47.44895015317229,-6.332620900990807],[-47.4491496539872,-6.323623179305014],[-47.44934914735969,-6.3146254540576265],[-47.44954863511674,-6.305627726147895],[-47.449748114560386,-6.296629994688724],[-47.449947588416585,-6.287632259671309],[-47.45014705489917,-6.278634522011906],[-47.45034651402006,-6.269636780810611],[-47.45054596670285,-6.260639036970984],[-47.45074541295939,-6.251641289593155],[-47.450944851906854,-6.2426435395890945],[-47.45114428446032,-6.233645786054732],[-47.45134370973694,-6.224648029902022],[-47.45154312865178,-6.215650270226929],[-47.45174254031782,-6.206652507037586],[-47.45194194565846,-6.197654741237529],[-47.45214134378255,-6.188656971931115],[-47.45234073560924,-6.179659199118093],[-47.45254012025576,-6.170661423710394],[-47.45273949864123,-6.161663645707798],[-47.452938869874544,-6.152665864214621],[-47.453138234874835,-6.14366807923064],[-47.4533375927593,-6.13467029166776],[-47.453536944442874,-6.125672500621977],[-47.453736289042816,-6.1166747070052025],[-47.453935627473996,-6.107676909913426],[-47.45413495884957,-6.098679109354725],[-47.45433428318974,-6.089681306236844],[-47.454533601413466,-6.080683500559619],[-47.45473291262572,-6.071685690523527],[-47.45493221775773,-6.0626878788397685],[-47.455131515910395,-6.053690062805029],[-47.455330808014914,-6.044692245130549],[-47.45553009317221,-6.035694423112965],[-47.455729371406534,-6.026696598563818],[-47.45592864363671,-6.017698771482988],[-47.45612790896788,-6.008700940070886],[-47.45632716742826,-5.999703107042852],[-47.456526419928544,-5.990705270591194],[-47.45672566558201,-5.981707430723892],[-47.45692490530744,-5.972709587440869],[-47.45712413822215,-5.963711741653912],[-47.45732336434219,-5.954713893366941],[-47.45752258367956,-5.9457160416801385],[-47.45772179715298,-5.9367181865933825],[-47.45792100387977,-5.927720329018488],[-47.4581202047786,-5.918722468955357],[-47.458319398052254,-5.909724604608373],[-47.45851858643255,-5.90072673777706],[-47.458717767227675,-5.891728868477366],[-47.45891694225485,-5.882730995801466],[-47.45911610972892,-5.873733120665039],[-47.45931527236955,-5.864735242156353],[-47.45951442748513,-5.855737360291218],[-47.459713576900654,-5.846739475969493],[-47.45991271972566,-5.837741588295258],[-47.46011185598007,-5.828743698176273],[-47.46031098567594,-5.819745804712664],[-47.46051010973566,-5.810747908808276],[-47.46070922726879,-5.801750009567164],[-47.46090833829524,-5.792752107897071],[-47.46110744282708,-5.783754202898157],[-47.46130654178268,-5.774756294570459],[-47.461505634279504,-5.7657583838256405],[-47.46170472033352,-5.756760470667626],[-47.46190379995679,-5.74776255419658],[-47.4621028731653,-5.738764634416449],[-47.46230193997888,-5.729766712234955],[-47.46250100131193,-5.7207687867483905],[-47.46270005628194,-5.71177085886838],[-47.46289910490099,-5.70277292769506],[-47.463098147185036,-5.6937749932323864],[-47.46329718315774,-5.684777057291903],[-47.46349621282349,-5.675779117166142],[-47.46369523710814,-5.666781174662826],[-47.463894255121545,-5.657783228885948],[-47.464093265981255,-5.648785280747068],[-47.46429227150763,-5.639787330242486],[-47.46449127081055,-5.63078937647618],[-47.46469026390594,-5.62179141945208],[-47.464889250813535,-5.612793460077966],[-47.465088231545465,-5.603795497453933],[-47.465287206121424,-5.594797532487777],[-47.46548617545564,-5.585799564275826],[-47.46568513775982,-5.57680159282962],[-47.4658840948616,-5.567803619953122],[-47.466083044961415,-5.55880564294645],[-47.466281989886824,-5.54980766361361],[-47.466480927849624,-5.54080968196608],[-47.46667986066602,-5.531811697096466],[-47.46687878654787,-5.522813709016244],[-47.46707770731883,-5.513815718625646]]]},"properties":{"id_fluxo":66,"agrupamento":"Imperatriz","origem_aproximada":"Estreito","destino_aproximado":"Imperatriz","comprimento_m":115512.2}},{"type":"Feature","geometry":{"type":"MultiLineString","coordinates":[[[-46.68200486914781,-6.962428883552955],[-46.67525883304175,-6.968372355546094],[-46.66851262610693,-6.9743157296336795],[-46.66176624912466,-6.9802590064659995],[-46.655019702869915,-6.986202184884907],[-46.64827298540917,-6.992145265550228],[-46.641526097517435,-6.998088247303839],[-46.63477903907426,-7.004031131703397],[-46.62803180994966,-7.009973917593963],[-46.6212844100169,-7.015916604724746],[-46.6145368391523,-7.021859193749244],[-46.607789096324,-7.0278016844197895],[-46.60104118230717,-7.033744075578234],[-46.59429309698122,-7.039686368782314],[-46.58754483931116,-7.045628562880073],[-46.58079641007837,-7.051570658521884],[-46.574047809152994,-7.057512654552719],[-46.56729903641134,-7.063454551626056],[-46.56055009082447,-7.0693963503983595],[-46.553800972259495,-7.075338048810333],[-46.54705168240608,-7.081279648413619],[-46.54030221841878,-7.087221148062195],[-46.53355258288949,-7.093162548400483],[-46.52680277297868,-7.099103850090932],[-46.520052790364055,-7.105045051068181],[-46.51330263492183,-7.11098615198568],[-46.50655230562585,-7.116927154404125],[-46.49980180234044,-7.122868055359816],[-46.49305112585295,-7.1288088573118085],[-46.48630027512831,-7.1347495591079095],[-46.47954925094215,-7.140690159590078],[-46.47279805136572,-7.146630661226124],[-46.46604667807708,-7.1525710619507725],[-46.45929513094948,-7.1585113615132085],[-46.45254340805109,-7.16445156147689],[-46.44579151106303,-7.170391660680899],[-46.43903943804765,-7.1763316588800485],[-46.43228719068901,-7.18227155581778],[-46.42553476886317,-7.18821135214753],[-46.41878217063241,-7.194151047624027],[-46.41202939677815,-7.200090642897857],[-46.40527644716801,-7.206030135909503],[-46.39852332258626,-7.21196952821391],[-46.391770021092285,-7.217908818661388],[-46.38501654346757,-7.223848007902561],[-46.378262890490845,-7.229787095683778],[-46.37150906022422,-7.235726081759573],[-46.36475505344913,-7.241664966780618],[-46.358000870033344,-7.247603748687307],[-46.3512465098582,-7.253542429941697],[-46.344491971888516,-7.259481009391204],[-46.33773725780606,-7.2654194858751735],[-46.33098236567813,-7.271357860956656],[-46.32422729628086,-7.277296133477704],[-46.31747204948746,-7.283234303187348],[-46.3107166242707,-7.289172371645925],[-46.30396102230989,-7.295110336788554],[-46.297205240766324,-7.301048200180758],[-46.29044928222773,-7.306985960659398],[-46.283693144755816,-7.312923617978686],[-46.276936829132126,-7.318861172789383],[-46.27018033432403,-7.324798624843053],[-46.26342366110796,-7.330735972981793],[-46.25666680845639,-7.336673218765824],[-46.24990977714827,-7.342610361941632],[-46.24315256614843,-7.3485474013563294],[-46.23639517623591,-7.3544843367563795],[-46.22963760638303,-7.360421169702022],[-46.222879857366344,-7.366357899035322],[-46.21612192815311,-7.37229452450774],[-46.20936381861897,-7.378231046772609],[-46.20260552954055,-7.384167464672018],[-46.19584705988756,-7.39010377886177],[-46.18908840953314,-7.396039989090759],[-46.18232957835046,-7.401976095107943],[-46.175570567121056,-7.407912097564217],[-46.16881137480974,-7.413847995306511],[-46.162052001292025,-7.419783788988149],[-46.15529244734713,-7.42571947835569],[-46.14853271103613,-7.431655063162725],[-46.1417727931382,-7.437590543155811],[-46.13501269443493,-7.4435259189859035],[-46.12825241389108,-7.449461189499839],[-46.12149195047833,-7.455396356257595],[-46.11473130587741,-7.461331417194662],[-46.10797047905772,-7.467266372966593],[-46.10120946898851,-7.473201224228957],[-46.094448277355205,-7.479135970726089],[-46.08768690312259,-7.485070611304698],[-46.08092534525984,-7.491005146620274],[-46.074163604546314,-7.496939576419423],[-46.06740168085735,-7.502873901355427],[-46.060639574063906,-7.508808120272711],[-46.05387728403913,-7.51474223292008],[-46.04711481066057,-7.520676240855262],[-46.040352152890705,-7.526610142020343]]]},"properties":{"id_fluxo":67,"agrupamento":"Balsas","origem_aproximada":"Feira Nova do Maranhão","destino_aproximado":"Balsas","comprimento_m":94405.1}},{"type":"Feature","geometry":{"type":"MultiLineString","coordinates":[[[-44.90092051405862,-6.151217473440906],[-44.892087067617844,-6.149613699365519],[-44.88325367476975,-6.1480097782938135],[-44.87442033389893,-6.146405712149715],[-44.86558704700616,-6.144801499239508],[-44.8567538124762,-6.143197140582453],[-44.8479206305017,-6.141592636293649],[-44.839087502179375,-6.139987985583833],[-44.83025442589397,-6.138383189472215],[-44.821421402742224,-6.136778247169555],[-44.81258843291675,-6.13517315879098],[-44.80375551570606,-6.133567925355976],[-44.794922651303416,-6.131962545170395],[-44.78608983899696,-6.130357020158282],[-44.77725708078722,-6.128751349530888],[-44.7684243741554,-6.127145533402249],[-44.759591721102076,-6.125539570983696],[-44.75075912091565,-6.123933463294606],[-44.74192657288491,-6.122327210449744],[-44.73309407810617,-6.120720812564716],[-44.72426163586915,-6.119114267945039],[-44.71542924636502,-6.117507579419733],[-44.70659690978774,-6.115900744390172],[-44.697764626328905,-6.114293764780807],[-44.688932394374,-6.112686639801209],[-44.6801002159231,-6.111079369567607],[-44.671268090264974,-6.109471954194728],[-44.66243601759269,-6.107864392893204],[-44.653603997193905,-6.106256687586917],[-44.64477202926226,-6.104648836581888],[-44.63594011398968,-6.1030408408979735],[-44.627108251568664,-6.101432700650433],[-44.618276442192304,-6.09982441504992],[-44.609444685149356,-6.098215984211091],[-44.60061298063168,-6.096607409153817],[-44.59178132883308,-6.094998688184151],[-44.58294972994466,-6.093389823226621],[-44.57411818325585,-6.091780813491204],[-44.56528668895911,-6.0901716590932065],[-44.5564552472469,-6.088562360147926],[-44.547623858311646,-6.086952916770671],[-44.538792522346554,-6.085343328172191],[-44.5299612386396,-6.0837335953716485],[-44.52113000738319,-6.082123718484356],[-44.51229882786769,-6.080513695815658],[-44.50346770209044,-6.0789035301963],[-44.494636628438954,-6.077293219026241],[-44.48580560710397,-6.075682764230017],[-44.47697463827875,-6.074072165018377],[-44.46814372215565,-6.072461421506698],[-44.459312858927106,-6.070850533810397],[-44.45048204697814,-6.069239502043046],[-44.441651288309394,-6.067628325417245],[-44.43282058220771,-6.066017005856683],[-44.42398992796368,-6.0644055416666225],[-44.41515932667334,-6.06279393296345],[-44.40632877762442,-6.061182180766188],[-44.397498281010265,-6.059570284285699],[-44.38866783611858,-6.057958244540957],[-44.37983744494997,-6.0563460607448825],[-44.3710071049859,-6.054733733009828],[-44.362176818227,-6.053121260548749],[-44.35334658305625,-6.051508645284152],[-44.34451640057064,-6.049895886427994],[-44.33568627096357,-6.048282983191179],[-44.32685619261794,-6.046669937496113],[-44.318026167536594,-6.045056746746819],[-44.309196194101254,-6.043443413770222],[-44.300366273410084,-6.041829936873827],[-44.29153640475179,-6.040216316172007],[-44.28270658831866,-6.038602551780268],[-44.273876824301816,-6.036988644718654],[-44.26504711289467,-6.035374594198176],[-44.256217453387166,-6.033760399428604],[-44.24738784596912,-6.032146062334553]]]},"properties":{"id_fluxo":68,"agrupamento":"Colinas","origem_aproximada":"Fernando Falcão","destino_aproximado":"Colinas","comprimento_m":73504.5}},{"type":"Feature","geometry":{"type":"MultiLineString","coordinates":[[[-46.19029725264641,-6.44333606922293],[-46.18906079091167,-6.452289135985531],[-46.18782428508804,-6.46124219657769],[-46.18658773598954,-6.470195251884824],[-46.185351143519725,-6.479148300081157],[-46.18411450759052,-6.48810134295865],[-46.18287782720122,-6.497054378693654],[-46.18164110407223,-6.506007409073868],[-46.180404336298515,-6.51496043227777],[-46.17916752560056,-6.523913450093078],[-46.177930670075355,-6.532866461602669],[-46.176693771439176,-6.541819466785397],[-46.17545682779105,-6.550772465628585],[-46.17421984084731,-6.559725458111077],[-46.172982809613366,-6.568678445122497],[-46.171745733992644,-6.577631424837103],[-46.17050861389696,-6.5865843990467985],[-46.16927145013627,-6.595537366828125],[-46.16803424171375,-6.60449032816628],[-46.16679698853912,-6.6134432839487785],[-46.16555969051568,-6.622396232349825],[-46.16432234845976,-6.631349175159246],[-46.16308496137233,-6.640302111457804],[-46.16184753006544,-6.649255041226464],[-46.160610053542115,-6.658207964450391],[-46.15937253261658,-6.667160882014986],[-46.15813496628967,-6.676113793000993],[-46.156897355373495,-6.685066697389404],[-46.15565969887308,-6.694019596069787],[-46.1544219975984,-6.702972488118676],[-46.15318425145698,-6.711925373519156],[-46.15194645945162,-6.7208782522564094],[-46.150708622396614,-6.729831125215788],[-46.14947074019726,-6.738783991475935],[-46.14823281276106,-6.747736851019933],[-46.14699483999757,-6.75668970473523],[-46.14575682090735,-6.76564255170263],[-46.14451875630469,-6.774595392807486],[-46.14328064699752,-6.783548226221845],[-46.1420424910901,-6.792501054646315],[-46.14080428938817,-6.801453875348567],[-46.13956604270824,-6.810406690118358],[-46.13832774914801,-6.819359498943021],[-46.13708940951538,-6.828312299994604],[-46.13585102462903,-6.837265095967322],[-46.13461259348499,-6.84621788413306],[-46.13337411599487,-6.855170666283754],[-46.13213559206599,-6.864123442402449],[-46.13089702250846,-6.873076211565603],[-46.1296584063268,-6.882028974662859],[-46.12841974342612,-6.8909817307728245],[-46.127181033713704,-6.899934479878544],[-46.12594227800397,-6.908887222865367],[-46.12470347620421,-6.917839959716301],[-46.12346462640944,-6.926792689514283],[-46.122225731242054,-6.9357454122359155],[-46.120986788803464,-6.944698129677384],[-46.11974779899443,-6.953650839108427],[-46.118508762633695,-6.962603543223245],[-46.11726967962205,-6.971556239291592],[-46.11603054896796,-6.980508930011915],[-46.11479137238468,-6.989461613554141],[-46.113552147063814,-6.998414289907707],[-46.11231287563239,-7.007366960858076],[-46.111073556180706,-7.01631962367929],[-46.109834190432814,-7.025272281063371],[-46.10859477648107,-7.034224931188803],[-46.10735531513997,-7.0431775749408825],[-46.10611580631449,-7.0521302113982145],[-46.104876249913886,-7.061082841448251],[-46.10363664584523,-7.070035465074037],[-46.102396994013475,-7.078988081354159],[-46.101157294327805,-7.087940691176067],[-46.0999175466953,-7.096893294522786],[-46.09867775102084,-7.105845890472928],[-46.09743790721361,-7.11479847991393],[-46.09619801608607,-7.123751062826661],[-46.09495807663981,-7.132703639196294],[-46.093718088779674,-7.1416562081014385],[-46.09247805241695,-7.150608771333945],[-46.09123796835982,-7.159561327065837],[-46.08999783560976,-7.168513875282279],[-46.08875765498356,-7.177466417773002],[-46.08751742547834,-7.186418952714305],[-46.08627714700316,-7.195371480993629],[-46.08503682037055,-7.204324002591835],[-46.083796445487444,-7.213276517491953],[-46.08255602135299,-7.222229024774682],[-46.08131554787836,-7.231181526231935],[-46.080075026777465,-7.240134020033524],[-46.07883445614802,-7.249086507071196],[-46.07759383589685,-7.258038987327974],[-46.076353167742255,-7.2669914607825605],[-46.07511244977963,-7.275943927422238],[-46.0738716828194,-7.284896386323462],[-46.07263086586691,-7.2938488392802014],[-46.07139000063625,-7.3028012844623635],[-46.07014908613061,-7.311753722759468],[-46.06890812135309,-7.320706155061126],[-46.06766710711198,-7.329658579539318],[-46.06642604422211,-7.338610997079328],[-46.065184930778464,-7.347563407668444],[-46.06394376850175,-7.356515812189799],[-46.06270255548257,-7.365468208821833],[-46.06146129344167,-7.374420598447677],[-46.060219981379824,-7.3833729810524416],[-46.05897861920374,-7.392325356619151],[-46.05773720772612,-7.401277725128632],[-46.05649574504162,-7.410230086568194],[-46.05525423286896,-7.419182440916485],[-46.054012670210916,-7.428134789063108],[-46.05277105787591,-7.437087129180034],[-46.05152939486666,-7.4460394621568415],[-46.050287681091945,-7.454991788880923],[-46.04904591736018,-7.463944107524264],[-46.04780410358233,-7.472896419878692],[-46.046562237850495,-7.481848725027089],[-46.04532032278763,-7.490801022041546],[-46.04407835649225,-7.49975331271819],[-46.04283633977499,-7.508705596133424],[-46.04159427163832,-7.5176578731768195],[-46.040352152890705,-7.526610142020343]]]},"properties":{"id_fluxo":69,"agrupamento":"Balsas","origem_aproximada":"Formosa da Serra Negra","destino_aproximado":"Balsas","comprimento_m":120914.7}},{"type":"Feature","geometry":{"type":"MultiLineString","coordinates":[[[-46.17813596298144,-6.962321469605247],[-46.17601877402551,-6.971003250443098],[-46.17390150695814,-6.979685018234379],[-46.17178416163257,-6.988366772939177],[-46.16966673880945,-6.997048515419755],[-46.16754923743681,-7.005730245638464],[-46.165431657365566,-7.014411962650988],[-46.16331399935412,-7.023093666415152],[-46.16119626235264,-7.031775357797713],[-46.15907844711951,-7.04045703675651],[-46.156960552600374,-7.049138702349446],[-46.15484257955583,-7.05782035543878],[-46.152724527839005,-7.066501995984595],[-46.15060639639767,-7.075183623949183],[-46.14848818689331,-7.083865238383753],[-46.14636989737055,-7.0925468401572545],[-46.144251528585514,-7.1012284283230915],[-46.142133080395716,-7.109910004650184],[-46.1400145526497,-7.118591567289722],[-46.137895945202686,-7.127273117106226],[-46.13577725790765,-7.13595465405972],[-46.13365849061755,-7.144636178110273],[-46.131539644090815,-7.153317689215712],[-46.12942071727492,-7.161999187338316],[-46.127301710022735,-7.17068067243811],[-46.125182622187175,-7.179362144475154],[-46.12306345452667,-7.1880436034072535],[-46.120944206894116,-7.196725049194481],[-46.118824878236786,-7.205406481799064],[-46.11670546840752,-7.2140879011810455],[-46.11458597816693,-7.222769308202642],[-46.11246640736345,-7.231450701015085],[-46.11034675494862,-7.24013208138941],[-46.10822702167867,-7.248813448379019],[-46.106107207408606,-7.257494802848378],[-46.10398731198673,-7.266176142948643],[-46.10186733527023,-7.27485747044868],[-46.0997472771096,-7.283538784404087],[-46.097627136453966,-7.292220085681493],[-46.09550691496536,-7.300901373332071],[-46.09338661159289,-7.309582648222458],[-46.09126622618481,-7.318263908503828],[-46.08914575950618,-7.32694515684724],[-46.08702520959354,-7.335626391408224],[-46.08490457811121,-7.344307612142408],[-46.082783864914006,-7.352988819914208],[-46.080663068040494,-7.361670013783567],[-46.078542190065384,-7.370351195512742],[-46.07642122811683,-7.379032362355047],[-46.0743001847718,-7.387713516977139],[-46.07217905806651,-7.396394657534539],[-46.07005784785559,-7.405075784891629],[-46.0679365558014,-7.413756898099639],[-46.06581517994654,-7.422437998027292],[-46.063693721049496,-7.431119084632391],[-46.06157217896269,-7.439800157874907],[-46.05945055353857,-7.448481217714785],[-46.05732884372339,-7.457162264114196],[-46.05520705117963,-7.465843296124306],[-46.05308517485788,-7.474524315516104],[-46.05096321460615,-7.483205320440699],[-46.04884117027893,-7.491886311762447],[-46.046719042636944,-7.500567290343595],[-46.044596829715715,-7.509248254339531],[-46.0424745340884,-7.51792920460817],[-46.040352152890705,-7.526610142020343]]]},"properties":{"id_fluxo":70,"agrupamento":"Balsas","origem_aproximada":"Fortaleza dos Nogueiras","destino_aproximado":"Balsas","comprimento_m":64220.3}},{"type":"Feature","geometry":{"type":"MultiLineString","coordinates":[[[-44.15161903342698,-5.732245664687054],[-44.15435387281699,-5.740814518118199],[-44.15708879422571,-5.7493833553288525],[-44.15982379783173,-5.757952177160626],[-44.16255888200876,-5.7665209835479265],[-44.165294049647386,-5.775089773527255],[-44.16802929911869,-5.783658548842111],[-44.170764630605255,-5.792227307620477],[-44.17350004428571,-5.80079605070395],[-44.176235541243244,-5.809364778030891],[-44.178971120754674,-5.817933489537059],[-44.18170678300002,-5.826502185159471],[-44.184442528159316,-5.83507086483519],[-44.187178355509346,-5.843639528499951],[-44.18991426703538,-5.8522081769979515],[-44.19265026201683,-5.86077680845581],[-44.195386339727946,-5.86934542461837],[-44.19812250215668,-5.877914024520727],[-44.20085874677197,-5.886482609000527],[-44.20359507646516,-5.895051177094158],[-44.20633148960978,-5.903619728736028],[-44.20906798638468,-5.912188264767741],[-44.21180456787468,-5.920756784223021],[-44.21454123425871,-5.92932528794345],[-44.217277983911494,-5.937893774958899],[-44.22001481881873,-5.946462246113495],[-44.2227517382573,-5.955030701342965],[-44.22548874240869,-5.963599139679759],[-44.22822583235537,-5.972167561966672],[-44.23096300647071,-5.980735968138197],[-44.23370026583845,-5.989304358132573],[-44.23643761063893,-5.997872731886774],[-44.239175041052455,-6.0064410893378],[-44.24191255726065,-6.015009429518074],[-44.244650158537816,-6.023577754172427],[-44.24738784596912,-6.032146062334553]]]},"properties":{"id_fluxo":71,"agrupamento":"Colinas","origem_aproximada":"Fortuna","destino_aproximado":"Colinas","comprimento_m":34808.6}},{"type":"Feature","geometry":{"type":"MultiLineString","coordinates":[[[-45.7735304271257,-1.4121438379704037],[-45.76880992980144,-1.4198335167448883],[-45.76408940168587,-1.4275231852318242],[-45.759368842557485,-1.4352128432707236],[-45.754648251296246,-1.442902491605993],[-45.74992762857922,-1.450592129172214],[-45.74520697328605,-1.4582817558091754],[-45.7404862869933,-1.465971372260381],[-45.73576556768172,-1.4736609783659516],[-45.731044816927565,-1.4813505739647757],[-45.72632403271156,-1.4890401588969016],[-45.72160321571109,-1.4967297330015472],[-45.71688236660356,-1.504419296117895],[-45.71216148426887,-1.5121088489903582],[-45.70744056848517,-1.5197983905537618],[-45.70271961903126,-1.5274879215522514],[-45.697998636584245,-1.535177440920334],[-45.693277620023984,-1.5428669494024323],[-45.688556569129226,-1.5505564477426912],[-45.6838354845768,-1.5582459339709542],[-45.679114366145484,-1.5659354088313628],[-45.674393213614024,-1.5736248730680427],[-45.66967202586165,-1.5813143256160571],[-45.6649508026671,-1.589003767219578],[-45.66022954560648,-1.596693196812788],[-45.655508253559546,-1.604382615140099],[-45.65078692540581,-1.612072022041275],[-45.64606556272163,-1.6197614173551753],[-45.64134416348753,-1.6274508009218474],[-45.6366227292799,-1.6351401725801658],[-45.63190125897847,-1.6428295330745186],[-45.62717975236142,-1.6505188813397031],[-45.62245820920716,-1.6582082172151473],[-45.617736630193384,-1.6658975414446955],[-45.613015014199554,-1.6735868538680583],[-45.60829336190307,-1.6812761543244106],[-45.60357167218337,-1.6889654426534735],[-45.59884994571813,-1.6966547195990582],[-45.59412818138621,-1.7043439831915528],[-45.58940637986557,-1.7120332350794545],[-45.58468454093436,-1.7197224741975228],[-45.57996266437127,-1.7274117012898453],[-45.57524074905564,-1.7351009161961262],[-45.570518796563675,-1.742790117850598],[-45.56579680487622,-1.7504793079025527],[-45.56107477556923,-1.7581684843815295],[-45.55635270662353,-1.7658576489368476],[-45.5516305996153,-1.7735468005026875],[-45.54690845342418,-1.7812359398234334],[-45.542186267828235,-1.7889250658338198],[-45.537464043504926,-1.796614178372992],[-45.53274177933407,-1.8043032790899884],[-45.52801947599257,-1.8119923660145763],[-45.523297132360256,-1.8196814407958044],[-45.518574748214924,-1.827370501463714],[-45.51385232423454,-1.8350595496668103],[-45.50912986019722,-1.8427485843398146],[-45.504407355881526,-1.8504376062267927],[-45.499684810166464,-1.8581266142627506],[-45.49496222462883,-1.86581560919122],[-45.49023959724848,-1.8735045899474374],[-45.48551692870336,-1.8811935581799124],[-45.48079421877154,-1.8888825128233482],[-45.476071468130456,-1.896571453716883],[-45.47134867476018,-1.9042603807004013],[-45.466625840237285,-1.9119492936127893],[-45.461902963441425,-1.9196381941030571],[-45.457180044150164,-1.9273270792964956],[-45.45245708304169,-1.9350159517463437],[-45.44773407899466,-1.9427048094828245],[-45.44301103178782,-1.950393654154672],[-45.43828794209816,-1.9580824837916724],[-45.43356480970442,-1.9657713000425632],[-45.428841634384675,-1.9734601018420042],[-45.424118415017986,-1.9811488890296303],[-45.419395152282064,-1.9888376623492465],[-45.41467184595515,-1.996526421640216],[-45.40994849491607,-2.0042151658374165],[-45.40522510074195,-2.0119038965891898],[-45.400501662311385,-2.0195926119256784],[-45.39577817940306,-2.0272813134956453],[-45.391054651794995,-2.0349700002337467],[-45.38633107926544,-2.042658671979346],[-45.381607461592814,-2.0503473294764545],[-45.37688379945438,-2.0580359716595367],[-45.37216009172934,-2.0657245992728344],[-45.367436339095136,-2.073413212155476],[-45.362712540430756,-2.0811018101470125],[-45.35798869551439,-2.0887903930867777],[-45.35326480502352,-2.0964789608139163],[-45.3485408687365,-2.1041675140724463],[-45.34381688643138,-2.1118560517970004],[-45.339092856987044,-2.1195445738271075],[-45.33436878108116,-2.1272330809065925],[-45.3296446584919,-2.1349215728747994],[-45.32492048899745,-2.1426100495710343],[-45.32019627237597,-2.150298510834617],[-45.31547200840563,-2.157986956504882],[-45.31074769686458,-2.1656753864211296],[-45.30602333843029,-2.1733638004224862],[-45.30129893198178,-2.1810521992531555],[-45.2965744763979,-2.188740582752641],[-45.29184997415453,-2.196428949854989],[-45.28712542233204,-2.2041173013047612],[-45.28240082340652,-2.2118056369407],[-45.277676174458286,-2.2194939575073827],[-45.27295147796312,-2.227182261034133],[-45.268226731900626,-2.234870548265326],[-45.26350193604908,-2.24255881994494],[-45.25877709198528,-2.2502470759119593],[-45.25405219768846,-2.2579353151012747],[-45.24932725383621,-2.265623538256735],[-45.24460226020665,-2.27331174521761],[-45.23987721657768,-2.2809999349184915],[-45.235152122727705,-2.2886881090080435],[-45.23042697933401,-2.29637626642074],[-45.22570178437604,-2.304064407900825],[-45.220976539430374,-2.311752531477866],[-45.21625124337606,-2.3194406397054204],[-45.211525895990874,-2.3271287306133397],[-45.20680049705301,-2.334816804945578],[-45.202075048139314,-2.3425048625411384],[-45.197349546329455,-2.350192902334987],[-45.19262399320057,-2.357880925975538],[-45.18789838853064,-2.3655689333020384],[-45.18317273209746,-2.373256922344345],[-45.17844702277986,-2.3809448947512317],[-45.17372126125527,-2.388632850361847],[-45.16899544730156,-2.3963207881107156],[-45.164269580696974,-2.4040087096465212],[-45.15954366121927,-2.4116966129990893],[-45.15481768864653,-2.419384498912371],[-45.15009166275685,-2.4270723681303004],[-45.14536558332808,-2.4347602195874205],[-45.140639451037664,-2.4424480531228525],[-45.13591326386471,-2.4501358694807487],[-45.131187023386026,-2.457823667595438],[-45.12646072937967,-2.46551144821085],[-45.12173438072409,-2.4731992111663317],[-45.11700797719729,-2.480886957205779],[-45.11228151947652,-2.4885746843589103],[-45.10755500644031,-2.496262393369767],[-45.102828439665664,-2.5039500849820953],[-45.098101817131386,-2.511637758130561],[-45.09337513861544,-2.5193254135590655],[-45.08864840569479,-2.527013051106719]]]},"properties":{"id_fluxo":72,"agrupamento":"Pinheiro","origem_aproximada":"Godofredo Viana","destino_aproximado":"Pinheiro","comprimento_m":144871.0}},{"type":"Feature","geometry":{"type":"MultiLineString","coordinates":[[[-44.29975203207503,-5.153919476754132],[-44.295223133020585,-5.146177150007135],[-44.29069434413283,-5.138434788865725],[-44.2861656642868,-5.130692394382606],[-44.28163709416492,-5.122949964898687],[-44.27710863264129,-5.11520750237124],[-44.27258027949618,-5.107465005140149],[-44.268052035408076,-5.099722475164682],[-44.26352389925512,-5.091979910783737],[-44.258995872618904,-5.084237313053007],[-44.2544679534745,-5.0764946812149345],[-44.2499401416003,-5.0687520154185455],[-44.24541243857781,-5.06100931671958],[-44.240884842382236,-5.053266584360397],[-44.23635735459507,-5.045523819396726],[-44.231829973192674,-5.037781020166335],[-44.227302699756514,-5.030038187724973],[-44.22277553316401,-5.022295321316034],[-44.218248473191444,-5.014552422897661],[-44.213721519619405,-5.006809490809749],[-44.209194673128366,-4.999066525202381],[-44.20466793259368,-4.991323527128076],[-44.20014129779492,-4.983580495831243],[-44.195614769412565,-4.975837431461977],[-44.19108834722508,-4.9680943341692805],[-44.18656203011014,-4.960351203196486],[-44.18203581874599,-4.9526080405028114],[-44.17750971201032,-4.944864845331549],[-44.17298371148778,-4.937121616024778],[-44.16845781514973,-4.9293783554429345],[-44.16393202367887,-4.9216350619269855],[-44.1594063368538,-4.913891735625879],[-44.15488075535496,-4.906148376689714],[-44.15035527715723,-4.898404985265183],[-44.14582990384293,-4.890661561503484],[-44.141304633387,-4.882918105551298],[-44.136779467371746,-4.875174617559843],[-44.13225440557695,-4.8674310967734895],[-44.1277294468783,-4.859687544244616],[-44.12320459105565,-4.8519439592175315],[-44.11867983878944,-4.844200341842344],[-44.114155188955436,-4.836456693171351],[-44.10963064223528,-4.828713012450098],[-44.105106198408855,-4.8209692989229085],[-44.10058185635079,-4.813225554546635],[-44.09605761764565,-4.8054817776634335],[-44.091533480267536,-4.797737969324365],[-44.08700944489693,-4.789994129679489],[-44.08248551131502,-4.78225025706862],[-44.077961680198634,-4.774506354355483],[-44.07343794952683,-4.76676241897288],[-44.06891432087934,-4.759018452881205],[-44.06439079223409,-4.751274454417788],[-44.059867365170774,-4.743530425543018],[-44.055344039470654,-4.735786364596655],[-44.050820814009725,-4.728042272630894],[-44.04629768856809,-4.720298148890021],[-44.04177466382498,-4.712553994428633],[-44.037251739560496,-4.704809808491066],[-44.03272891465073,-4.697065592129429],[-44.02820618977737,-4.6893213445892385],[-44.0236835647206,-4.681577065114796],[-44.019161038355314,-4.673832755662754],[-44.01463861226471,-4.666088415479874],[-44.010116284426,-4.65834404380792],[-44.00559405551838,-4.650599641701492],[-44.00107192622356,-4.642855208406134],[-43.99654989541777,-4.635110744973884],[-43.99202796197981,-4.627366250647748],[-43.987506127491606,-4.619621725579043],[-43.98298439173213,-4.6118771699165695],[-43.978462753578995,-4.60413258380782],[-43.97394121281123,-4.5963879674015615],[-43.96941977010927,-4.588643320847839],[-43.96489842435078,-4.580898644294133],[-43.960377176217506,-4.573153936985978],[-43.95585602548853,-4.565409199072134],[-43.95133497104024,-4.557664431604559],[-43.94681401355443,-4.549919633828772],[-43.94229315281017,-4.54217480589353],[-43.93777238858661,-4.534429947947569],[-43.93325172066283,-4.526685060139606],[-43.928731148817995,-4.518940142618382],[-43.92421067283122,-4.511195195532616],[-43.91969029248302,-4.503450218126515],[-43.91517000845384,-4.495705210550116],[-43.91064981871895,-4.487960173853969],[-43.90612972486145,-4.480215107284938],[-43.901609726660475,-4.472470010991745],[-43.89708982299266,-4.464724886026241],[-43.89257001363994,-4.456979730728081]]]},"properties":{"id_fluxo":73,"agrupamento":"Codó","origem_aproximada":"Gonçalves Dias","destino_aproximado":"Codó","comprimento_m":89305.6}},{"type":"Feature","geometry":{"type":"MultiLineString","coordinates":[[[-44.27046337485756,-5.024785476515386],[-44.26548700881692,-5.017315778185432],[-44.260510755418935,-5.009846040595412],[-44.255534615348786,-5.002376263014662],[-44.25055858838864,-4.994906445616112],[-44.24558267341762,-4.987436589476192],[-44.24060687112094,-4.9799666938642435],[-44.235631181280766,-4.972496758953171],[-44.230655603680354,-4.965026784011249],[-44.2256801380998,-4.957556771020564],[-44.22070478432341,-4.950086718344781],[-44.21572954213343,-4.942616626156785],[-44.21075441131103,-4.935146495534035],[-44.205779391639524,-4.927676325744788],[-44.20080448290118,-4.920206116961901],[-44.19582968487719,-4.912735870262787],[-44.19085499825386,-4.905265584012248],[-44.18588042191163,-4.897795258382003],[-44.18090595653244,-4.8903248953551595],[-44.17593160099896,-4.882854493294285],[-44.17095735509352,-4.8753840523721985],[-44.165983219499154,-4.867913573667392],[-44.16100919400044,-4.860443055543556],[-44.156035277475674,-4.852972499981509],[-44.151061470611246,-4.845501905346056],[-44.1460877731873,-4.8380312736191025],[-44.14111418408667,-4.830560603163188],[-44.136140704895276,-4.823089894153399],[-44.13116733359089,-4.815619147664762],[-44.1261940708588,-4.808148362966669],[-44.12122091648143,-4.800677540231867],[-44.116247871142924,-4.793206679634319],[-44.11127493282228,-4.785735781344444],[-44.10630210310655,-4.778264844632765],[-44.101329379972455,-4.770793871478814],[-44.096356765911004,-4.763322859345229],[-44.09138425799615,-4.755851811114841],[-44.086411857817225,-4.748380724249115],[-44.08143956425274,-4.740909600728701],[-44.07646737798918,-4.733438438918425],[-44.071495297906274,-4.725967239894359],[-44.06652332468693,-4.718496004734981],[-44.061551457215735,-4.71102473089815],[-44.05657969617318,-4.7035534212714305],[-44.05160804134544,-4.696082073313877],[-44.04663649251265,-4.688610689007304],[-44.04166504855706,-4.681139267618629],[-44.03669371016281,-4.673667809321773],[-44.031722478014,-4.666196314290671],[-44.02675135009018,-4.658724782695501],[-44.02178032707674,-4.651253213805659],[-44.01680940965654,-4.643781608699614],[-44.01183859581049,-4.636309966642986],[-44.00686788712418,-4.628838287810956],[-44.0018972824788,-4.621366572374905],[-43.99692678165573,-4.613894821412032],[-43.99195638534164,-4.606423033287181],[-43.98698609241647,-4.598951209076289],[-43.98201590266293,-4.591479348951953],[-43.9770458167664,-4.584007452183566],[-43.9720758345083,-4.576535519848325],[-43.96710595477121,-4.5690635512130005],[-43.96213617823928,-4.561591546451512],[-43.95716650469519,-4.554119505736513],[-43.95219693302167,-4.546647428334753],[-43.94722746390018,-4.539175316229185],[-43.94225809711611,-4.531703167783392],[-43.93728883245092,-4.524230984074492],[-43.932319669688674,-4.5167587643705405],[-43.92735060861218,-4.50928650884415],[-43.9223816490029,-4.501814218572398],[-43.917412790646296,-4.494341891918853],[-43.912444033323844,-4.4868695299606],[-43.9074753777183,-4.479397133776049],[-43.90250682181401,-4.471924700821542],[-43.89753836719361,-4.4644522330813725],[-43.89257001363994,-4.456979730728081]]]},"properties":{"id_fluxo":74,"agrupamento":"Codó","origem_aproximada":"Governador Archer","destino_aproximado":"Codó","comprimento_m":75478.4}},{"type":"Feature","geometry":{"type":"MultiLineString","coordinates":[[[-47.36243055109766,-5.749477031753634],[-47.366040486907046,-5.741351125906752],[-47.36965032013758,-5.733225195868444],[-47.373260051891315,-5.725099239928474],[-47.37686968057807,-5.716973260003289],[-47.38047920820223,-5.708847254378929],[-47.38408863406849,-5.7007212231603654],[-47.38769795839142,-5.692595168256502],[-47.3913071813706,-5.684469087960866],[-47.394916303213066,-5.676342982374654],[-47.39852532412959,-5.668216852502932],[-47.40213424342118,-5.660090697546796],[-47.405743062200855,-5.651964518507535],[-47.40935178066813,-5.643838313678646],[-47.41296039813522,-5.635712084972741],[-47.41656891570757,-5.627585831583403],[-47.42017733268994,-5.619459553615561],[-47.423785650191434,-5.611333251166634],[-47.42739386751683,-5.603206924341513],[-47.43100198486929,-5.5950805723375385],[-47.4346100033616,-5.586954196155929],[-47.43821792139638,-5.578827795905346],[-47.44182574098474,-5.570701371679388],[-47.44543346052562,-5.562574922682886],[-47.449041082030014,-5.554448449009488],[-47.45264860390064,-5.546321950767784],[-47.45625602725011,-5.538195428958979],[-47.45986335228149,-5.530068882780366],[-47.463470579205286,-5.5219423132368455],[-47.46707770731883,-5.513815718625646]]]},"properties":{"id_fluxo":75,"agrupamento":"Imperatriz","origem_aproximada":"Governador Edison Lobão","destino_aproximado":"Imperatriz","comprimento_m":28536.9}},{"type":"Feature","geometry":{"type":"MultiLineString","coordinates":[[[-44.24442032759648,-5.321937094304955],[-44.24445784690437,-5.330927188291528],[-44.24449536687588,-5.339917278950568],[-44.24453288841548,-5.3489073671834335],[-44.24457041062374,-5.357897452984739],[-44.24460793350374,-5.366887536350161],[-44.2446454588647,-5.375877616373037],[-44.24468298400102,-5.38486769395032],[-44.24472051072084,-5.39385776907992],[-44.24475803902726,-5.40284784175752],[-44.244795568020805,-5.4118379119777265],[-44.24483309770566,-5.420827978831645],[-44.24487062898637,-5.429818043220653],[-44.24490816096342,-5.438808105139353],[-44.24494569454253,-5.447798164584535],[-44.24498322882526,-5.456788220646232],[-44.245020764715115,-5.465778275130377],[-44.24505830131475,-5.4747683262224305],[-44.24509583952996,-5.4837583739191915],[-44.24513337845886,-5.492748420024377],[-44.2451709181068,-5.501738462724559],[-44.24520845937732,-5.51072850382568],[-44.24524600227695,-5.519718540609763],[-44.2452835459026,-5.52870857578507],[-44.2453210902585,-5.537698608442705],[-44.245358636251666,-5.546688637674962],[-44.24539618298127,-5.555678664380978],[-44.245433731353174,-5.564668688557568],[-44.24547128046884,-5.573658709294732],[-44.245508830329044,-5.5826487283973],[-44.245546381842026,-5.591638744053013],[-44.24558393500974,-5.6006287571621085],[-44.2456214889336,-5.609618766814581],[-44.24565904361435,-5.6186087748152564],[-44.24569659996032,-5.627598779351875],[-44.24573415707053,-5.636588781323534],[-44.24577171494808,-5.645578780725934],[-44.24580927450016,-5.654568776651386],[-44.24584683572756,-5.663558770904723],[-44.24588439773278,-5.672548761671347],[-44.24592196051772,-5.681538749851523],[-44.24595952408664,-5.690528734536387],[-44.24599709024635,-5.699518717533132],[-44.246034656293226,-5.7085086970247945],[-44.24607222403526,-5.717498673914004],[-44.24610979257251,-5.726488648195282],[-44.246147362812344,-5.7354786189609595],[-44.2461849338536,-5.744468587110111],[-44.246222506601306,-5.7534585535441805],[-44.24626008015902,-5.7624485155440315],[-44.24629765542944,-5.771438475820233],[-44.24633523061172,-5.780428432556972],[-44.24637280841609,-5.78941838756267],[-44.246410386138535,-5.7984083390203],[-44.24644796558852,-5.807398286928006],[-44.24648554676678,-5.816388233090596],[-44.24652312877564,-5.825378175693439],[-44.246560711616986,-5.8343681156368365],[-44.24659829619718,-5.843358052917668],[-44.246635881616086,-5.852347987530465],[-44.246673467878026,-5.861337918566364],[-44.24671105588818,-5.87032784692683],[-44.24674864474639,-5.879317772606384],[-44.246786235359075,-5.888307695601926],[-44.24682382682727,-5.89729761500342],[-44.246861420056206,-5.906287531712325],[-44.2468990132423,-5.915277445721931],[-44.24693660909876,-5.924267357031593],[-44.24697420491859,-5.933257265633361],[-44.2470118025129,-5.942247170620862],[-44.24704940188363,-5.951237072894332],[-44.24708700122702,-5.96022697244705],[-44.24712460235309,-5.969216869277156],[-44.24716220526619,-5.978206762475834],[-44.247199809064774,-5.987196652942111],[-44.247237413751954,-5.996186540671717],[-44.24727502023435,-6.005176425661569],[-44.247312627611585,-6.014166307906158],[-44.24735023588804,-6.023156186496642],[-44.24738784596912,-6.032146062334553]]]},"properties":{"id_fluxo":76,"agrupamento":"Colinas","origem_aproximada":"Governador Eugênio Barros","destino_aproximado":"Colinas","comprimento_m":78514.6}},{"type":"Feature","geometry":{"type":"MultiLineString","coordinates":[[[-44.07028430274591,-5.472306316636208],[-44.07300639187035,-5.480919727040517],[-44.07572855927828,-5.4895331222942945],[-44.07845080424641,-5.498146503237957],[-44.08117312785957,-5.506759868905565],[-44.08389552939447,-5.515373220137546],[-44.086618009936,-5.523986555967967],[-44.08934056876225,-5.53259987633269],[-44.09206320695543,-5.5412131820748485],[-44.09478592289086,-5.549826473128936],[-44.0975087194577,-5.558439749436297],[-44.10023159412987,-5.567053010025475],[-44.10295454798968,-5.575666255739642],[-44.105677581217996,-5.584279486515979],[-44.10840069399574,-5.592892702291704],[-44.11112388740806,-5.601505902100896],[-44.11384715982749,-5.610119087687057],[-44.11657051143768,-5.618732257178346],[-44.119293944222626,-5.627345412323764],[-44.12201745656027,-5.635958551248694],[-44.12474104953179,-5.644571675700787],[-44.127464722416654,-5.653184784711337],[-44.130188476298805,-5.661797878218878],[-44.13291231045634,-5.670410956159273],[-44.13563622597328,-5.6790240184710274],[-44.1383602212234,-5.687637065993175],[-44.14108429909807,-5.696250097762388],[-44.14380845706809,-5.70486311461635],[-44.14653269621889,-5.713476115589066],[-44.1492570176333,-5.72208910152353],[-44.15198141968773,-5.73070207144974],[-44.15470590346502,-5.7393150262107095],[-44.15743046914769,-5.747927964839087],[-44.16015511691559,-5.756540888176535],[-44.162879846949934,-5.765153796160211],[-44.165604658530164,-5.773766687821431],[-44.168329552737944,-5.782379564907716],[-44.1710545297572,-5.790992425547147],[-44.17377958886471,-5.799605270580083],[-44.17650473114493,-5.808218099944982],[-44.17922995497275,-5.81683091357635],[-44.18195526323907,-5.8254437114152475],[-44.18468065341559,-5.834056493394883],[-44.187406127490085,-5.842669259455002],[-44.19013168383739,-5.851282009530116],[-44.19285732444541,-5.859894743559958],[-44.19558304859095,-5.868507462384868],[-44.19830885645669,-5.877120165037448],[-44.20103474822406,-5.885732851454777],[-44.20376072316986,-5.894345522477232],[-44.206486782380104,-5.902958177138669],[-44.209212926036294,-5.91157081537619],[-44.21193915431859,-5.920183438031419],[-44.21466546650511,-5.928796045040204],[-44.21739186368202,-5.937408635436341],[-44.22011834512615,-5.946021210060202],[-44.22284491102028,-5.954633767944351],[-44.22557156244812,-5.963246309931641],[-44.22829829868777,-5.971858835957933],[-44.23102512082429,-5.9804713459615515],[-44.23375202723358,-5.989083838972495],[-44.23647901990167,-5.997696316739445],[-44.23920609810923,-6.0063087773891395],[-44.24193326113308,-6.014921221761907],[-44.244660510960685,-6.023533650701888],[-44.24738784596912,-6.032146062334553]]]},"properties":{"id_fluxo":77,"agrupamento":"Colinas","origem_aproximada":"Governador Luiz Rocha","destino_aproximado":"Colinas","comprimento_m":64924.6}},{"type":"Feature","geometry":{"type":"MultiLineString","coordinates":[[[-45.67129464754829,-3.426863070744075],[-45.66442385604007,-3.4324811726228743],[-45.65755298369202,-3.4380992236539303],[-45.650682030406436,-3.4437172244966754],[-45.64381099788544,-3.4493351749047005],[-45.63693988423024,-3.4549530746340795],[-45.63006868934308,-3.4605709243442644],[-45.6231974140253,-3.466188722884814],[-45.6163260572789,-3.4718064709157823],[-45.609454619005525,-3.477424168191996],[-45.60258310000771,-3.4830418153723284],[-45.59571149928569,-3.4886594104028683],[-45.588839816742286,-3.494276954847708],[-45.58196805317888,-3.4998944475564784],[-45.575096207598,-3.5055118900938163],[-45.568224279900186,-3.5111292804052234],[-45.5613522699882,-3.516746620054818],[-45.554480177762635,-3.522363906988093],[-45.54760800312678,-3.527981143673804],[-45.540735745981245,-3.5335983280574212],[-45.533863406228214,-3.539215460798411],[-45.52699098286903,-3.544832541652064],[-45.52011847760657,-3.550449571276828],[-45.513245889441656,-3.5560665485233227],[-45.506373217375604,-3.5616834731468487],[-45.499500462211444,-3.5673003467110047],[-45.49262762384987,-3.5729171671612394],[-45.48575470219305,-3.5785339351570324],[-45.47888169624276,-3.584150651358268],[-45.472008606800586,-3.589767314614597],[-45.46513543286828,-3.595383925585927],[-45.45826217524793,-3.6010004840265615],[-45.45138883384119,-3.6066169896912648],[-45.44451540674894,-3.6122334423357287],[-45.43764189657454,-3.617849842618034],[-45.43076830051796,-3.6234661893895797],[-45.42389462118262,-3.629082483308533],[-45.417020855768875,-3.6346987241309168],[-45.41014700507884,-3.6403149116110343],[-45.403273069914654,-3.645931045503266],[-45.39639904927796,-3.6515471264674124],[-45.3895249439709,-3.6571631542578604],[-45.38265075209381,-3.662779127725459]]]},"properties":{"id_fluxo":78,"agrupamento":"Santa Inês","origem_aproximada":"Governador Newton Bello","destino_aproximado":"Santa Inês","comprimento_m":41326.1}},{"type":"Feature","geometry":{"type":"MultiLineString","coordinates":[[[-45.89136526620175,-2.1290240819832484],[-45.883340264522246,-2.1330061937309766],[-45.87531522185712,-2.136988262367782],[-45.86729013735126,-2.1409702894670457],[-45.85926501194636,-2.1449522738872573],[-45.85123984478627,-2.1489342153925053],[-45.84321463681371,-2.1529161146505547],[-45.83518938627282,-2.1568979705214053],[-45.827164094106834,-2.1608797845773804],[-45.81913876035831,-2.164861555677519],[-45.811113384171044,-2.1688432835859293],[-45.803087966487325,-2.172824968065732],[-45.7950625073507,-2.176806609785186],[-45.787037005005736,-2.1807882085088734],[-45.77901146129397,-2.184769763999509],[-45.77098587535922,-2.188751276021149],[-45.76296024634578,-2.1927327452425573],[-45.754934575194994,-2.196714169617629],[-45.74690886195134,-2.200695551623899],[-45.73888310575773,-2.2046768892161843],[-45.7308573066581,-2.208658183967417],[-45.72283146559435,-2.2126394347361544],[-45.71480558081105,-2.2166206412869047],[-45.70677965325052,-2.220601803382883],[-45.69875368385599,-2.2245829225966025],[-45.69072766997186,-2.2285639968836866],[-45.68270161433949,-2.232545026911169],[-45.67467551430454,-2.2365260133486013],[-45.66664937170823,-2.240506955054161],[-45.65862318569442,-2.2444878517919156],[-45.65059695630657,-2.248468704230157],[-45.6425706826889,-2.2524495130376168],[-45.63454436668231,-2.256430276167835],[-45.62651800653212,-2.2604109951945883],[-45.61849160228102,-2.2643916689768493],[-45.610465153972115,-2.2683722972782916],[-45.60243866254863,-2.2723528816715226],[-45.59441212715359,-2.276333420111261],[-45.58638554693154,-2.280313914170872],[-45.57835892372388,-2.284294362708599],[-45.5703322557751,-2.2882747654888607],[-45.56230554312903,-2.2922551240846745],[-45.55427878672743,-2.2962354364499786],[-45.54625198571445,-2.3002157032534867],[-45.53822514013323,-2.3041959242588663],[-45.53019825002691,-2.3081760992297897],[-45.52217131543931,-2.312156229739267],[-45.51414433551322,-2.316136312837308],[-45.506117312091504,-2.3201163510009457],[-45.498090242518884,-2.3240963430901607],[-45.49006312863726,-2.32807628886798],[-45.48203596959042,-2.332056188098386],[-45.47400876542184,-2.3360360414497703],[-45.46598151527529,-2.340015848686102],[-45.45795422099272,-2.3439956095704577],[-45.449926880818495,-2.3479753238671206],[-45.44189949569523,-2.3519549913394964],[-45.43387206476668,-2.3559346117515245],[-45.425844588076316,-2.359914185771589],[-45.4178170656673,-2.363893713163393],[-45.40978949758284,-2.367873193690605],[-45.40176188386612,-2.371852627116914],[-45.39373422456059,-2.3758320141107045],[-45.38570651880976,-2.379811353531249],[-45.377678767556276,-2.3837906451419455],[-45.36965096994439,-2.387769890516161],[-45.36162312601683,-2.3917490876081926],[-45.35359523581729,-2.39572823799109],[-45.345567299388485,-2.3997073396191864],[-45.33753931677434,-2.403686394970251],[-45.32951128711817,-2.4076654019988246],[-45.321483211362874,-2.4116443613730447],[-45.313455088652205,-2.4156232728568714],[-45.305426919029614,-2.4196021371186496],[-45.29739870343736,-2.4235809521125056],[-45.28937044012038,-2.4275597203166415],[-45.28134213002095,-2.431538439685117],[-45.27331377318252,-2.4355171108863862],[-45.26528536874886,-2.43949573368428],[-45.2572569176627,-2.443474307842369],[-45.24922841906796,-2.4474528340291832],[-45.241199873007744,-2.4514313111037493],[-45.23317128042494,-2.4554097397343133],[-45.22514263956386,-2.4593881196848795],[-45.217113951367374,-2.463366451623714],[-45.20908521497896,-2.4673447335052527],[-45.201056431341684,-2.4713229669024472],[-45.1930275995993,-2.475301151579142],[-45.184998720694594,-2.4792792872989264],[-45.1769697928717,-2.4832573729210505],[-45.16894081797316,-2.4872354100183856],[-45.16091179424313,-2.4912133974501516],[-45.15288272262449,-2.495191335884658],[-45.144853603160456,-2.4991692241808905],[-45.13682443409537,-2.5031470630074932],[-45.128795218171085,-2.5071248521278493],[-45.120765952732434,-2.5111025922106522],[-45.11273663872207,-2.515080281210125],[-45.10470727618353,-2.519057921604072],[-45.09667786515997,-2.523035511346796],[-45.08864840569479,-2.527013051106719]]]},"properties":{"id_fluxo":79,"agrupamento":"Pinheiro","origem_aproximada":"Governador Nunes Freire","destino_aproximado":"Pinheiro","comprimento_m":99505.9}},{"type":"Feature","geometry":{"type":"MultiLineString","coordinates":[[[-44.332787973029795,-5.408372838323445],[-44.33156925050826,-5.417284065527355],[-44.33035049184801,-5.4261952878069835],[-44.32913169786301,-5.435106505147027],[-44.32791286846462,-5.444017717531268],[-44.3266940026615,-5.4529289249423964],[-44.32547510036494,-5.461840127364134],[-44.32425616238993,-5.470751323876658],[-44.323037188645756,-5.47966251627285],[-44.32181817904577,-5.488573702727293],[-44.32059913259749,-5.497484884127259],[-44.319380050114944,-5.5063960604575035],[-44.3181609315094,-5.515307231701771],[-44.316941776692126,-5.524218397843782],[-44.3157225846716,-5.53312955886624],[-44.31450335626184,-5.542040714753913],[-44.31328409227691,-5.550951865491549],[-44.312064790822426,-5.559863011060833],[-44.310845452713494,-5.568774150541914],[-44.30962607785921,-5.577685285727714],[-44.30840666707471,-5.586596415698448],[-44.30718721846549,-5.595507540435706],[-44.30596773284664,-5.6044186590197045],[-44.304748211030166,-5.613329773244412],[-44.303528652025406,-5.62224088218792],[-44.302309055743535,-5.63115198583394],[-44.301089422095714,-5.640063084166201],[-44.29986975099311,-5.64897417716845],[-44.298650043249836,-5.657885264825485],[-44.297430297874094,-5.666796347119977],[-44.296210515679995,-5.67570742403673],[-44.29499069477269,-5.684618495557298],[-44.29377083777122,-5.69352956257327],[-44.29255094187986,-5.702440623255922],[-44.29133100881356,-5.711351679400357],[-44.29011103848454,-5.720262730085745],[-44.28889102990197,-5.729173774390114],[-44.28767098387779,-5.738084814107457],[-44.286450900323075,-5.746995849221525],[-44.28523077824804,-5.7559068779057885],[-44.28401061756262,-5.7648179010485245],[-44.28279041998302,-5.7737289195403045],[-44.28157018361514,-5.78263993245804],[-44.28034990927318,-5.791550939786585],[-44.27912959686818,-5.800461941509698],[-44.27790924540684,-5.809372938514503],[-44.276688856608885,-5.818283928977929],[-44.2754684285766,-5.827194914690512],[-44.274247962124214,-5.836105895637161],[-44.273027457165036,-5.845016869992463],[-44.27180691451103,-5.853927839550453],[-44.2705863322678,-5.862838803387979],[-44.269365711249584,-5.871749761489942],[-44.268145051367355,-5.880660713840063],[-44.26692435343425,-5.88957166132784],[-44.265703616459064,-5.898482603031248],[-44.2644828394494,-5.907393538932826],[-44.263262024121694,-5.916304469923271],[-44.26204117038813,-5.925215395081766],[-44.26082027635162,-5.934126315294184],[-44.25959934373231,-5.943037228737552],[-44.25837837153527,-5.951948137203532],[-44.25715736057485,-5.960859040677053],[-44.25593630986093,-5.969769937331545],[-44.25471521930074,-5.978680829864406],[-44.25349408971226,-5.98759171554691],[-44.25227292010049,-5.996502596170682],[-44.251051711280965,-6.005413470816149],[-44.24983046225983,-6.014324340370346],[-44.24860917385268,-6.023235203913716],[-44.24738784596912,-6.032146062334553]]]},"properties":{"id_fluxo":80,"agrupamento":"Colinas","origem_aproximada":"Graça Aranha","destino_aproximado":"Colinas","comprimento_m":69603.2}},{"type":"Feature","geometry":{"type":"MultiLineString","coordinates":[[[-46.15589341762053,-5.820154806387007],[-46.164639256947645,-5.818122474294072],[-46.17338503312356,-5.816090007229086],[-46.18213074687348,-5.8140574035240435],[-46.190876398026994,-5.812024665130647],[-46.19962198640805,-5.809991791287204],[-46.20836751184058,-5.807958781232085],[-46.21711297415232,-5.805925636012584],[-46.22585837497532,-5.803892355767581],[-46.2346037123273,-5.801858939739365],[-46.243348986937214,-5.799825388068852],[-46.25209419863288,-5.797791701803273],[-46.26083934814126,-5.795757880179069],[-46.26958443528821,-5.793723923339058],[-46.27832945899863,-5.79168983233255],[-46.287074420900396,-5.789655605489526],[-46.29581931991634,-5.7876212429548755],[-46.30456415677951,-5.785586746678245],[-46.313308931311695,-5.783552114993676],[-46.32205364243576,-5.781517348046177],[-46.33079829178573,-5.779482446878837],[-46.33954287828242,-5.777447410732297],[-46.34828740265475,-5.7754122397473],[-46.357031864728626,-5.773376934066783],[-46.36577626433214,-5.771341494738052],[-46.37452060128693,-5.769305920095261],[-46.38326487632187,-5.767270210279196],[-46.39200908836433,-5.7652343672437345],[-46.400753238138854,-5.763198389320863],[-46.4094973263743,-5.761162276651362],[-46.418241351995924,-5.759126030284725],[-46.42698531482747,-5.757089649459631],[-46.43572921559785,-5.75505313431676],[-46.44447305413301,-5.753016484999135],[-46.453216831159565,-5.750979700743102],[-46.46196054560516,-5.748942783502627],[-46.47070419729354,-5.7469057325163995],[-46.479447787854156,-5.744868547018418],[-46.488191315307205,-5.7428312271564215],[-46.496934781286804,-5.740793773973035],[-46.50567818471375,-5.7387561867093515],[-46.51442152631691,-5.736718465506051],[-46.523164805924694,-5.734680611410459],[-46.53190802335834,-5.732642622757047],[-46.54065117844628,-5.730604500593159],[-46.549394271917386,-5.728566245059475],[-46.55813730269489,-5.726527856301492],[-46.56688027240801,-5.724489333553096],[-46.57562317998245,-5.722450677864141],[-46.584366025241785,-5.720411888473423],[-46.59310880891489,-5.718372965521587],[-46.6018515308303,-5.716333910055986],[-46.610594190809074,-5.714294720411209],[-46.61933678868233,-5.712255398538934],[-46.62807932427109,-5.710215942773774],[-46.63682179920948,-5.708176354157996],[-46.6455642115181,-5.706136632839906],[-46.65430656192321,-5.704096778055819],[-46.66304885115363,-5.702056789946326],[-46.67179107813532,-5.700016669561423],[-46.680533243594525,-5.69797641613746],[-46.68927534735732,-5.6959360298176005],[-46.698017389249834,-5.693895510745052],[-46.706759370000896,-5.691854859060347],[-46.71550128853392,-5.689814074909382],[-46.724243145577745,-5.687773158432666],[-46.73298494095579,-5.685732108869228],[-46.74172667539686,-5.683690926359574],[-46.750468346924464,-5.681649611956611],[-46.75920995807276,-5.679608165795394],[-46.7679515068571,-5.677566586216229],[-46.776692994911656,-5.675524874261088],[-46.78543442116272,-5.673483030980212],[-46.7941757854309,-5.67144105470846],[-46.802917089350395,-5.669398946487734],[-46.81165833094213,-5.667356706466948],[-46.820399510932106,-5.665314333882381],[-46.82914063005189,-5.663271829778724],[-46.83788168722226,-5.6612291933979355],[-46.846622683171965,-5.659186424880479],[-46.85536361863264,-5.657143525270994],[-46.864104491619585,-5.65510049291024],[-46.872845303767,-5.65305732883994],[-46.88158605490107,-5.651014033203461],[-46.89032674394548,-5.64897060614706],[-46.89906737253153,-5.646927047808271],[-46.90780793957996,-5.644883357429226],[-46.91654844491695,-5.642839535153366],[-46.925288890176745,-5.640795582022231],[-46.934029273377554,-5.638751497281061],[-46.94276959524814,-5.636707281070307],[-46.951509856517205,-5.634662933530341],[-46.960250057010974,-5.632618454804581],[-46.96899019565018,-5.630573844135371],[-46.977730273169634,-5.628529103471369],[-46.986470290291955,-5.626484231144722],[-46.99521024594091,-5.624439227301938],[-47.00395013994583,-5.622394092990625],[-47.01268997393478,-5.620348827443937],[-47.02142974592916,-5.618303430811576],[-47.03016945756006,-5.616257903230788],[-47.03890910865376,-5.614212244845076],[-47.04764869813412,-5.612166455801055],[-47.056388226729815,-5.610120536239106],[-47.065127695166375,-5.6080744853955045],[-47.07386710237083,-5.606028304321002],[-47.08260644816951,-5.6039819931591435],[-47.091345733284676,-5.60193555024217],[-47.10008495754902,-5.59988897752173],[-47.108824121687974,-5.597842274234078],[-47.11756322462549,-5.59579544052605],[-47.1263022661879,-5.593748476541204],[-47.13504124800615,-5.591701382416598],[-47.14378016809863,-5.589654157398345],[-47.15251902809957,-5.587606802527499],[-47.161257826932996,-5.585559317950957],[-47.16999656532422,-5.58351170290502],[-47.17873524400182,-5.581463957529948],[-47.18747386098758,-5.579416081976068],[-47.19621241701346,-5.5773680772876535],[-47.204950913703584,-5.575319941793669],[-47.21368934908655,-5.573271677452451],[-47.22242772388417,-5.571223282596329],[-47.23116603792278,-5.5691747573690105],[-47.239904291937776,-5.567126103718657],[-47.24864248484646,-5.565077319984455],[-47.25738061737741,-5.563028406306694],[-47.26611869025915,-5.5609793628255995],[-47.27485670151364,-5.558930189691825],[-47.283594652775136,-5.556880887946069],[-47.292332543863026,-5.554831455924209],[-47.30107037461066,-5.552781895577792],[-47.30980814483741,-5.550732205242751],[-47.31854585527178,-5.548682385059303],[-47.32728350484153,-5.546632436078657],[-47.33602109337309,-5.544582358444597],[-47.34475862249354,-5.542532151389858],[-47.35349609112712,-5.540481815061833],[-47.36223350000235,-5.538431349600677],[-47.370970848043505,-5.53638075515384],[-47.37970813597908,-5.534330031861481],[-47.3884453636355,-5.532279179867451],[-47.39718253083917,-5.530228199315575],[-47.40591963831491,-5.5281770894421784],[-47.41465668588912,-5.526125850391101],[-47.42339367248984,-5.524074483213725],[-47.43213059974756,-5.52202298804653],[-47.44086746657931,-5.5199713632294065],[-47.4496042737172,-5.517919609806385],[-47.45834102008938,-5.515867728828858],[-47.46707770731883,-5.513815718625646]]]},"properties":{"id_fluxo":81,"agrupamento":"Imperatriz","origem_aproximada":"Grajaú","destino_aproximado":"Imperatriz","comprimento_m":149167.6}},{"type":"Feature","geometry":{"type":"MultiLineString","coordinates":[[[-44.60564095268927,-2.1344228332436646],[-44.61253922687842,-2.1400324204456305],[-44.619437550469485,-2.145641976170143],[-44.62633592445848,-2.1512515001707198],[-44.633234348941926,-2.156860993105392],[-44.64013282401702,-2.162470452918047],[-44.64703134977984,-2.1680798820760803],[-44.65392992632757,-2.1736892785234088],[-44.660828553756936,-2.179298642013297],[-44.66772723306357,-2.1849079741086763],[-44.67462596254563,-2.1905172745624233],[-44.68152474319933,-2.1961265422233374],[-44.68842357602074,-2.2017357768448997],[-44.69532246020708,-2.2073449790849295],[-44.70222139585491,-2.2129541496013894],[-44.709120383960666,-2.218563286338393],[-44.71601942282207,-2.2241723908582314],[-44.72291851523386,-2.22978146291475],[-44.72981765859492,-2.235390501355997],[-44.73671685569986,-2.2409995068404647],[-44.743616103947375,-2.2466084791209604],[-44.750515406132095,-2.252217418855938],[-44.75741476055221,-2.2578263248936676],[-44.76431416730429,-2.2634351978921274],[-44.771213627384604,-2.2690440367000533],[-44.77811314088958,-2.2746528428801174],[-44.78501270791624,-2.2802616143761743],[-44.79191232766168,-2.285870352750797],[-44.79881200112199,-2.291479057757379],[-44.80571172929345,-2.2970877282446183],[-44.81261151047389,-2.3026963648702248],[-44.81951134565931,-2.308304968292336],[-44.82641123494668,-2.313913536454746],[-44.8333111784325,-2.3195220709201747],[-44.84021117621352,-2.325130571441884],[-44.84711122838647,-2.330739037773122],[-44.854011335048185,-2.336347468762453],[-44.86091149719461,-2.341955865972651],[-44.86781171312376,-2.3475642282520637],[-44.87471198473118,-2.3531725553541385],[-44.881612311214035,-2.35878084884147],[-44.888512693568636,-2.36438910665796],[-44.895413130992225,-2.3699973294614787],[-44.90231362358145,-2.375605517910009],[-44.90921417233256,-2.3812136708521323],[-44.916114776442846,-2.386821788041066],[-44.92301543690836,-2.3924298710395036],[-44.9299161529265,-2.3980379177912248],[-44.93681692549336,-2.4036459298589454],[-44.94371775470575,-2.4092539051864725],[-44.95061863976085,-2.414861846241128],[-44.95751958165491,-2.4204697509667925],[-44.96442058048462,-2.426077620021373],[-44.97132163634674,-2.4316854531581336],[-44.97822274843851,-2.437293250130251],[-44.98512391865562,-2.4429010115957155],[-44.99202514529583,-2.4485087373077277],[-44.99892642935537,-2.45411642611481],[-45.00582777093096,-2.4597240786749155],[-45.01272917011936,-2.4653316947412307],[-45.01963062791677,-2.47093927497169],[-45.02653214262095,-2.4765468182148207],[-45.033433716127625,-2.482154325128521],[-45.040335346734516,-2.487761794561349],[-45.04723703633741,-2.4933692280758613],[-45.054138785033025,-2.4989766245205747],[-45.06104059111911,-2.504583984553467],[-45.067942456491366,-2.510191307022937],[-45.07484438034703,-2.515798591682265],[-45.081746363682456,-2.5214058400940234],[-45.08864840569479,-2.527013051106719]]]},"properties":{"id_fluxo":82,"agrupamento":"Pinheiro","origem_aproximada":"Guimarães","destino_aproximado":"Pinheiro","comprimento_m":69043.6}},{"type":"Feature","geometry":{"type":"MultiLineString","coordinates":[[[-43.461326284685306,-2.5977137593380375],[-43.46951358855222,-2.6012664616187524],[-43.47770093868443,-2.6048191094551063],[-43.485888335004965,-2.608371704436315],[-43.494075776540804,-2.6119242454373213],[-43.50226326411639,-2.615476732239698],[-43.51045079855511,-2.619029165529357],[-43.51863837798462,-2.622581544180224],[-43.52682600502587,-2.626133869784772],[-43.53501367690819,-2.6296861403114486],[-43.5432013962526,-2.6332383573527562],[-43.551389161186655,-2.6367905197826187],[-43.55957697253378,-2.640342628286995],[-43.56776483111951,-2.643894681743005],[-43.5759527359676,-2.6474466817389186],[-43.58414068700522,-2.6509986262463956],[-43.59232868505484,-2.654550516855807],[-43.60051673004362,-2.6581023515387927],[-43.608704820994284,-2.6616541327881245],[-43.61689295963273,-2.66520585857749],[-43.6250811449837,-2.6687575295907995],[-43.63326937787172,-2.672309145609589],[-43.641457657322526,-2.675860706413347],[-43.64964598326121,-2.679412211782613],[-43.65783435741069,-2.6829636624043576],[-43.66602277879771,-2.686515057153627],[-43.674211246445964,-2.6900663976188914],[-43.68239976208135,-2.6936176817737425],[-43.69058832562803,-2.697168910303168],[-43.698776936110676,-2.700720083891204],[-43.706965594354806,-2.7042712014148718],[-43.715154300284546,-2.707822263559207],[-43.72334305382595,-2.7113732692002728],[-43.73153185490314,-2.714924219023086],[-43.739720704339724,-2.718475113713651],[-43.747909601162284,-2.7220259521470935],[-43.756098546195346,-2.7255767341049113],[-43.76428753936306,-2.729127460272139],[-43.77247657969195,-2.7326781295239373],[-43.780665668905094,-2.7362287425472243],[-43.78885480602721,-2.7397793000261506],[-43.79704399188465,-2.74332979993318],[-43.80523322550116,-2.7468802438570226],[-43.813422507701326,-2.75043063157914],[-43.82161183841107,-2.7539809619756155],[-43.82980121755456,-2.757531235731549],[-43.83799064505686,-2.761081452627533],[-43.84618012174165,-2.764631613349564],[-43.85436964663619,-2.7681817158683097],[-43.8625592196629,-2.7717317626779536],[-43.87074884254849,-2.775281750847234],[-43.878938514315884,-2.7788316828695017],[-43.887128233991405,-2.782381557619967],[-43.895318003299174,-2.7859313748809367],[-43.90350782216424,-2.7894811344330463],[-43.91169768961203,-2.793030836056044],[-43.91988760556591,-2.7965804813396495],[-43.92807757175168,-2.8001300682570616],[-43.936267587193974,-2.8036795974925934],[-43.94445765181778,-2.807229068826925],[-43.95264776554808,-2.8107784820406367],[-43.96083792920869,-2.814327837819748],[-43.96902814182578,-2.817877135039527],[-43.97721840422316,-2.821426374385993],[-43.985408717224644,-2.824975556545124],[-43.993599078957565,-2.8285246794868506],[-44.00178949024573,-2.8320737438971784],[-44.009979951912946,-2.8356227504621034],[-44.01817046388499,-2.839171698057715],[-44.026361025186425,-2.8427205873684356],[-44.0345516375415,-2.846269418176482],[-44.042742299075876,-2.8498181902609954],[-44.05093301061342,-2.853366904307946],[-44.059123772980236,-2.856915558289613],[-44.06731458520014,-2.8604641537950806],[-44.07550544809773,-2.8640126906057244],[-44.08369636159798,-2.8675611685022475],[-44.091887324726144,-2.8711095872645838],[-44.10007833920652,-2.8746579466748683],[-44.108269404064366,-2.878206246513041],[-44.11646051922389,-2.881754487464401],[-44.12465168551042,-2.885302668405702],[-44.132842902848196,-2.888850790022272],[-44.14103417026243,-2.8923988520940616],[-44.14922548947677,-2.895946855307789],[-44.15741685951779,-2.899494797634197],[-44.16560828030904,-2.90304268066323],[-44.173799751775405,-2.9065905041755933],[-44.181991274741556,-2.9101382679526373],[-44.19018284913303,-2.9136859708704597],[-44.198374474873425,-2.9172336145189726],[-44.20656615188891,-2.9207811968696666],[-44.21475788010248,-2.924328720417107],[-44.222949660340646,-2.927876182228759],[-44.23114149162667,-2.9314235847985697],[-44.23933337388665,-2.9349709260980514],[-44.24752530884378,-2.9385182077183525]]]},"properties":{"id_fluxo":83,"agrupamento":"Titara","origem_aproximada":"Humberto de Campos","destino_aproximado":"Rosário","comprimento_m":95176.4}},{"type":"Feature","geometry":{"type":"MultiLineString","coordinates":[[[-44.06174787104731,-2.7748397117223718],[-44.06838188162391,-2.780685895447898],[-44.07501595776245,-2.786532040613498],[-44.08165009867891,-2.7923781487895245],[-44.088284306290866,-2.79822421793013],[-44.094918578915355,-2.8040702487003872],[-44.10155291756823,-2.8099162417674948],[-44.10818732146753,-2.81576219598806],[-44.114821792529504,-2.8216081111253426],[-44.1214563290711,-2.8274539878444864],[-44.12809093300793,-2.833299826813324],[-44.134725602658975,-2.8391456259832095],[-44.14136033993919,-2.84499138692656],[-44.14799514316685,-2.850837108499328],[-44.154630013357924,-2.8566827913686805],[-44.161264950629366,-2.862528435296505],[-44.16789995599848,-2.868374039140733],[-44.17453502778152,-2.8742196044711488],[-44.181170167895516,-2.880065130146335],[-44.18780537555705,-2.885910616832146],[-44.194440649983385,-2.891756064289786],[-44.20107599309154,-2.8976014713778238],[-44.20771140499783,-2.9034468387627386],[-44.214346884019136,-2.909292167109774],[-44.22098243207252,-2.9151374552774314],[-44.227618047475424,-2.9209827030263114],[-44.23425373304283,-2.9268279119294327],[-44.240889486193666,-2.9326730799375387],[-44.24752530884378,-2.9385182077183525]]]},"properties":{"id_fluxo":84,"agrupamento":"Titara","origem_aproximada":"Icatu","destino_aproximado":"Rosário","comprimento_m":27454.9}},{"type":"Feature","geometry":{"type":"MultiLineString","coordinates":[[[-45.18918188670061,-3.639824510733319],[-45.197975713369274,-3.6408688084531597],[-45.206769559290294,-3.641913019831369],[-45.215563426064215,-3.642957145697933],[-45.22435731349025,-3.6440011850737983],[-45.23315122046735,-3.6450451378848805],[-45.24194514859606,-3.6460890049610435],[-45.250739096775334,-3.647132786228212],[-45.25953306480432,-3.648176480707406],[-45.26832705338288,-3.6492200883240447],[-45.27712106231068,-3.650263609908494],[-45.285915091387075,-3.6513070453864507],[-45.294709140411484,-3.6523503946836127],[-45.30350321008347,-3.65339365682071],[-45.31229730020301,-3.654436833532816],[-45.321091410568854,-3.6554799229362596],[-45.32988554098069,-3.656522925861418],[-45.33867969213871,-3.6575658431384044],[-45.3474738638416,-3.6586086728835183],[-45.35626805498892,-3.65965141683221],[-45.36506226718029,-3.66069407310016],[-45.37385649931568,-3.6617366443274637],[-45.38265075209381,-3.662779127725459]]]},"properties":{"id_fluxo":85,"agrupamento":"Santa Inês","origem_aproximada":"Igarapé do Meio","destino_aproximado":"Santa Inês","comprimento_m":21634.4}},{"type":"Feature","geometry":{"type":"MultiLineString","coordinates":[[[-44.85426507752926,-4.663969865814794],[-44.8584640818986,-4.6560254657483275],[-44.86266299102287,-4.648081039571357],[-44.86686180692658,-4.640136585606708],[-44.87106052892859,-4.6321921057953475],[-44.87525915725012,-4.624247598459769],[-44.87945769121025,-4.616303064636255],[-44.883656132832975,-4.608358504456954],[-44.887854480535985,-4.600413918053363],[-44.8920527354418,-4.592469304652717],[-44.89625089777118,-4.58452466438684],[-44.90044896684326,-4.576579998292041],[-44.904646943780435,-4.568635305595559],[-44.90884482790198,-4.560690586429057],[-44.91304262033002,-4.552745841829114],[-44.91724032038399,-4.544801070118012],[-44.921437928284526,-4.5368562723322325],[-44.925635444252336,-4.528911448603528],[-44.929832869409665,-4.5209665981590765],[-44.934030203075636,-4.513021722035218],[-44.93822744456949,-4.505076820363644],[-44.942424595914844,-4.497131892371561],[-44.94662165552948,-4.489186938190601],[-44.95081862453545,-4.481241957952567],[-44.95501550315333,-4.473296952693867],[-44.959212291603805,-4.465351920736891],[-44.96340898920601,-4.457406864022668],[-44.96760559708199,-4.449461780873627],[-44.97180211455092,-4.441516672326133],[-44.9759985427347,-4.4335715385119405],[-44.98019488095258,-4.425626378658081],[-44.98439113032642,-4.417681192896262],[-44.98858729017539,-4.409735982262858],[-44.99278335981868,-4.401790746889595],[-44.996979341279484,-4.393845485098817],[-45.00117523387694,-4.3859001979269205],[-45.005371037831544,-4.37795488641025],[-45.009566753363735,-4.370009548871162],[-45.01376238069398,-4.362064186346043],[-45.01795792004272,-4.354118798966539],[-45.02215337072911,-4.346173385959702],[-45.02634873387484,-4.338227948361884],[-45.030544008799104,-4.330282486304762],[-45.034739196623455,-4.322336998110636],[-45.038934297568325,-4.3143914857205266],[-45.043129310952864,-4.306445948361464],[-45.0473242369974,-4.29850038616512],[-45.05151907682349,-4.290554799263096],[-45.05571382975029,-4.282609187787106],[-45.05990849509689,-4.274663550964177],[-45.06410307488603,-4.266717889830541],[-45.068297569337965,-4.258772204517793],[-45.07249197687063,-4.250826494253072],[-45.07668629770439,-4.242880760072707],[-45.08088053386173,-4.234935001203481],[-45.085074684661734,-4.226989217777107],[-45.08926874942354,-4.219043409925314],[-45.09346272926851,-4.211097577779611],[-45.09765662351577,-4.203151721471747],[-45.101850433286614,-4.195205841133228],[-45.10604415790006,-4.187259935991106],[-45.11023779847746,-4.1793140070815324],[-45.114431354337974,-4.171368054536274],[-45.118624826602655,-4.16342207758209],[-45.1228182136896,-4.155476076350869],[-45.12701151762114,-4.147530051878596],[-45.13120473681526,-4.13958400339251],[-45.135397873294096,-4.131637931023868],[-45.13959092637658,-4.1236918339997475],[-45.14378389538215,-4.115745714261233],[-45.14797678233255,-4.107799570130238],[-45.152169585646234,-4.099853403548032],[-45.15636230644372,-4.091907211931976],[-45.16055494404448,-4.083960997223165],[-45.1647474995695,-4.076014759553005],[-45.16893997233771,-4.068068498148563],[-45.17313236347006,-4.060122213141194],[-45.17732467228565,-4.052175904662665],[-45.18151689990536,-4.044229572844312],[-45.18570904564831,-4.036283217817919],[-45.18990110883359,-4.028336839715194],[-45.194093091482955,-4.020390438667317],[-45.19828499291528,-4.012444013901323],[-45.20247681425157,-4.004497566453205],[-45.206668553008974,-3.9965510955505197],[-45.21086021211023,-3.9886046022287553],[-45.21505179087417,-3.9806580857150333],[-45.219243288619865,-3.972711546141079],[-45.22343470646804,-3.9647649836381773],[-45.22762604463858,-3.9568183983378566],[-45.23181730245057,-3.948871790371881],[-45.23600848012388,-3.9409251598717465],[-45.240199578779155,-3.9329785069687073],[-45.244390597735226,-3.9250318308898624],[-45.248581538112646,-3.917085131766446],[-45.25277239923078,-3.9091384106348834],[-45.25696318130944,-3.901191667626667],[-45.26115388456788,-3.8932449010639525],[-45.265344509226466,-3.8852981128875808],[-45.269535055504406,-3.8773513014196666],[-45.27372552272135,-3.8694044686013354],[-45.277915912898195,-3.8614576136588212],[-45.28210622445299,-3.853510735819491],[-45.28629645940715,-3.8455638361189113],[-45.29048661527807,-3.8376169137847618],[-45.29467669498781,-3.829669969852271],[-45.29886669695442,-3.8217230035488496],[-45.303056621397936,-3.813776015910642],[-45.30724646853776,-3.805829006164392],[-45.31143623949421,-3.7978819744412666],[-45.31562593448695,-3.789934920872706],[-45.31981555193406,-3.7819878446860993],[-45.3240050938571,-3.7740407478216356],[-45.32819455867384,-3.766093628602017],[-45.33238394840546,-3.758146488062713],[-45.336573261470036,-3.7501993254311485],[-45.34076249988872,-3.7422521417427355],[-45.344951662079964,-3.734304937129609],[-45.349140749163226,-3.7263577099134784],[-45.353329760458266,-3.718410462035472],[-45.357518697985014,-3.710463191816931],[-45.36170755926216,-3.702515901199724],[-45.36589634721012,-3.694568588504796],[-45.370085059347616,-3.686621255674029],[-45.374273697694115,-3.678673900124027],[-45.378462261569766,-3.670726524700621],[-45.38265075209381,-3.662779127725459]]]},"properties":{"id_fluxo":86,"agrupamento":"Santa Inês","origem_aproximada":"Igarapé Grande","destino_aproximado":"Santa Inês","comprimento_m":125244.9}},{"type":"Feature","geometry":{"type":"MultiLineString","coordinates":[[[-45.78912995024452,-5.14265357011251],[-45.781354757052284,-5.147155917209489],[-45.7735794539255,-5.151658169099286],[-45.76580404176653,-5.156160325529767],[-45.75802851967229,-5.160662385346509],[-45.75025288854734,-5.165164350106586],[-45.7424771474886,-5.16966621865554],[-45.73470129649733,-5.174167991646954],[-45.726925335572666,-5.178669667925265],[-45.71914926471592,-5.183171248144096],[-45.7113730839283,-5.187672732957043],[-45.70359679320803,-5.192174120303982],[-45.695820391656056,-5.196675412648685],[-45.68804388017195,-5.201176607025426],[-45.68026725785661,-5.205677705897971],[-45.6724905247093,-5.2101787081107584],[-45.664713680729314,-5.2146796125082115],[-45.65693672682117,-5.2191804206475725],[-45.6491596620828,-5.223681132278831],[-45.64138248561214,-5.22818174715195],[-45.633605198310875,-5.232682264110419],[-45.62582780018113,-5.237182684712462],[-45.61805029031905,-5.24168300689879],[-45.610272669629964,-5.246183233131347],[-45.602494937210025,-5.250683361350826],[-45.59471709305957,-5.255183391306253],[-45.58693913808302,-5.259683324554999],[-45.57916107047506,-5.264183159943189],[-45.57138289113839,-5.2686828972189685],[-45.5636046000742,-5.273182537035983],[-45.55582619728282,-5.27768207914326],[-45.548047681862144,-5.282181523290628],[-45.540269054714194,-5.286680868321692],[-45.53249031493845,-5.2911801157954645],[-45.524711463437725,-5.295679265460213],[-45.51693249930916,-5.300178316161128],[-45.509153421651426,-5.3046772685525525],[-45.501374232269825,-5.309176122382017],[-45.493594929360526,-5.313674878304637],[-45.48581551382495,-5.3181735342594365],[-45.47803598566565,-5.322672092709328],[-45.47025634488162,-5.327170551594087],[-45.46247658966892,-5.331668911568717],[-45.45469672183302,-5.33616717238085],[-45.446916741374345,-5.340665333779508],[-45.439136646488905,-5.345163396419673],[-45.43135643807967,-5.349661360049676],[-45.42357611704898,-5.354159223513275],[-45.415795681593444,-5.3586569883699955],[-45.40801513171285,-5.363154653464197],[-45.400234469212826,-5.367652218543701],[-45.39245369138609,-5.372149683359268],[-45.384672800039446,-5.376647049468011],[-45.376891795172234,-5.3811443148096805],[-45.369110674980845,-5.385641480943665],[-45.36132944036778,-5.390138546713764],[-45.35354809223673,-5.394635512773087],[-45.345766628782386,-5.399132377967085],[-45.337985050908415,-5.403629142948847],[-45.33020335861533,-5.408125807467383],[-45.322421551000986,-5.412622371272186],[-45.31463962806638,-5.417118835016894],[-45.30685759071424,-5.421615197545381],[-45.299075438043324,-5.426111460416404],[-45.29129317005328,-5.430607621569662],[-45.28351078674509,-5.435103681658789],[-45.27572828721703,-5.4395996413378445],[-45.267945673274646,-5.444095499450336],[-45.26016294311347,-5.448591256650716],[-45.252380097636404,-5.4530869117829575],[-45.24459713594209,-5.457582466405689],[-45.23681405893341,-5.462077919362911],[-45.22903086570861,-5.466573271308602],[-45.2212475562679,-5.471068521087116],[-45.213464129709465,-5.475563669352381],[-45.20568058783942,-5.480058715852745],[-45.197896929755615,-5.484553660337525],[-45.1901131545559,-5.489048502555984],[-45.182329263143956,-5.493543243161443],[-45.17454525552041,-5.49803788190293],[-45.16676113078282,-5.502532417625002],[-45.15897688893235,-5.507026851885959],[-45.15119252996937,-5.511521183530091],[-45.14340805389455,-5.516015412306385],[-45.13562346070874,-5.5205095388684375],[-45.12783875131546,-5.525003562965063],[-45.120053923006836,-5.52949748434577],[-45.112268978492075,-5.533991302759002],[-45.10448391596617,-5.538485017954079],[-45.09669873542996,-5.542978630584575],[-45.088913437786985,-5.547472140399324],[-45.08112802213495,-5.5519655462427915],[-45.07334248847479,-5.556458849673202],[-45.065556836807104,-5.560952049534906],[-45.057771067132606,-5.5654451455768275],[-45.04998517945212,-5.569938138452589],[-45.04219917376636,-5.57443102791117],[-45.03441304917314,-5.578923813701558],[-45.02662680567319,-5.5834164955727],[-45.01884044417021,-5.587909074178132],[-45.01105396376199,-5.592401548362229],[-45.00326736444931,-5.5968939178739205],[-44.99548064713588,-5.601386184271435],[-44.98769381001656,-5.6058783463990745],[-44.979906853995075,-5.610370404005779],[-44.97211977907222,-5.614862356840494],[-44.96433258434576,-5.61935420555676],[-44.956545270719474,-5.623845949903558],[-44.948757837291154,-5.628337589629762],[-44.9409702849645,-5.632829125389031],[-44.93318261283753,-5.637320555120927],[-44.92539482091085,-5.641811880383683],[-44.91760690918529,-5.646303100926201],[-44.90981887766166,-5.650794216497398],[-44.90203072543774,-5.655285226846082],[-44.89424245341744,-5.659776131721315],[-44.88645406160143,-5.664266931776636],[-44.878665549087486,-5.668757626760827],[-44.87087691677974,-5.673248215518332],[-44.86308816377579,-5.677738698702519],[-44.85529929007629,-5.682229076966949],[-44.84751029568232,-5.6867193491558705],[-44.83972118059478,-5.691209515018197],[-44.83193194391096,-5.695699576111849],[-44.824142587438445,-5.7001895303769965],[-44.816353109371704,-5.704679378466652],[-44.80856350971132,-5.7091691210342965],[-44.80077378936162,-5.7136587569245245],[-44.792983948323226,-5.718148286790888],[-44.78519398479079,-5.72263771038162],[-44.7774038996687,-5.727127026541283],[-44.76961369386038,-5.731616236828416],[-44.76182336556044,-5.736105340991177],[-44.75403291567333,-5.7405943378741915],[-44.746242344200034,-5.745083227226358],[-44.73845165023758,-5.7495720106054],[-44.730660834690454,-5.754060686855974],[-44.72286989665648,-5.758549255726557],[-44.71507883613619,-5.763037717870642],[-44.707287653131004,-5.767526072132448],[-44.699496348544685,-5.772014319165965],[-44.691704920571304,-5.776502459623742],[-44.683913370116066,-5.78099049144585],[-44.676121697178985,-5.785478416190424],[-44.66832990085782,-5.78996623360581],[-44.66053798205737,-5.794453942536746],[-44.65274593987433,-5.798941544540818],[-44.64495377431085,-5.8034290375576205],[-44.637161486270074,-5.8079164231458],[-44.629369074850395,-5.812403700149059],[-44.62157653914899,-5.816890869220226],[-44.61378388097346,-5.821377930109359],[-44.60599109851831,-5.825864882564066],[-44.598198192687896,-5.830351726333833],[-44.59040516257935,-5.834838462071441],[-44.582612009097716,-5.83932508862179],[-44.57481873133942,-5.843811607542241],[-44.567025329306915,-5.848298016772406],[-44.55923180390394,-5.852784316966427],[-44.55143815332427,-5.857270508776324],[-44.54364437847301,-5.861756591047006],[-44.535850479350586,-5.8662425644319045],[-44.52805645595887,-5.87072842777524],[-44.52026230739413,-5.875214182634272],[-44.51246803456161,-5.8796998278539725],[-44.504673636558294,-5.884185364086968],[-44.49687911428952,-5.888670790178267],[-44.48908446594887,-5.893156106779645],[-44.48128969334428,-5.897641313641535],[-44.47349479467013,-5.902126410511083],[-44.46569977173354,-5.906611398043343],[-44.45790462272972,-5.911096275080829],[-44.450109347659016,-5.915581042276873],[-44.442313947426904,-5.920065698476556],[-44.434518422032795,-5.924550245237865],[-44.426722770575374,-5.929034681404071],[-44.41892699305491,-5.933519007628547],[-44.411131089473564,-5.938003222755453],[-44.403335059831605,-5.942487327438146],[-44.39553890413027,-5.94697132142539],[-44.38774262237079,-5.951455204465975],[-44.37994621364995,-5.955938977212217],[-44.37214967887347,-5.960422638509298],[-44.36435301804157,-5.964906189010586],[-44.35655622934962,-5.9693896275581535],[-44.34875931460374,-5.973872955711983],[-44.34096227290169,-5.978356173219781],[-44.33316510515041,-5.982839278022227],[-44.325367809540936,-5.987322272579602],[-44.31757038607672,-5.991805154831453],[-44.309772836564996,-5.99628792543334],[-44.30197515920003,-6.000770584131729],[-44.29417735488553,-6.005253131581048],[-44.2863794227204,-6.00973556662432],[-44.27858136270482,-6.014217889914807],[-44.27078317574364,-6.018700101202408],[-44.2629848600299,-6.023182201137979],[-44.25518641737446,-6.027664187663585],[-44.24738784596912,-6.032146062334553]]]},"properties":{"id_fluxo":88,"agrupamento":"Colinas","origem_aproximada":"Itaipava do Grajaú","destino_aproximado":"Colinas","comprimento_m":197038.8}},{"type":"Feature","geometry":{"type":"MultiLineString","coordinates":[[[-44.35214755219907,-3.3944927881723617],[-44.35013470261227,-3.385724187105413],[-44.34812189022749,-3.3769555809509377],[-44.346109113105875,-3.3681869688399266],[-44.34409637200911,-3.359418349905156],[-44.342083666796285,-3.350649726897367],[-44.340070997330145,-3.3418810971394803],[-44.33805836437112,-3.3331124615735326],[-44.33604576688002,-3.32434382023577],[-44.33403320381706,-3.3155751740670394],[-44.332020677744744,-3.306806521296677],[-44.330008185822464,-3.2980378637689793],[-44.32799572971261,-3.2892691997127064],[-44.32598330837486,-3.2805005309733053],[-44.32397092257145,-3.2717318557789556],[-44.32195857126208,-3.2629631759751185],[-44.31994625520902,-3.2541944897899393],[-44.317933974272634,-3.2454257981648653],[-44.31592172741389,-3.2366571011361107],[-44.31390951539383,-3.227888398741077],[-44.31189733807407,-3.2191196901119326],[-44.309885194414996,-3.2103509761895253],[-44.30787308607767,-3.2015822570118453],[-44.30586101112311,-3.192813532614509],[-44.303848971212346,-3.1840448030355346],[-44.30183696440703,-3.1752760674058376],[-44.29982499146764,-3.1665073266674906],[-44.297813053155764,-3.157738579953253],[-44.29580114843192,-3.148969828203945],[-44.29378927715717,-3.14020107145636],[-44.29177743919319,-3.1314323088426765],[-44.28976563530042,-3.1226635413049135],[-44.2877538644406,-3.1138947679746187],[-44.28574212647485,-3.1051259888885827],[-44.28373042216298,-3.0963572058934874],[-44.28171875046799,-3.0875884163115788],[-44.279707112149694,-3.078819621989552],[-44.27769550706982,-3.070050822059562],[-44.275683934189004,-3.061282017462378],[-44.273672394268864,-3.052513207330798],[-44.27166088716994,-3.0437443926062],[-44.269649411854715,-3.0349755715155267],[-44.26763796998287,-3.0262067459060398],[-44.26562655961645,-3.0174379149086334],[-44.2636151824157,-3.008669079465966],[-44.261603836443335,-2.999900237804303],[-44.259592522459165,-2.9911313917703213],[-44.257581241224806,-2.9823625404967737],[-44.255569991701606,-2.9735936840197903],[-44.25355877285098,-2.964824822375565],[-44.25154758723352,-2.956055955602664],[-44.24953643201045,-2.947287084640689],[-44.24752530884378,-2.9385182077183525]]]},"properties":{"id_fluxo":89,"agrupamento":"Titara","origem_aproximada":"Itapecuru Mirim","destino_aproximado":"Rosário","comprimento_m":51727.4}},{"type":"Feature","geometry":{"type":"MultiLineString","coordinates":[[[-47.53030981619091,-4.455591877015309],[-47.52977477065421,-4.464560038223337],[-47.529239713124525,-4.4735281965466775],[-47.52870464176353,-4.482496352889356],[-47.52816955742821,-4.491464506338431],[-47.52763446007814,-4.500432656887921],[-47.527099349676035,-4.509400805435593],[-47.52656422617833,-4.518368951071617],[-47.52602908954461,-4.527337093790003],[-47.52549393973441,-4.53630523358472],[-47.52495877671044,-4.545273371353539],[-47.52442360043228,-4.554241507090442],[-47.523888410853154,-4.563209638981855],[-47.523353207938925,-4.572177768829295],[-47.52281799164914,-4.581145896626787],[-47.522282761940176,-4.590114021464502],[-47.521747518771555,-4.599082143336439],[-47.521212263003484,-4.608050262233349],[-47.52067699369801,-4.61701837905622],[-47.52014170991075,-4.625986492898435],[-47.51960641340262,-4.634954603747564],[-47.51907110323564,-4.643922712504596],[-47.51853578026684,-4.65289081825646],[-47.51800044265746,-4.661858921907406],[-47.517465092165274,-4.6708270225411495],[-47.51692972784903,-4.679795120154896],[-47.516394349671444,-4.688763215646429],[-47.51585895848955,-4.697731308102668],[-47.51532355336205,-4.706699397520816],[-47.51478813425165,-4.715667484798691],[-47.51425270111457,-4.72463556902643],[-47.51371725481113,-4.73360365019475],[-47.51318179440318,-4.742571729204704],[-47.51264632074782,-4.751539805143172],[-47.51211083290362,-4.760507878007403],[-47.5115753308333,-4.769475948695186],[-47.51103981539722,-4.778444017197159],[-47.51050428564732,-4.787412081703037],[-47.50996874154964,-4.796380144014364],[-47.50943318486549,-4.805348204118481],[-47.50889761284485,-4.814316260211728],[-47.508362027255664,-4.823284314088991],[-47.507826428057385,-4.832252365744265],[-47.50729081430512,-4.8412204142710324],[-47.506755185958276,-4.850188459663286],[-47.50621954478161,-4.859156502812059],[-47.505683888028145,-4.868124542817598],[-47.505148218360354,-4.87709257966379],[-47.50461253393892,-4.886060614255106],[-47.504076834719854,-4.895028645681721],[-47.50354112156699,-4.903996674838043],[-47.50300539443633,-4.912964700814213],[-47.50246965328727,-4.921932723604191],[-47.501933897181466,-4.930900744109114],[-47.50139812697601,-4.939868761415765],[-47.500862341729125,-4.948836775521517],[-47.50032654320585,-4.957804787317297],[-47.49979072955986,-4.966772795900081],[-47.499254900753876,-4.975740802167635],[-47.49871905854622,-4.984708805203294],[-47.49818320109384,-4.993676805007827],[-47.4976473292607,-5.0026448024755945],[-47.4971114430027,-5.011612796696751],[-47.496575542282635,-5.020580788569015],[-47.496039627056376,-5.029548777182576],[-47.49550369638544,-5.038516763438604],[-47.49496775202478,-5.047484745516582],[-47.494431792141484,-5.056452726128772],[-47.49389581758581,-5.065420702554245],[-47.49335982922527,-5.074388676591094],[-47.49282382521657,-5.083356648240214],[-47.492287806416805,-5.092324616588279],[-47.49175177278529,-5.101292581629238],[-47.49121572428481,-5.110260544260861],[-47.490679660871116,-5.119228503573258],[-47.4901435825035,-5.12819645956042],[-47.48960748914473,-5.137164413120088],[-47.489071380750566,-5.1461323633423826],[-47.4885352572838,-5.155100311125081],[-47.487999118700145,-5.1640682555583],[-47.48746296586385,-5.173036197536283],[-47.486926796927705,-5.18200413615625],[-47.48639061365391,-5.190972071405031],[-47.48585441510375,-5.199940004183944],[-47.485318201232936,-5.208907933583122],[-47.484781972004214,-5.21787586050031],[-47.484245727373256,-5.2268437840256565],[-47.48370946820084,-5.235811704149545],[-47.48317319264663,-5.244779621776854],[-47.48263690247297,-5.253747536894368],[-47.482100596733915,-5.262715448595813],[-47.48156427629027,-5.2716833568715336],[-47.48102794019963,-5.280651261719079],[-47.48049158842476,-5.2896191640361785],[-47.479955220924865,-5.2985870638167745],[-47.47941883855716,-5.307554960147391],[-47.478882440379174,-5.316522853025601],[-47.47834602635368,-5.325490743349129],[-47.47780959733792,-5.334458630204481],[-47.477273152392996,-5.343426514493029],[-47.47673669237615,-5.352394395301265],[-47.47620021634846,-5.361362273530589],[-47.475663725167166,-5.370330148267464],[-47.475127217889664,-5.379298019509483],[-47.474590694478735,-5.388265888154386],[-47.474054155791634,-5.39723375328866],[-47.47351760088935,-5.406201615813671],[-47.472981030629185,-5.415169474815913],[-47.47244444497394,-5.424137331193112],[-47.471907842977195,-5.433105184039051],[-47.47137122459806,-5.442073033347704],[-47.470834590701195,-5.451040880013074],[-47.47029794124572,-5.460008724029119],[-47.46976127528513,-5.468976564489676],[-47.46922459368044,-5.477944401384929],[-47.468687896394435,-5.486912235612638],[-47.468151182480575,-5.495880066266639],[-47.46761445280358,-5.5048478942409345],[-47.46707770731883,-5.513815718625646]]]},"properties":{"id_fluxo":90,"agrupamento":"Imperatriz","origem_aproximada":"Itinga do Maranhão","destino_aproximado":"Imperatriz","comprimento_m":117295.7}},{"type":"Feature","geometry":{"type":"MultiLineString","coordinates":[[[-44.22481900390007,-5.819350777091524],[-44.22575902933536,-5.82821729758866],[-44.226699084134715,-5.837083814082559],[-44.22763916836667,-5.845950326561805],[-44.22857928210099,-5.8548168341104585],[-44.229519425404966,-5.86368333762167],[-44.230459599250466,-5.872549837085263],[-44.2313998019007,-5.881416331582811],[-44.232340034327514,-5.890282821104138],[-44.23328029750035,-5.899149307448205],[-44.23422058968358,-5.9080157887920155],[-44.2351609118479,-5.916882266029943],[-44.236101264063116,-5.925748738246049],[-44.23704164639661,-5.93461520633346],[-44.237982058917005,-5.943481670280808],[-44.23892250169413,-5.952348129172084],[-44.23986297389069,-5.961214584803772],[-44.24080347738594,-5.9700810344533],[-44.24174401043785,-5.978947480820425],[-44.24268457311753,-5.987813922084617],[-44.24362516729937,-5.996680359141533],[-44.244565791245016,-6.005546791977252],[-44.24550644592789,-6.014413219677078],[-44.24644713051185,-6.023279643132886],[-44.24738784596912,-6.032146062334553]]]},"properties":{"id_fluxo":91,"agrupamento":"Colinas","origem_aproximada":"Jatobá","destino_aproximado":"Colinas","comprimento_m":23657.2}},{"type":"Feature","geometry":{"type":"MultiLineString","coordinates":[[[-45.63606724664538,-5.369571820513032],[-45.62795539863315,-5.373456111791731],[-45.619843448967046,-5.377340295030996],[-45.61173139499077,-5.38122436909351],[-45.60361923946615,-5.385108335550352],[-45.59550697973683,-5.388992193264183],[-45.58739461766034,-5.392875941997775],[-45.57928215238725,-5.396759582421224],[-45.57116958396991,-5.400643114299077],[-45.563056912459786,-5.404526536491332],[-45.554944137008306,-5.408409850572606],[-45.54683125856959,-5.412293055402045],[-45.53871827629339,-5.41617615074505],[-45.53060519023286,-5.420059137270805],[-45.522492001343025,-5.4239420147431066],[-45.51437870787095,-5.427824782928093],[-45.50626531167358,-5.4317074406842325],[-45.49815181100027,-5.435589990491465],[-45.49003820590115,-5.4394724294005155],[-45.48192449733353,-5.4433547598890835],[-45.473810684445674,-5.4472369799132645],[-45.465696768193446,-5.451119090141558],[-45.45758274682386,-5.455001090339966],[-45.449468621292084,-5.4588829802723895],[-45.44135439165123,-5.462764760608023],[-45.433240057051016,-5.466646431112157],[-45.425125618446614,-5.470527991548702],[-45.41701107498716,-5.474409440778319],[-45.40889642762912,-5.478290780374228],[-45.40078167461885,-5.482172009197613],[-45.39266681691222,-5.486053127917111],[-45.38455185456111,-5.4899341353926685],[-45.376436786715864,-5.493815032294133],[-45.36832161433232,-5.49769581929016],[-45.36020633746189,-5.501576494336084],[-45.35209095435263,-5.505457059006901],[-45.34397546686266,-5.509337513066132],[-45.33585987323839,-5.513217855374781],[-45.32774417443569,-5.517098086601587],[-45.31962837050714,-5.520978206511176],[-45.31151246060248,-5.524858214868611],[-45.303396445677585,-5.528738112342712],[-45.29528032397891,-5.532617897794329],[-45.28716409736558,-5.536497572796462],[-45.279047764986515,-5.54037713530492],[-45.27093132599187,-5.544256585989332],[-45.26281478224001,-5.548135924613537],[-45.25469813107534,-5.552015151847969],[-45.246581374356204,-5.5558942674564396],[-45.23846451213489,-5.55977327029897],[-45.23034754265864,-5.5636521610455345],[-45.22223046688333,-5.567530940365025],[-45.214113284860936,-5.5714096062127885],[-45.20599599664512,-5.575288161067354],[-45.19787860138499,-5.579166602884395],[-45.18976110003615,-5.58304493142821],[-45.181643491748986,-5.586923148273013],[-45.17352577657587,-5.590801252278784],[-45.16540795456952,-5.5946792432101216],[-45.15729002578266,-5.598557120831668],[-45.1491719902685,-5.602434886717336],[-45.141053847176316,-5.606312538822681],[-45.132935596559086,-5.610190077816964],[-45.12481723937251,-5.614067503464604],[-45.116698774766576,-5.617944816435072],[-45.10858020279384,-5.621822015588335],[-45.10046152350725,-5.625699101593676],[-45.092342736959566,-5.629576074215745],[-45.08422384230058,-5.633452933219258],[-45.07610483958306,-5.6373296783688716],[-45.06798572976294,-5.641206310333718],[-45.059866511989895,-5.645082827973885],[-45.051747186316845,-5.648959231958652],[-45.043627752796525,-5.652835521148007],[-45.03550821148192,-5.656711697115878],[-45.02738856152275,-5.660587758722277],[-45.01926880387494,-5.6644637066364325],[-45.01114893768825,-5.668339539718376],[-45.00302896301556,-5.672215258637343],[-44.99490888081282,-5.676090862253358],[-44.98678868932676,-5.679966352140313],[-44.978668389513324,-5.68384172715819],[-44.97054798142538,-5.687716987976271],[-44.96242746421278,-5.691592133454499],[-44.95430683883147,-5.6954671642621975],[-44.94618610352816,-5.699342080163868],[-44.93806526016199,-5.703216880924253],[-44.92994430788268,-5.707091567212564],[-44.921823245840116,-5.71096613788869],[-44.913702075893546,-5.714840592717481],[-44.905580795386264,-5.718714933272433],[-44.8974594070809,-5.72258915750936],[-44.88933790832071,-5.726463267001704],[-44.88121630006194,-5.73033726060956],[-44.87309458326079,-5.734211138097791],[-44.864972756163716,-5.738084900135256],[-44.85685081972687,-5.74195854648678],[-44.848728774003284,-5.745832076917017],[-44.8406066172396,-5.749705491190076],[-44.83248435219815,-5.753578789975994],[-44.824361976222654,-5.757451972133994],[-44.81623949026937,-5.761325037428937],[-44.80811689439075,-5.765197987434714],[-44.799994188640156,-5.7690708210113275],[-44.791871373070656,-5.772943537923427],[-44.78374844683211,-5.776816137935297],[-44.77562540997726,-5.780688621716195],[-44.76750226255954,-5.784560988126084],[-44.759379004631334,-5.788433238738861],[-44.75125563714932,-5.792305372414898],[-44.743132158360154,-5.796177388918043],[-44.73500856831696,-5.800049288012908],[-44.72688486797569,-5.803921070369157],[-44.71876105648668,-5.807792734846338],[-44.71063713480543,-5.811664283018773],[-44.702513101179,-5.815535713745558],[-44.69438895746711,-5.819407026792249],[-44.68626470191638,-5.82327822192249],[-44.678140335482794,-5.827149299806024],[-44.67001585731621,-5.8310202602069525],[-44.661891268373125,-5.834891102890402],[-44.65376656780345,-5.838761827620477],[-44.64564175566041,-5.842632434161768],[-44.63751683199663,-5.846502923183526],[-44.629391795962,-5.85037329444977],[-44.62126664941703,-5.854243546821687],[-44.613141390607716,-5.858113680967295],[-44.60501601958665,-5.8619836975558215],[-44.596890536408374,-5.865853594542635],[-44.58876494202757,-5.869723374406823],[-44.580639234692114,-5.873593035102488],[-44.57251341626203,-5.8774625763955495],[-44.56438748407915,-5.88133199985779],[-44.55626144090756,-5.88520130435129],[-44.54813528499311,-5.889070490543846],[-44.54000901638983,-5.892939557295474],[-44.53188263515033,-5.896808505275341],[-44.52375614223209,-5.900677333344252],[-44.51562953588013,-5.904546043074448],[-44.507502817051964,-5.908414633326713],[-44.499375984897554,-5.912283103864849],[-44.49124904037289,-5.91615145535886],[-44.48312198262874,-5.920019686667927],[-44.47499481171682,-5.9238877993658345],[-44.46686752769221,-5.927755791408],[-44.45874013060659,-5.931623664368171],[-44.45061262051337,-5.935491418010966],[-44.44248499746685,-5.9393590511964],[-44.43435726061702,-5.943226563688155],[-44.4262294100155,-5.947093957060007],[-44.418101445716616,-5.950961230171906],[-44.40997336867731,-5.954828382789436],[-44.40184517714413,-5.958695414675251],[-44.393716872073036,-5.962562326499461],[-44.385588453517485,-5.966429118026712],[-44.377459920627494,-5.970295789020532],[-44.36933127345653,-5.9741623392455026],[-44.361202512961626,-5.978028768467259],[-44.35307363829173,-5.98189507735391],[-44.344944648596865,-5.985761265668952],[-44.336815545738624,-5.989627332274543],[-44.32868632796248,-5.993493277837682],[-44.32055699532084,-5.99735910302747],[-44.312427548771886,-6.001224806705029],[-44.30429798746569,-6.005090388633824],[-44.296168312358205,-6.008955849484133],[-44.28803852169594,-6.012821189018207],[-44.27990861643599,-6.016686407001783],[-44.271778595728435,-6.020551503198215],[-44.26364846143279,-6.0244164782790355],[-44.255518210893165,-6.028281331100629],[-44.24738784596912,-6.032146062334553]]]},"properties":{"id_fluxo":92,"agrupamento":"Colinas","origem_aproximada":"Jenipapo dos Vieiras","destino_aproximado":"Colinas","comprimento_m":170321.8}},{"type":"Feature","geometry":{"type":"MultiLineString","coordinates":[[[-47.40621055915978,-5.447211644110543],[-47.41229666822628,-5.4538723358966905],[-47.41838291089898,-5.4605329648676575],[-47.42446928826076,-5.467193530791375],[-47.43055580049632,-5.473854034343209],[-47.43664244687743,-5.4805144734906985],[-47.44272922849435,-5.487174849809372],[-47.448816145524475,-5.493835162166915],[-47.454903197250566,-5.500495411242367],[-47.460990384755654,-5.507155596803545],[-47.46707770731883,-5.513815718625646]]]},"properties":{"id_fluxo":93,"agrupamento":"Imperatriz","origem_aproximada":"João Lisboa","destino_aproximado":"Imperatriz","comprimento_m":9992.1}},{"type":"Feature","geometry":{"type":"MultiLineString","coordinates":[[[-44.69740938490407,-4.987196137450476],[-44.693843781123185,-4.995490826654308],[-44.69027808701685,-5.003785494309427],[-44.68671230327508,-5.012080140315939],[-44.68314643058789,-5.020374764573946],[-44.679580466938596,-5.028669367886872],[-44.67601441301759,-5.036963949250162],[-44.67244826861235,-5.04525850946815],[-44.66888203441331,-5.053553047536252],[-44.66531570840406,-5.061847563353251],[-44.661749292176275,-5.070142057724328],[-44.65818278461562,-5.078436530548659],[-44.6546161864121,-5.086730981726397],[-44.6510494964513,-5.095025411156649],[-44.647482715423706,-5.1033198178349455],[-44.64391584311611,-5.111614203470177],[-44.64034887841455,-5.119908567056845],[-44.63678182200949,-5.128202907590421],[-44.633214672785385,-5.136497226779312],[-44.629647432334465,-5.1447915245241695],[-44.62608009864094,-5.153085798914278],[-44.62251267329598,-5.161380051659599],[-44.618945155184996,-5.169674282659217],[-44.615377544096155,-5.177968490908106],[-44.611809839816566,-5.186262677210483],[-44.608242042133824,-5.1945568414659675],[-44.604674151738436,-5.202850982670067],[-44.6011061675151,-5.2111451016264825],[-44.597538090153755,-5.21943919823535],[-44.5939699185396,-5.227733272395681],[-44.59040165336254,-5.236027324007678],[-44.58683329350714,-5.244321353874932],[-44.583264840566905,-5.252615360088973],[-44.57969629252334,-5.260909344357448],[-44.57612765006694,-5.269203305675883],[-44.57255891298456,-5.277497244848516],[-44.56899008106428,-5.285791160870257],[-44.565421154995406,-5.294085054545929],[-44.56185213276105,-5.3023789248692434],[-44.558283015952924,-5.310672772645623],[-44.55471380255346,-5.318966597773371],[-44.551144495058196,-5.327260399249329],[-44.54757509144817,-5.3355541787810035],[-44.54400559151205,-5.343847934458722],[-44.540435995938374,-5.352141667991923],[-44.53686630361326,-5.360435377470216],[-44.53329651522521,-5.3687290646030785],[-44.52972663056151,-5.37702272929005],[-44.526156649410844,-5.385316369621428],[-44.522586571559074,-5.393609987305972],[-44.51901639589152,-5.401903581337911],[-44.51544612399995,-5.410197152522775],[-44.51187575476895,-5.4184907007594125],[-44.50830528798644,-5.426784225042688],[-44.50473472343887,-5.435077726176748],[-44.50116406181608,-5.4433712040618465],[-44.49759330109983,-5.451664658596001],[-44.49402244378536,-5.459958089680967],[-44.49045148785438,-5.468251497214733],[-44.48688043309399,-5.47654488109682],[-44.483309280193986,-5.484838241227481],[-44.479738028941476,-5.4931315775061975],[-44.47616667912273,-5.501424890737111],[-44.47259522962281,-5.50971817991427],[-44.469023681130686,-5.518011445842574],[-44.46545203433699,-5.526304687517731],[-44.461880287222314,-5.534597905742175],[-44.45830844138006,-5.542891099512424],[-44.45473649478989,-5.551184270535512],[-44.451164449046075,-5.55947741690337],[-44.44759230303187,-5.567770539419208],[-44.44402005743705,-5.576063637983352],[-44.44044771114565,-5.584356712494413],[-44.43687526484743,-5.59264976285271],[-44.43330271742636,-5.600942788956847],[-44.42973006957132,-5.609235791611713],[-44.426157320167086,-5.617528769811292],[-44.422584470806356,-5.625821723456818],[-44.41901151946916,-5.634114653350523],[-44.41543846684612,-5.642407558488173],[-44.41186531272309,-5.650700439673766],[-44.40829205688775,-5.658993295902178],[-44.404718699124984,-5.667286128881986],[-44.40114524012638,-5.675578936704397],[-44.39757167787166,-5.68387172017155],[-44.393998014856614,-5.692164479185679],[-44.39042424815879,-5.700457213643371],[-44.38685037937093,-5.708749923445936],[-44.38327640737661,-5.71704260849183],[-44.379702332864554,-5.72533526958601],[-44.376128155622354,-5.733627905723323],[-44.37255387453348,-5.7419205168021525],[-44.368979490286634,-5.750213103627496],[-44.365405002669355,-5.758505665194157],[-44.361830411467196,-5.766798202306108],[-44.35825571646768,-5.775090713958167],[-44.354680917456314,-5.783383200954294],[-44.35110601421852,-5.791675664098469],[-44.347531006543875,-5.799968100576314],[-44.34395589511894,-5.808260513001973],[-44.34038067882797,-5.816552900369231],[-44.33680535745738,-5.824845262577452],[-44.33322993169681,-5.833137599527033],[-44.32965440042833,-5.84142991202088],[-44.32607876434263,-5.849722199054833],[-44.3225030223228,-5.858014460527171],[-44.31892717596176,-5.866306696339432],[-44.315351223238146,-5.874598907293371],[-44.31177516484155,-5.882891093289395],[-44.30819900055936,-5.891183253322319],[-44.30462272927338,-5.89947538819493],[-44.30104635257657,-5.907767497808778],[-44.297469869351794,-5.91605958206211],[-44.29389327938641,-5.924351639949673],[-44.290316583367726,-5.932643673181084],[-44.286739780179666,-5.940935680749965],[-44.2831628696084,-5.949227662555621],[-44.27958585234349,-5.95751961849854],[-44.27600872726762,-5.965811548476882],[-44.2724314950692,-5.97410345329567],[-44.26885415463201,-5.982395331948507],[-44.26527670664441,-5.990687185240409],[-44.261699151797195,-5.998979012167375],[-44.258121487164644,-6.0072708135296],[-44.25454371524334,-6.015562589230034],[-44.25096583491575,-6.023854339166771],[-44.24738784596912,-6.032146062334553]]]},"properties":{"id_fluxo":94,"agrupamento":"Colinas","origem_aproximada":"Joselândia","destino_aproximado":"Colinas","comprimento_m":125810.8}},{"type":"Feature","geometry":{"type":"MultiLineString","coordinates":[[[-46.071332728577126,-1.8783039362200975],[-46.06383438624941,-1.8832582830990472],[-46.05633600100399,-1.8882125970269859],[-46.048837573702535,-1.89316687865074],[-46.04133910340814,-1.8981211277136598],[-46.033840590981406,-1.9030753430534424],[-46.02634203548596,-1.9080295253180517],[-46.01884343688393,-1.912983674250251],[-46.01134479603699,-1.9179377904969503],[-46.00384611110921,-1.9228918738020069],[-45.99634738386025,-1.9278459230026144],[-45.98884861245469,-1.9327999387472317],[-45.981349797753694,-1.937753920778135],[-45.97385093971942,-1.9427078688381811],[-45.96635203741543,-1.9476617835752532],[-45.95885309170294,-1.952615664731706],[-45.95135410254409,-1.957569512050356],[-45.94385506900143,-1.9625233243699305],[-45.93635599103813,-1.9674771032424605],[-45.9288568695154,-1.9724308484102717],[-45.92135770259672,-1.9773845587126055],[-45.91385849204241,-1.9823382338912794],[-45.90635923691654,-1.9872918754988338],[-45.89885993628166,-1.9922454823739764],[-45.89136059189861,-1.9971990551631913],[-45.883861201930856,-2.002152592705656],[-45.87636176724014,-2.007106095648357],[-45.86886228688952,-2.012059563734581],[-45.86136276173979,-2.017012995802097],[-45.85386319085543,-2.021966394308034],[-45.846363575096774,-2.026919757185557],[-45.83886391352686,-2.0318730841779407],[-45.83136420610881,-2.0368263768372987],[-45.82386445280384,-2.0417796330972067],[-45.81636465357507,-2.046732854509733],[-45.80886480838421,-2.0516860399131267],[-45.80136491719388,-2.056639189954857],[-45.79386497996628,-2.0615923043777324],[-45.78636499576443,-2.0665453829250637],[-45.77886496544966,-2.071498425339258],[-45.77136488898418,-2.076451431363143],[-45.76386476453225,-2.0814044016450794],[-45.7563645947536,-2.0863573359265914],[-45.7488643769129,-2.091310233951855],[-45.74136411277066,-2.0962630954628274],[-45.73386380139037,-2.101215921107427],[-45.726363442733344,-2.10616870881923],[-45.71886303586386,-2.1111214610554145],[-45.7113625825421,-2.1160741766533455],[-45.70386208093145,-2.121026854452054],[-45.69636153189413,-2.1259794960032847],[-45.68886093539237,-2.1309321010498885],[-45.68136029048873,-2.1358846684304513],[-45.67385959804507,-2.1408371987920702],[-45.66635885712437,-2.145789691878008],[-45.65885806768922,-2.15074214833575],[-45.65135723060071,-2.1556945670030996],[-45.64385634402255,-2.1606469476237113],[-45.63635540971587,-2.16559929084427],[-45.628854426743615,-2.170551596408046],[-45.621353394169134,-2.175503864962925],[-45.613852312853545,-2.180456095346715],[-45.60635118275907,-2.18540828730225],[-45.59885000384833,-2.1903604414770474],[-45.59134877518427,-2.1953125576143355],[-45.58384749762875,-2.200264636361275],[-45.57634617024403,-2.2052166756517315],[-45.56884479299305,-2.2101686770378737],[-45.56134336673733,-2.2151206402622234],[-45.55384188964052,-2.2200725650682998],[-45.546340363463166,-2.2250244502936294],[-45.53883878726883,-2.229976297490719],[-45.53133716012047,-2.2349281064027635],[-45.52383548377864,-2.239879875867264],[-45.51633375640728,-2.244831606532431],[-45.50883197886797,-2.2497832981407586],[-45.50133015022364,-2.254734950435428],[-45.493828271335865,-2.2596865631589726],[-45.486326341267905,-2.264638136959233],[-45.478824359982,-2.2695896715790385],[-45.47132232833976,-2.274541166760971],[-45.463820245404115,-2.279492622248146],[-45.45631811113761,-2.2844440386881315],[-45.448815925501954,-2.2893954140143653],[-45.44131368846026,-2.2943467506837747],[-45.43381139997454,-2.2992980475345375],[-45.42630905910741,-2.3042493034050513],[-45.41880666672107,-2.309200519847282],[-45.411304222777524,-2.314151695699408],[-45.40380172633996,-2.3191028316091957],[-45.39629917737063,-2.3240539273195187],[-45.38879657673121,-2.329004982572934],[-45.38129392348463,-2.333955997112575],[-45.37379121849278,-2.338906971585719],[-45.366288459918934,-2.343857904831],[-45.358785649524435,-2.348808797495477],[-45.35128278547275,-2.353759649322481],[-45.343779868625596,-2.358710460054584],[-45.33627689894548,-2.3636612303393627],[-45.3287738763945,-2.368611959014948],[-45.32127080003553,-2.3735626458243924],[-45.31376766983131,-2.378513292319947],[-45.30626448754277,-2.3834638973393085],[-45.29876125043395,-2.3884144606259605],[-45.291257960266016,-2.3933649819223404],[-45.283754616102236,-2.398315462780871],[-45.27625121790454,-2.4032659011349824],[-45.26874776563542,-2.408216297632213],[-45.26124425925721,-2.413166652015415],[-45.253740697832946,-2.4181169649322816],[-45.24623708312386,-2.4230672361253247],[-45.23873341329318,-2.4280174644329935],[-45.23122968920288,-2.4329676505026594],[-45.22372591081543,-2.437917794981887],[-45.216222077193535,-2.4428678967089517],[-45.20871818829952,-2.4478179554266624],[-45.20121424409587,-2.4527679717825506],[-45.193710245444535,-2.4577179464240357],[-45.186206191408104,-2.462667877284669],[-45.178702081949034,-2.4676177650119655],[-45.17119791702981,-2.4725676102534777],[-45.163693695713256,-2.4775174127521287],[-45.15618941976072,-2.4824671722505323],[-45.148685087335544,-2.4874168884917354],[-45.14118069929957,-2.492366561218436],[-45.13367625471565,-2.497316190173571],[-45.12617175444576,-2.5022657760045766],[-45.1186671975527,-2.5072153184543455],[-45.11116258489838,-2.512164817265632],[-45.10365791464608,-2.5171142721814075],[-45.0961531885573,-2.5220636838490487],[-45.08864840569479,-2.527013051106719]]]},"properties":{"id_fluxo":95,"agrupamento":"Pinheiro","origem_aproximada":"Junco do Maranhão","destino_aproximado":"Pinheiro","comprimento_m":130701.3}},{"type":"Feature","geometry":{"type":"MultiLineString","coordinates":[[[-45.13475200050743,-4.558563571946032],[-45.137161541167856,-4.5498671202080425],[-45.13957102329887,-4.5411706582508105],[-45.14198044796521,-4.532474186124592],[-45.14438981533006,-4.523777703879861],[-45.14679912555658,-4.5150812115670185],[-45.14920837790653,-4.5063847092367],[-45.151617572543074,-4.4976881969393485],[-45.154026710530815,-4.488991674725215],[-45.156435792032866,-4.480295142644724],[-45.15884481540939,-4.471598599844007],[-45.161253782626495,-4.462902047277798],[-45.163662693847286,-4.4542054849965185],[-45.16607154743191,-4.445508912146326],[-45.16848034444526,-4.436812330586777],[-45.170889085951146,-4.428115737654107],[-45.17329777121191,-4.41941913611292],[-45.175706399488874,-4.4107225242045285],[-45.17811497184642,-4.402025901979124],[-45.18052348934912,-4.3933292703916145],[-45.18293195035715,-4.384632628588142],[-45.1853403550338,-4.375935977523817],[-45.187748705344404,-4.367239316343918],[-45.19015699964964,-4.358542646004012],[-45.19256523811228,-4.349845965649805],[-45.19497342179656,-4.341149275331499],[-45.19738155086546,-4.332452575099493],[-45.199789623679685,-4.323755865909325],[-45.202197643105634,-4.315059146906031],[-45.20460560660238,-4.306362417236062],[-45.2070135161357,-4.297665678758679],[-45.20942137006618,-4.2889689315247574],[-45.211829170358605,-4.280272173774893],[-45.21423691627492,-4.271575406464352],[-45.216644607978026,-4.262878629643583],[-45.21905224563079,-4.254181843362941],[-45.22145982849498,-4.245485047673104],[-45.223867358535685,-4.236788242623939],[-45.22627483411326,-4.228091427361669],[-45.228682256292196,-4.219394603745801],[-45.23108962433369,-4.2106977700175925],[-45.233496940203,-4.202000927131617],[-45.2359042013597,-4.1933040751390305],[-45.23831140976848,-4.184607213185023],[-45.24071856559238,-4.175910342224647],[-45.24312566809286,-4.167213461403864],[-45.24553271743325,-4.158516572582422],[-45.2479397146765,-4.149819673096393],[-45.25034665818388,-4.141122764806051],[-45.25275354992018,-4.132425847761219],[-45.25516038914682,-4.1237289211078805],[-45.25756717602655,-4.115031984896405],[-45.25997391072233,-4.106335040081824],[-45.262380592495646,-4.097638085810123],[-45.2647872233114,-4.088941123035789],[-45.267193802430704,-4.080244150000097],[-45.26960032911591,-4.071547168563077],[-45.27200680352939,-4.062850177870406],[-45.27441322763595,-4.0541531788765255],[-45.27681959979578,-4.045456169823058],[-45.27922592107273,-4.0367591516647074],[-45.28163219072886,-4.028062125356836],[-45.284038408926136,-4.01936508914045],[-45.28644457672871,-4.0106680448749215],[-45.28885069339766,-4.001970990801586],[-45.29125675909622,-3.9932739287801255],[-45.29366277398635,-3.9845768570515614],[-45.29606873913175,-3.9758797765705913],[-45.29847465379414,-3.9671826873878655],[-45.3008805172353,-3.9584855895540745],[-45.30328633141903,-3.949788482214234],[-45.305692094706615,-3.941091366324],[-45.30809780906214,-3.932394241933068],[-45.31050347284657,-3.9236971090924255],[-45.31290908622209,-3.914999966947755],[-45.31531465115271,-3.906302815548719],[-45.317720165999745,-3.8976056558509873],[-45.32012563182641,-3.888908487904565],[-45.322531047894124,-3.88021131085544],[-45.32493641436569,-3.8715141256586323],[-45.32734173230392,-3.8628169314594545],[-45.32974700187125,-3.85411972830821],[-45.33215222142908,-3.8454225171606025],[-45.334557392940845,-3.8367252971616126],[-45.33696251566865,-3.8280280692665407],[-45.3393675897742,-3.8193308317164107],[-45.34177261542058,-3.810633586370857],[-45.34417759276985,-3.8019363323755253],[-45.34658252198438,-3.7932390697807494],[-45.34898740322653,-3.784541798636844],[-45.35139223575806,-3.775844518994474],[-45.35379702154289,-3.76714723180791],[-45.35620175894144,-3.758449935318831],[-45.35860644901701,-3.7497526304818725],[-45.361011091031344,-3.741055317347695],[-45.36341568604731,-3.732357995966251],[-45.3658202333267,-3.7236606663882053],[-45.36822473393233,-3.7149633286635],[-45.37062918712597,-3.706265982842817],[-45.373033593970035,-3.697568628071389],[-45.37543795372667,-3.688871265304566],[-45.377842266558126,-3.680173894592665],[-45.380246532626295,-3.6714765150813133],[-45.38265075209381,-3.662779127725459]]]},"properties":{"id_fluxo":96,"agrupamento":"Santa Inês","origem_aproximada":"Lago da Pedra","destino_aproximado":"Santa Inês","comprimento_m":102769.0}},{"type":"Feature","geometry":{"type":"MultiLineString","coordinates":[[[-45.056685771856294,-4.6076962795916],[-45.05962597131302,-4.599184239116214],[-45.06256610030832,-4.590672183571335],[-45.06550615993194,-4.5821601148376905],[-45.068446150371734,-4.573648031177315],[-45.071386070914336,-4.5651359344710745],[-45.074325921747594,-4.556623822981058],[-45.07726570396108,-4.54811169768323],[-45.08020541774265,-4.539599557744317],[-45.08314506147738,-4.531087404140639],[-45.086084637156205,-4.52257523694338],[-45.089024144065576,-4.514063056224033],[-45.091963582393305,-4.505550861149362],[-45.09490295322874,-4.497038651790614],[-45.09784225495702,-4.4885264291241125],[-45.10078148866736,-4.480014192316465],[-45.103720654547615,-4.47150194143906],[-45.106659751884386,-4.462989677468079],[-45.109598782668066,-4.454477398665337],[-45.112537745283966,-4.445965106911796],[-45.1154766399198,-4.4374528013741905],[-45.11841546766489,-4.42894048302844],[-45.12135422870676,-4.420428150136575],[-45.12429292233198,-4.411915803674774],[-45.12723154872837,-4.403403443714453],[-45.13017010898499,-4.394891070326796],[-45.13310860238815,-4.386378682678678],[-45.1360470291259,-4.377866282650815],[-45.13898538938567,-4.369353868505213],[-45.14192368335518,-4.360841440313256],[-45.1448619112225,-4.3523289999556765],[-45.14780007317496,-4.343816545694433],[-45.15073816940028,-4.335304077600939],[-45.15367620008628,-4.326791596651204],[-45.15661416451925,-4.318279102012082],[-45.15955206378825,-4.309766594659432],[-45.16248989717953,-4.301254073760106],[-45.16542766578193,-4.292741539385294],[-45.16836536978326,-4.284228992510985],[-45.17130300846954,-4.275716431399383],[-45.1742405820288,-4.2672038579311895],[-45.177178091549585,-4.258691271272848],[-45.18011553541695,-4.250178670591454],[-45.183052915621204,-4.241666057767279],[-45.18599023144852,-4.2331534319671915],[-45.18892748308626,-4.224640792357834],[-45.19186467072237,-4.216128140819905],[-45.19480179454395,-4.207615475615385],[-45.19773885383765,-4.199102797720482],[-45.2006758505929,-4.1905901063014115],[-45.203612783195275,-4.182077402334627],[-45.20654965273332,-4.173564685891219],[-45.20948645849324,-4.165051956138052],[-45.2124232015635,-4.156539213146219],[-45.215359881231045,-4.148026458796615],[-45.21829649858357,-4.139513690446293],[-45.221233052908,-4.131000909976165],[-45.224169544391486,-4.122488116552865],[-45.22710597412244,-4.113975310247428],[-45.2300423404863,-4.105462491131686],[-45.23297864547263,-4.096949660181089],[-45.23591488836733,-4.088436815657857],[-45.238851068457365,-4.07992395944291],[-45.24178718773141,-4.071411089797642],[-45.24472324457548,-4.062898208603267],[-45.24765924007732,-4.0543853141214115],[-45.25059517442448,-4.045872407328068],[-45.25353104780429,-4.037359488294526],[-45.256466859503156,-4.02884655709235],[-45.2594026097081,-4.020333612888137],[-45.26233829950755,-4.011820656657559],[-45.265273929088764,-4.003307688471926],[-45.268209496837024,-3.9947947074983907],[-45.27114500474125,-3.9862817138076454],[-45.274080452088164,-3.97776870837595],[-45.27701583996579,-3.969255691274276],[-45.27995116675912,-3.9607426607651277],[-45.2828864335568,-3.9522296187288424],[-45.28582164144648,-3.9437165643316807],[-45.2887567888141,-3.9352034985502216],[-45.29169187674699,-3.9266904196460453],[-45.29462690543294,-3.91817732949978],[-45.297561874157736,-3.9096642263736507],[-45.30049678400989,-3.9011511121479296],[-45.30343163517591,-3.892637985084533],[-45.306366426942816,-3.884124847064372],[-45.3093011594971,-3.8756116963493485],[-45.31223583392691,-3.8670985339150903],[-45.31517045041899,-3.8585853589281123],[-45.318105007359705,-3.8500721732697274],[-45.32103950673684,-3.8415589752011097],[-45.32397394783678,-3.833045764793882],[-45.32690832994661,-3.824532543928927],[-45.32984265505366,-3.816019309962822],[-45.332776922445,-3.8075060647764403],[-45.33571113230765,-3.798992808441063],[-45.33864528392732,-3.7904795392188757],[-45.34157937929293,-3.7819662589897773],[-45.344513415889686,-3.773452967826063],[-45.34744739660564,-3.764939663988521],[-45.350381319827314,-3.7564263493584518],[-45.353315186641524,-3.7479130221973525],[-45.35624899633539,-3.739399684386148],[-45.359182749095496,-3.7308863350914026],[-45.36211644600898,-3.722372973479286],[-45.365050086362956,-3.7138596014307077],[-45.36798367034359,-3.7053462172075364],[-45.37091719813819,-3.6968328217856676],[-45.37385066993365,-3.6883194152362893],[-45.376784086817366,-3.679805997630227],[-45.379717447174826,-3.6712925681347865],[-45.38265075209381,-3.662779127725459]]]},"properties":{"id_fluxo":97,"agrupamento":"Santa Inês","origem_aproximada":"Lago do Junco","destino_aproximado":"Santa Inês","comprimento_m":110536.2}},{"type":"Feature","geometry":{"type":"MultiLineString","coordinates":[[[-44.97997468933571,-4.6131790929898076],[-44.98348051592113,-4.604915764636678],[-44.98698626222174,-4.596652417700018],[-44.99049192664124,-4.588389050467237],[-44.99399751118953,-4.580125664844541],[-44.99750301517182,-4.571862260928745],[-45.001008438794905,-4.56359883700728],[-45.00451378226551,-4.555335394081642],[-45.00801904579039,-4.547071932248655],[-45.011524229576274,-4.53880845160508],[-45.01502933292837,-4.530544951343078],[-45.01853435785636,-4.522281433368768],[-45.02203930276397,-4.514017895969604],[-45.02554416785788,-4.505754339242399],[-45.02904895424625,-4.497490764188585],[-45.03255366213569,-4.48922717090494],[-45.03605828992999,-4.480963558583652],[-45.039562840540015,-4.472699927321374],[-45.04306731146815,-4.464436277215017],[-45.04657170472386,-4.456172609265931],[-45.050076018710854,-4.447908921761647],[-45.053580255438575,-4.439645216608151],[-45.0570844142121,-4.431381492092948],[-45.060588495238115,-4.423117750122135],[-45.06409249782169,-4.414853988983178],[-45.06759642397209,-4.406590209677374],[-45.07110027209319,-4.398326412301635],[-45.07460404329273,-4.390062596047954],[-45.07810773687598,-4.381798761917844],[-45.08161135395074,-4.3735349100079635],[-45.085114894723276,-4.365271038605675],[-45.088618357597795,-4.35700715052199],[-45.092121745484235,-4.348743243139272],[-45.09562505588537,-4.340479317459267],[-45.099128290810235,-4.332215374483162],[-45.10263144866265,-4.323951413403249],[-45.10613453145149,-4.315687434316014],[-45.10963753848177,-4.307423436413605],[-45.11314046996014,-4.299159421602113],[-45.11664332609269,-4.290895388168902],[-45.12014610618475,-4.282631337115506],[-45.123648811343834,-4.2743672685384855],[-45.12715144177626,-4.26610318253458],[-45.13065399768807,-4.257839077391104],[-45.134156478384845,-4.249574955918966],[-45.13765888407245,-4.2413108155008254],[-45.141161215858624,-4.23304665804261],[-45.144663473048496,-4.2247824836411425],[-45.14816565674913,-4.216518290583615],[-45.15166776626581,-4.208254079871561],[-45.15516980180497,-4.199989852506333],[-45.15867176357266,-4.191725607679957],[-45.162173651774935,-4.183461344584442],[-45.165675466618154,-4.175197064221126],[-45.16917720830853,-4.166932766686722],[-45.17267887705225,-4.158668452077871],[-45.176180472154236,-4.150404119586767],[-45.1796819947219,-4.142139770214578],[-45.183183444961394,-4.133875404057982],[-45.18668482217741,-4.12561101940445],[-45.190186127477716,-4.117346619064497],[-45.19368736106778,-4.109082200420743],[-45.197188521352196,-4.100817765379644],[-45.20068961033878,-4.092553313132718],[-45.20419062733264,-4.084288843776856],[-45.20769157344058,-4.0760243565037975],[-45.21119244706724,-4.067759853219994],[-45.21469325022028,-4.059495333116957],[-45.218193981303926,-4.051230796291786],[-45.221694641424875,-4.042966241936221],[-45.22519523169028,-4.034701671051329],[-45.228695750504095,-4.026437082829538],[-45.23219619807285,-4.018172479176861],[-45.235696576403505,-4.009907857475378],[-45.23919688299996,-4.001643219631828],[-45.24269712077048,-3.993378564837372],[-45.24619728811957,-3.9851138940938475],[-45.24969738525293,-3.9768492065932017],[-45.2531974123765,-3.9685845024320323],[-45.256697370597,-3.9603197817066937],[-45.26019725921926,-3.952055043609374],[-45.263697078449724,-3.9437902900460537],[-45.26719682849402,-3.935525520208661],[-45.27069650955774,-3.927260733289102],[-45.27419612184731,-3.9189959311933302],[-45.27769566556773,-3.9107311113039263],[-45.2811951409257,-3.9024662764315123],[-45.28469454722576,-3.894201424863615],[-45.288193885574444,-3.8859365566965147],[-45.29169315617788,-3.8776716729314917],[-45.295192358340834,-3.8694067727607626],[-45.29869149226913,-3.861141856280894],[-45.30219055906955,-3.8528769244928234],[-45.30568955804655,-3.84461197568411],[-45.30918849030721,-3.836347011760337],[-45.31268735515595,-3.8280820310090617],[-45.31618615279917,-3.8198170353361887],[-45.31968488254132,-3.8115520230292828],[-45.32318354638972,-3.803286995088901],[-45.32668214364913,-3.7950219507072567],[-45.3301806745259,-3.786756891790275],[-45.33367913832444,-3.7784918166255057],[-45.33717753705165,-3.7702267253087727],[-45.340675868211754,-3.761961618842384],[-45.34417413471183,-3.7536964964171546],[-45.347672334956364,-3.7454313581303214],[-45.35117046915137,-3.7371662049831027],[-45.35466853840232,-3.7289010352623437],[-45.35816654291554,-3.720635850873911],[-45.3616644810952,-3.7123706510103958],[-45.365162354947984,-3.704105435767612],[-45.36866016377858,-3.6958402043377676],[-45.3721579068928,-3.687574958627128],[-45.3756555862965,-3.679309696922089],[-45.379153201295125,-3.6710444202242507],[-45.38265075209381,-3.662779127725459]]]},"properties":{"id_fluxo":98,"agrupamento":"Santa Inês","origem_aproximada":"Lago dos Rodrigues","destino_aproximado":"Santa Inês","comprimento_m":114165.1}},{"type":"Feature","geometry":{"type":"MultiLineString","coordinates":[[[-44.937903606441274,-4.042655020670027],[-44.94474890630862,-4.036812595154152],[-44.95159410762976,-4.030970111444367],[-44.95843921232192,-4.025127568889119],[-44.9652842186987,-4.019284967741322],[-44.972129127776334,-4.013442308254057],[-44.97897393967022,-4.007599590680296],[-44.985818654495716,-4.001756815273081],[-44.99266327146739,-3.995913980476],[-44.999507792502264,-3.9900710883514803],[-45.006352216814896,-3.9842281391524845],[-45.01319654361978,-3.9783851304179496],[-45.020040774833994,-3.9725420651149346],[-45.026884909672034,-3.9666989416870293],[-45.03372894824926,-3.9608557603872523],[-45.04057289068105,-3.955012521468554],[-45.04741673708279,-3.9491692260886335],[-45.05426048847058,-3.943325872691002],[-45.06110414405895,-3.937482461528696],[-45.067947703963334,-3.9316389937593725],[-45.074791168299036,-3.9257954687312995],[-45.081634538082184,-3.9199518866973886],[-45.088477812527366,-3.914108247910643],[-45.09532099174985,-3.908264551719353],[-45.10216407676585,-3.9024207992810567],[-45.109007066789864,-3.896576989944119],[-45.11584996283799,-3.8907331239613496],[-45.12269276412486,-3.8848892015858283],[-45.12953547166654,-3.879045223070364],[-45.136378084677546,-3.8732011877633234],[-45.14322060417392,-3.8673570959175145],[-45.150063030271184,-3.861512948690541],[-45.15690536218382,-3.855668745430803],[-45.16374760092773,-3.8498244854863595],[-45.17058974661841,-3.843980170014807],[-45.17743179847035,-3.838135798364573],[-45.18427375840047,-3.8322913716928837],[-45.19111562472236,-3.8264468884436376],[-45.19795739755177,-3.820602350679144],[-45.20479907880499,-3.8147577568425244],[-45.211640667696884,-3.808913108091529],[-45.21848216344173,-3.8030684028699624],[-45.2253235679566,-3.7972236432395854],[-45.23216487955534,-3.7913788285491203],[-45.23900610015456,-3.785533959050923],[-45.245847228968735,-3.7796890340934675],[-45.252688265212576,-3.7738440539298996],[-45.259529210802924,-3.767999019717249],[-45.26637006495424,-3.762153930803966],[-45.27321082778159,-3.756308786538246],[-45.28005149940061,-3.7504635880776602],[-45.28689208082721,-3.7446183356747698],[-45.29373257127587,-3.7387730286780614],[-45.300572970861914,-3.732927667340386],[-45.30741327970072,-3.72708225191461],[-45.31425349880783,-3.721236781748592],[-45.32109362739838,-3.7153912580001833],[-45.3279336664879,-3.7095456800172464],[-45.33477361529152,-3.7037000489576157],[-45.34161347392394,-3.6978543632647947],[-45.34845324340168,-3.692008625000632],[-45.35529292383903,-3.6861628317039314],[-45.362132514451886,-3.680316986341931],[-45.36897201625499,-3.674471086453045],[-45.37581142846395,-3.668625134099858],[-45.38265075209381,-3.662779127725459]]]},"properties":{"id_fluxo":99,"agrupamento":"Santa Inês","origem_aproximada":"Lago Verde","destino_aproximado":"Santa Inês","comprimento_m":64818.0}},{"type":"Feature","geometry":{"type":"MultiLineString","coordinates":[[[-43.52784680509098,-6.047650905844925],[-43.53684131808029,-6.047462972142309],[-43.545835825501925,-6.04727489054292],[-43.55483032623181,-6.047086659250245],[-43.5638248209454,-6.046898279185699],[-43.572819309417156,-6.046709750363894],[-43.58181379142393,-6.046521071895151],[-43.59080826673548,-6.046332245602797],[-43.5998027369378,-6.046143269697511],[-43.608797199996225,-6.0459541450935905],[-43.61779165749208,-6.045764871810394],[-43.62678610829647,-6.0455754498602685],[-43.635780553089575,-6.0453858783558285],[-43.644774990740224,-6.045196158213885],[-43.65376942282976,-6.045006289453635],[-43.66276384913271,-6.044816272089791],[-43.67175826852241,-6.044626105230437],[-43.68075268167457,-6.044435789796905],[-43.68974708926717,-6.0442453258061075],[-43.69874148927008,-6.044054712364028],[-43.70773588416592,-6.043863950396332],[-43.716730271922394,-6.043673039913434],[-43.72572465412307,-6.043481980029955],[-43.73471902963691,-6.043290771662955],[-43.74371339823849,-6.043099414827216],[-43.75270776151137,-6.042907908637303],[-43.761702117421095,-6.042716254008213],[-43.77069646755121,-6.042524450054486],[-43.77969081167424,-6.042332497695332],[-43.78868514956479,-6.042140396945528],[-43.797679480095965,-6.041948146913463],[-43.806673804847286,-6.04175574852241],[-43.81566812359531,-6.041563200882737],[-43.82466243611462,-6.041370504009264],[-43.83365674127245,-6.041177659723782],[-43.84265104065614,-6.04098466533169],[-43.85164533403453,-6.04079152356118],[-43.86063962028449,-6.040598231711853],[-43.86963390098376,-6.040404791611272],[-43.8786281750035,-6.040211203272417],[-43.88762244212018,-6.040017465805752],[-43.89661670301192,-6.039823579227997],[-43.905610957451486,-6.039629544458537],[-43.914605206118814,-6.039435360609595],[-43.92359944788326,-6.039241028598765],[-43.93259368342474,-6.039046547538287],[-43.94158791251788,-6.038851917443077],[-43.95058213493555,-6.0386571392325505],[-43.95957635135766,-6.038462212018935],[-43.96857056065535,-6.0382671358154125],[-43.97756476440855,-6.038071911544872],[-43.98655896058662,-6.037876538314402],[-43.995553151674734,-6.037681016144019],[-44.004547335638875,-6.03748534594982],[-44.01354151315887,-6.037289526843976],[-44.0225356840094,-6.037093558841481],[-44.03152984886862,-6.036897441958948],[-44.0405240066061,-6.03670117711429],[-44.04951815790162,-6.036504763419602],[-44.05851230343342,-6.036308200891501],[-44.067506442072606,-6.036111489543394],[-44.07650057449589,-6.035914630296424],[-44.08549469957746,-6.035717621355059],[-44.09448881889607,-6.035520464546426],[-44.10348293132436,-6.035323158979546],[-44.11247703754058,-6.035125704670977],[-44.121471137319425,-6.034928101635795],[-44.130465230434154,-6.034730350793565],[-44.13945931756591,-6.034532450351794],[-44.14845339758299,-6.034334402133159],[-44.15744747116509,-6.034136205249696],[-44.166441538088314,-6.033937858811955],[-44.17543559812457,-6.033739364644127],[-44.18442965195356,-6.033540721858172],[-44.19342369935001,-6.033341930469204],[-44.20241774008861,-6.033142990492354],[-44.21141177484768,-6.0329439019440825],[-44.2204058024984,-6.032744664838234],[-44.22939982371905,-6.03254527919124],[-44.238393838284374,-6.032345745018291],[-44.24738784596912,-6.032146062334553]]]},"properties":{"id_fluxo":100,"agrupamento":"Colinas","origem_aproximada":"Lagoa do Mato","destino_aproximado":"Colinas","comprimento_m":79659.3}},{"type":"Feature","geometry":{"type":"MultiLineString","coordinates":[[[-45.385116129210964,-4.992429888226607],[-45.38509944066813,-4.9834459256944745],[-45.38508275296352,-4.974461960689244],[-45.385066066096,-4.9654779932152655],[-45.38504937916299,-4.956494024182057],[-45.38503269216233,-4.947510051784687],[-45.38501600599546,-4.938526076931621],[-45.38499932066122,-4.929542099627211],[-45.38498263525708,-4.920558120780973],[-45.38496595068283,-4.911574138587456],[-45.38494926693788,-4.90259015395565],[-45.38493258311969,-4.893606167795073],[-45.384915899226144,-4.884622178300789],[-45.38489921615908,-4.8756381872859205],[-45.38488253391632,-4.86665419294553],[-45.38486585159539,-4.857670196189138],[-45.3848491700976,-4.848686197925217],[-45.38483248942127,-4.839702197253503],[-45.38481580866295,-4.830718193274178],[-45.38479912782255,-4.8217341878009075],[-45.3847824487016,-4.812750179027727],[-45.38476576859454,-4.803766168769819],[-45.3847490902052,-4.794782156125362],[-45.384732411728315,-4.785798140195081],[-45.38471573316382,-4.776814122792626],[-45.38469905541189,-4.767830103017195],[-45.38468237847137,-4.758846080873148],[-45.38466570143891,-4.749862055460699],[-45.38464902521614,-4.740878028592992],[-45.384632349801436,-4.73189399936974],[-45.38461567429196,-4.7229099677958],[-45.38459899868662,-4.713925933875528],[-45.384582323886,-4.70494189761278],[-45.38456564988897,-4.695957859011932],[-45.384548976694404,-4.686973818077309],[-45.384532303399524,-4.677989774813785],[-45.38451563000325,-4.669005729225712],[-45.3844989574061,-4.660021681316956],[-45.38448228560693,-4.651037631091876],[-45.38446561370303,-4.642053578555325],[-45.38444894259488,-4.633069523711168],[-45.38443227138028,-4.624085467468905],[-45.38441560095869,-4.615101408023109],[-45.38439893132951,-4.606117346282786],[-45.384382261590034,-4.597133282252802],[-45.38436559264119,-4.588149216841648],[-45.38434892357937,-4.579165148244887],[-45.38433225530546,-4.570181077371042],[-45.38431558781881,-4.56119700512913],[-45.38429892021584,-4.552212929714688],[-45.38428225339789,-4.5432288529409],[-45.384265586461424,-4.534244773003308],[-45.384248920307726,-4.525260691715111],[-45.38423225403328,-4.516276607271811],[-45.3842155894408,-4.507292521486141],[-45.384198923823924,-4.498308432554585],[-45.38418225898534,-4.4893243422898585],[-45.38416559492296,-4.480340248887021],[-45.384148931636624,-4.471356154159743],[-45.38413226822333,-4.462372057208225],[-45.384115604681526,-4.453387957132138],[-45.38409894281374,-4.444403855744234],[-45.38408227991433,-4.435419752145631],[-45.38406561868621,-4.426435646339285],[-45.38404895732557,-4.4174515383305],[-45.38403229583133,-4.40846742812364],[-45.38401563600449,-4.399483314817493],[-45.383998975141,-4.390499200227105],[-45.3839823159431,-4.3815150834508065],[-45.38396565660713,-4.37253096449389],[-45.383948997131995,-4.363546843360723],[-45.3839323384178,-4.354562720055205],[-45.383915680463446,-4.345578594581724],[-45.38389902236656,-4.336594466945072],[-45.383882365027276,-4.3276103371491725],[-45.38386570844487,-4.31862620610305],[-45.383849051716155,-4.309642072002215],[-45.38383239574164,-4.300657935755254],[-45.383815739619024,-4.291673797366952],[-45.383799084248366,-4.282689656841242],[-45.38378242962898,-4.273705515087153],[-45.383765774857686,-4.264721370300185],[-45.383749119933846,-4.2557372233893815],[-45.383732466659026,-4.2467530752628395],[-45.38371581322896,-4.237768924116521],[-45.383699159643434,-4.228784771764116],[-45.38368250680154,-4.219800616400225],[-45.383665854702585,-4.2108164589338966],[-45.38364920244482,-4.201832300274573],[-45.3836325509273,-4.192848138616874],[-45.38361590014977,-4.183863975774492],[-45.38359924920963,-4.174879810847596],[-45.383582599006346,-4.16589564293542],[-45.383565948638676,-4.156911473852116],[-45.38354929900604,-4.14792730269695],[-45.38353264920591,-4.138943128570076],[-45.38351600103998,-4.129958953284324],[-45.383499351803756,-4.120974775940685],[-45.38348270419903,-4.11199059654224],[-45.38346605642233,-4.103006414189567],[-45.38344940847338,-4.094022230696377],[-45.3834327612516,-4.0850380451619195],[-45.38341611475583,-4.07605385759058],[-45.383399468084036,-4.0670696679871625],[-45.383382822136014,-4.058085476355628],[-45.38336617691061,-4.049101282700316],[-45.38334953150583,-4.040117087026045],[-45.38333288682141,-4.031132889336778],[-45.38331624195537,-4.022148689637283],[-45.38329959780744,-4.013164487931522],[-45.3832829543765,-4.004180284223873],[-45.383266310760554,-3.9951960785191485],[-45.383249667859765,-3.9862118717259336],[-45.38323302477133,-3.977227662039708],[-45.383216382395354,-3.9682434503690955],[-45.3831997407307,-3.959259236718487],[-45.38318309887588,-3.9502750219973075],[-45.38316645772971,-3.941290804400201],[-45.38314981729146,-3.932306584836227],[-45.38313317665966,-3.9233223642148105],[-45.38311653673313,-3.914338140730597],[-45.38309989661081,-3.9053539161977224],[-45.38308325719148,-3.896369688810789],[-45.38306661757412,-3.8873854603839297],[-45.3830499795582,-3.87840122911139],[-45.3830333404413,-3.869416996808071],[-45.38301670292356,-3.8604327616678114],[-45.383000065203284,-3.8514485255051367],[-45.38298342727895,-3.8424642874197734],[-45.382966790950356,-3.8334800465105867],[-45.382950153515196,-3.824495804592523],[-45.3829335176739,-3.8155115607640973],[-45.38291688162404,-3.80652731503046],[-45.382900246264725,-3.797543066490937],[-45.382883610694996,-3.788558816959663],[-45.382866975813954,-3.7795745655359125],[-45.382850340719855,-3.770590312224499],[-45.38283370631217,-3.76160605702937],[-45.382817072589766,-3.752621799954922],[-45.38280043955148,-3.743637541005554],[-45.38278380629564,-3.7346532801860057],[-45.38276717282112,-3.7256690175006733],[-45.38275054092788,-3.716684752953168],[-45.38273390791316,-3.7077004865490144],[-45.38271727647745,-3.698716218291437],[-45.38270064481854,-3.6897319481856137],[-45.382684013836204,-3.6807476771401744],[-45.38266738262804,-3.671763403350579],[-45.38265075209381,-3.662779127725459]]]},"properties":{"id_fluxo":101,"agrupamento":"Santa Inês","origem_aproximada":"Lagoa Grande do Maranhão","destino_aproximado":"Santa Inês","comprimento_m":146978.4}},{"type":"Feature","geometry":{"type":"MultiLineString","coordinates":[[[-47.03737258563217,-6.189882120791791],[-47.04220657910619,-6.1822878239755985],[-47.04704043384775,-6.174693481467391],[-47.051874151884384,-6.167099092522977],[-47.056707731637346,-6.159504658220046],[-47.06154117422732,-6.151910176913813],[-47.066374479885646,-6.14431565057909],[-47.0712076479299,-6.136721078482029],[-47.07604067948418,-6.129126459881833],[-47.08087357477626,-6.1215317958492435],[-47.08570633312724,-6.113937086554475],[-47.0905389556611,-6.10634233125667],[-47.0953714407958,-6.098747530129593],[-47.10020379146856,-6.09115268423336],[-47.1050360051907,-6.08355779284121],[-47.1098680839892,-6.075962855208752],[-47.1147000271922,-6.068367873314199],[-47.119531835016886,-6.060772845516205],[-47.12436350769099,-6.053177772885417],[-47.12919504543871,-6.045582655588481],[-47.13402644847716,-6.037987491984033],[-47.13885771703755,-6.03039228404671],[-47.14368885043753,-6.022797031042705],[-47.14851985071078,-6.015201734035497],[-47.15335071626833,-6.007606391390854],[-47.15818144733436,-6.000011003275378],[-47.16301204594596,-5.992415571656521],[-47.16784251051422,-5.984820094900045],[-47.172672841263264,-5.977224573172513],[-47.17750303932362,-5.969629007540933],[-47.18233310401288,-5.962033397271491],[-47.187163036454415,-5.954437741623194],[-47.19199283597654,-5.946842042574104],[-47.1968225027997,-5.939246299386846],[-47.20165203714434,-5.931650511323988],[-47.20648143923807,-5.924054679456038],[-47.21131071020405,-5.9164588030419605],[-47.216139848464316,-5.908862883159471],[-47.22096885513842,-5.901266918163574],[-47.22579773045751,-5.89367091002869],[-47.23062647464193,-5.886074858017377],[-47.235455087915604,-5.878478762296138],[-47.240283570498846,-5.870882622127525],[-47.245111921716486,-5.863286438585581],[-47.24994014179245,-5.855690211836819],[-47.25476823274871,-5.848093940232595],[-47.25959619210843,-5.840497625758104],[-47.26442402280339,-5.832901268568936],[-47.269251722342325,-5.825304867034613],[-47.27407929275794,-5.817708422218215],[-47.27890673337146,-5.810111934289843],[-47.28373404440308,-5.802515402512022],[-47.288561226982814,-5.7949188279514585],[-47.2933882804319,-5.787322210778204],[-47.298215204064306,-5.779725549354549],[-47.30304199991616,-5.772128845647393],[-47.307868666402584,-5.76453209892656],[-47.31269520555229,-5.7569353093511415],[-47.31752161578042,-5.749338476190937],[-47.322347898220485,-5.741741601416507],[-47.32717405308523,-5.734144682482517],[-47.332000079706944,-5.726547722270707],[-47.33682597920072,-5.718950718232115],[-47.34165175179759,-5.711353672340855],[-47.34647739681517,-5.703756583863099],[-47.35130291447717,-5.696159452965204],[-47.356128305905905,-5.688562278905945],[-47.36095357043004,-5.680965063663128],[-47.365778709164466,-5.673367804687734],[-47.37060372053928,-5.665770504865128],[-47.375428606575305,-5.658173162546481],[-47.38025336659385,-5.650575777901825],[-47.38507800081853,-5.64297835109745],[-47.389902509472904,-5.635380882299681],[-47.39472689278056,-5.627783371674814],[-47.39955115006287,-5.6201858193928285],[-47.40437528334405,-5.612588224708768],[-47.409199291046995,-5.604990588700171],[-47.41402317429369,-5.597392910625731],[-47.418846933311364,-5.589795191555592],[-47.423670567413964,-5.582197429852039],[-47.42849407683243,-5.574599627489007],[-47.43331746359077,-5.567001783721447],[-47.438140725202416,-5.5594038978229525],[-47.44296386369876,-5.551805970856169],[-47.44778687930322,-5.544208002987263],[-47.452609770431444,-5.536609993486144],[-47.45743253911468,-5.529011943415378],[-47.46225518466683,-5.521413851137271],[-47.46707770731883,-5.513815718625646]]]},"properties":{"id_fluxo":102,"agrupamento":"Imperatriz","origem_aproximada":"Lajeado Novo","destino_aproximado":"Imperatriz","comprimento_m":88656.1}},{"type":"Feature","geometry":{"type":"MultiLineString","coordinates":[[[-44.466692157149645,-4.520039842679887],[-44.4578587618369,-4.519073118362158],[-44.44902538915068,-4.518106285517499],[-44.440192040196195,-4.517139346025114],[-44.431358715179975,-4.5161722981449985],[-44.422525413405076,-4.515205142850385],[-44.413692134175236,-4.514237880209778],[-44.40485887949915,-4.513270509389275],[-44.39602564777842,-4.512303031361361],[-44.38719243921821,-4.511335446195275],[-44.37835925402441,-4.510367753055693],[-44.369526092402175,-4.509399952011904],[-44.36069295365449,-4.5084320440370576],[-44.35185983888866,-4.507464028296633],[-44.34302674740845,-4.5064959048591335],[-44.3341936794182,-4.505527674698526],[-44.325360634222456,-4.504559336978638],[-44.31652761292777,-4.503590891769678],[-44.30769461483788,-4.502622339140112],[-44.29886164015704,-4.5016536800638995],[-44.290028689092146,-4.500684912801154],[-44.281195760946076,-4.499716038324977],[-44.272362856825325,-4.49874705670559],[-44.2635299751323,-4.4977779680105945],[-44.25469711697441,-4.496808771405594],[-44.24586428255493,-4.495839468769217],[-44.23703147117948,-4.494870058360688],[-44.22819868305225,-4.493900541153973],[-44.21936591928065,-4.492930916314869],[-44.21053317736482,-4.491961184814415],[-44.201700460214866,-4.490991345820387],[-44.19286776533092,-4.490021400303798],[-44.18403509382042,-4.489051347430449],[-44.17520244588746,-4.488081188174373],[-44.1663698217392,-4.48711092079579],[-44.15753721977502,-4.486140548075854],[-44.1487046420058,-4.48517006737229],[-44.139872087734254,-4.484199479658089],[-44.13103955626314,-4.483228785906213],[-44.12220704870099,-4.482257984378021],[-44.11337456344926,-4.481287076045393],[-44.10454210251456,-4.480316061884524],[-44.09570966430155,-4.479344940153543],[-44.08687724901427,-4.478373711826481],[-44.0780448577591,-4.477402376973922],[-44.06921248983984,-4.476430935664241],[-44.060380144561464,-4.475459387061203],[-44.051547823029175,-4.474487732140015],[-44.042715524547994,-4.473515970064451],[-44.033883249321825,-4.472544101808554],[-44.025050997555766,-4.471572127441865],[-44.01621876945608,-4.470600046129313],[-44.00738656432664,-4.469627857939266],[-43.99855438237128,-4.468655563845726],[-43.98972222379758,-4.4676831621091875],[-43.98089008790566,-4.46671065551154],[-43.97205797580559,-4.465738041409955],[-43.96322588770122,-4.464765320778555],[-43.95439382199387,-4.463792494588858],[-43.94556177979243,-4.462819561102638],[-43.93672976039817,-4.461846522197231],[-43.92789776401879,-4.460873376133133],[-43.91906579175931,-4.45990012388578],[-43.91023384292222,-4.458926766427957],[-43.9014019168154,-4.457953301114345],[-43.89257001363994,-4.456979730728081]]]},"properties":{"id_fluxo":103,"agrupamento":"Codó","origem_aproximada":"Lima Campos","destino_aproximado":"Codó","comprimento_m":64077.9}},{"type":"Feature","geometry":{"type":"MultiLineString","coordinates":[[[-45.13894962271603,-7.0864018013933405],[-45.14706256628854,-7.090375636262898],[-45.155175648509854,-7.094349328653016],[-45.16328887114513,-7.098322879226783],[-45.17140223143075,-7.102296285935043],[-45.17951573203811,-7.106269551249699],[-45.18762937201505,-7.110242674025544],[-45.19574315040929,-7.114215653117518],[-45.20385706898642,-7.118188490093095],[-45.21197112769976,-7.122161183806785],[-45.22008532559778,-7.12613373492267],[-45.22819966263366,-7.130106142295249],[-45.236314140573235,-7.1340784074919394],[-45.244428757557934,-7.13805052846352],[-45.25254351444795,-7.142022506777845],[-45.26065841210208,-7.145994341288865],[-45.26877344956877,-7.149966032660775],[-45.27688862680163,-7.15393758065268],[-45.28500394465936,-7.157908984118535],[-45.29311940309663,-7.161880244626586],[-45.30123500206647,-7.165851361031326],[-45.3093507415224,-7.16982233309182],[-45.317466620512874,-7.173793161472355],[-45.32558264170853,-7.177763845930179],[-45.3336988023458,-7.181734386226217],[-45.341815104189585,-7.18570478211832],[-45.3499315471941,-7.189675034270087],[-45.35804813131216,-7.1936451415360265],[-45.36616485559218,-7.197615104580503],[-45.37428172179916,-7.20158492316115],[-45.38239872898004,-7.205554596133202],[-45.390515877089776,-7.209524125064881],[-45.39863316698762,-7.213493509714478],[-45.406750597719615,-7.2174627480327445],[-45.414868171053165,-7.2214318424908],[-45.42298588512932,-7.225400791944792],[-45.43110374080641,-7.229369595248419],[-45.43922173804039,-7.2333382548744085],[-45.447339877687874,-7.23730676786731],[-45.45545815879814,-7.2412751357961485],[-45.46357658223041,-7.2452433584191],[-45.4716951470322,-7.249211435496169],[-45.47981385406268,-7.253179366785461],[-45.48793270418102,-7.257147152045081],[-45.496051695529836,-7.261114791940564],[-45.50417082987414,-7.265082286229015],[-45.51229010626037,-7.269049633765931],[-45.52040952464386,-7.273016836119484],[-45.528529085881694,-7.276983891238601],[-45.5366487899292,-7.280950800691415],[-45.54476863673971,-7.284917564236973],[-45.55288862626537,-7.28888418072977],[-45.5610087593664,-7.292850650832286],[-45.56912903418537,-7.296816975210363],[-45.57724945248504,-7.300783151811689],[-45.58537001422092,-7.304749182204393],[-45.5934907184403,-7.308715066148673],[-45.601611566907046,-7.312680802496638],[-45.609732557763635,-7.316646391914313],[-45.61785369187042,-7.320611835064024],[-45.62597497008405,-7.324577129894516],[-45.634096391454186,-7.328542277975134],[-45.642217956839964,-7.3325072790636305],[-45.650339666194526,-7.336472132919009],[-45.65846151856501,-7.340436839301631],[-45.666583514809176,-7.344401397064686],[-45.67470565488411,-7.3483658086807635],[-45.68282793964486,-7.352330071193955],[-45.690950368142616,-7.356294187078214],[-45.69907294032766,-7.360258154283529],[-45.70719565706046,-7.364221973472055],[-45.7153185182955,-7.368185645307279],[-45.72344152398438,-7.372149168643702],[-45.73156467408011,-7.376112543240351],[-45.73968796853867,-7.380075770665237],[-45.74781140731009,-7.384038848868371],[-45.7559349912549,-7.388001778511769],[-45.76405871942155,-7.391964560260455],[-45.77218259266757,-7.395927192967391],[-45.780306610945864,-7.3998896763915765],[-45.788430774212586,-7.403852012100989],[-45.79655508241748,-7.4078141980456325],[-45.8046795355167,-7.411776235793534],[-45.812804134366,-7.415738123293014],[-45.82092887801712,-7.419699863018226],[-45.82905376732577,-7.4236614529174965],[-45.83717880134039,-7.427622893656001],[-45.84530398182611,-7.431584184989302],[-45.85342930782967,-7.4355453266781],[-45.86155477839776,-7.4395063184831205],[-45.86968039620343,-7.443467161062582],[-45.87780615848108,-7.4474278541807335],[-45.885932067900185,-7.451388396686721],[-45.89405812260488,-7.455348790152079],[-45.90218432345232,-7.459309033429473],[-45.910310670395255,-7.463269126277883],[-45.91843716338837,-7.467229069360742],[-45.926563802384415,-7.471188862437028],[-45.93469058824045,-7.475148504359324],[-45.942817520006855,-7.479107996697429],[-45.95094459854066,-7.4830673383039255],[-45.959071823796535,-7.487026529842206],[-45.96719919572525,-7.490985570166759],[-45.975326714281486,-7.494944459940998],[-45.98345437941792,-7.49890319892387],[-45.99158219199352,-7.502861786872281],[-45.999710151054664,-7.506820223547235],[-46.007838256556084,-7.5107785096121145],[-46.01596651026298,-7.514736644821721],[-46.02409491031547,-7.518694628939132],[-46.03222345757033,-7.522652460816803],[-46.040352152890705,-7.526610142020343]]]},"properties":{"id_fluxo":104,"agrupamento":"Balsas","origem_aproximada":"Loreto","destino_aproximado":"Balsas","comprimento_m":110764.7}},{"type":"Feature","geometry":{"type":"MultiLineString","coordinates":[[[-45.89840264081726,-1.3304011984029607],[-45.89337624617883,-1.3378346904128975],[-45.88834982120061,-1.3452681721771589],[-45.883323365668765,-1.3527016426157181],[-45.87829687937008,-1.3601351024578283],[-45.87327036298956,-1.3675685506231277],[-45.86824381541517,-1.3750019878411464],[-45.863217236433734,-1.3824354148411382],[-45.858190626729886,-1.3898688296381132],[-45.85316398519194,-1.3973022338662229],[-45.84813731160603,-1.404735626445473],[-45.843110606657795,-1.412169008104735],[-45.83808387013338,-1.4196023777639575],[-45.83305710092074,-1.4270357361527193],[-45.828030299705176,-1.434469083095263],[-45.82300346627318,-1.4419024184161775],[-45.81797660041118,-1.449335741940046],[-45.81294970100713,-1.4567690543964116],[-45.807922768745996,-1.464202354704914],[-45.802895804313145,-1.4716356426897745],[-45.797868805697576,-1.4790689190808903],[-45.79284177358463,-1.4865021837024794],[-45.78781470865962,-1.4939354363788275],[-45.78278760891125,-1.5013686769351577],[-45.77776047592373,-1.5088019051953605],[-45.772733308584606,-1.5162351209843468],[-45.76770610668065,-1.523668325031342],[-45.76267887089688,-1.5311015162559352],[-45.75765160012113,-1.5385346953876553],[-45.752624295038764,-1.545967862250763],[-45.74759695453699,-1.5534010157654636],[-45.742569578402836,-1.5608341575656413],[-45.737542167321344,-1.568267286570873],[-45.732514721079276,-1.575700403510382],[-45.72748723946241,-1.5831335063994119],[-45.72245972135918,-1.590566597776781],[-45.7174321674543,-1.597999675657442],[-45.71240457753451,-1.605432740770563],[-45.70737695138591,-1.6128657920360916],[-45.70234928879554,-1.6202988310878301],[-45.69732158865051,-1.6277318568460188],[-45.69229385253547,-1.6351648700392303],[-45.68726607933755,-1.6425978695876318],[-45.682238268843165,-1.6500308553157959],[-45.677210421738266,-1.6574638288572672],[-45.67218253601071,-1.6648967882278702],[-45.667154613245124,-1.6723297341561794],[-45.66212665232894,-1.679762666467053],[-45.65709865394752,-1.6871955849847178],[-45.65207061698855,-1.694628490438654],[-45.64704254123812,-1.702061381748727],[-45.64201442828091,-1.7094942596435372],[-45.63698627520625,-1.7169271239485024],[-45.63195808449728,-1.7243599735825899],[-45.626929854142915,-1.7317928101802564],[-45.621901584827945,-1.739225631756371],[-45.61687327544029,-1.7466584399450822],[-45.611844927564384,-1.7540912345703312],[-45.60681653918792,-1.7615240136478862],[-45.601788110997155,-1.7689567797159549],[-45.596759643676926,-1.776389530789432],[-45.59173113521575,-1.7838222675980815],[-45.5867025871981,-1.7912549899658117],[-45.58167399761217,-1.798687697717723],[-45.576645368042726,-1.8061203915824147],[-45.57161669827554,-1.8135530695750242],[-45.56658798629963,-1.8209857342346656],[-45.56155923369892,-1.828418383575896],[-45.55653043936094,-1.8358510183281895],[-45.55150160397081,-1.8432836374110795],[-45.54647272641632,-1.8507162424586934],[-45.5414438073826,-1.8581488323905482],[-45.53641484575685,-1.8655814070314423],[-45.53138584222476,-1.873013967110232],[-45.52635679657236,-1.8804465115467208],[-45.521327707687114,-1.8878790410703798],[-45.51629857625443,-1.8953115555053826],[-45.51126940295947,-1.9027440537712716],[-45.50624018579079,-1.9101765375024304],[-45.501210925433554,-1.9176090056183808],[-45.496181621674026,-1.9250414579435762],[-45.4911522742985,-1.9324738943025224],[-45.48612288309351,-1.9399063154243374],[-45.481093447845325,-1.947338721133507],[-45.476063969239355,-1.954771111254237],[-45.471034446162726,-1.962203485611249],[-45.46600487840144,-1.9696358431243146],[-45.460975265742256,-1.977068185427266],[-45.455945608870344,-1.9845005114396206],[-45.45091590757221,-1.9919328218905246],[-45.44588615983548,-1.99936511570022],[-45.440856368144225,-2.00679739359714],[-45.43582653048627,-2.0142296554061914],[-45.43079664754706,-2.021661900951612],[-45.42576671821338,-2.0290941291533753],[-45.42073674317115,-2.036526341645053],[-45.41570672220657,-2.0439585382511196],[-45.41067665510564,-2.051390717891306],[-45.405646541654576,-2.0588228803900295],[-45.40061638074059,-2.0662550264766817],[-45.395586173948345,-2.073687155975221],[-45.390555920164815,-2.0811192687103053],[-45.38552561917641,-2.08855136541106],[-45.3804952707689,-2.0959834440925165],[-45.37546487472889,-2.103415506388508],[-45.37043443174162,-2.110847551218507],[-45.365403940694236,-2.118279579311883],[-45.36037340137289,-2.125711590493019],[-45.35534281356356,-2.1331435836816595],[-45.3503121779521,-2.1405755605113908],[-45.34528149432427,-2.148007518997229],[-45.34025076156733,-2.1554394607732035],[-45.335219980366574,-2.1628713847588],[-45.330189149609005,-2.170303291683324],[-45.325158270879406,-2.1777351813707835],[-45.320127341265795,-2.185167052741463],[-45.31509636325243,-2.1925989065238953],[-45.31006533572613,-2.2000307425426553],[-45.30503425757372,-2.2074625606223233],[-45.300003130380155,-2.2148943614916217],[-45.2949719521327,-2.222326144070619],[-45.28994072441615,-2.229757908183324],[-45.2849094452183,-2.2371896554639017],[-45.27987811612357,-2.2446213839269573],[-45.27484673601873,-2.252053093397045],[-45.26981530558958,-2.2594847855077815],[-45.264783822823325,-2.266916459179194],[-45.25975228930492,-2.2743481151400236],[-45.25472070482032,-2.281779752309907],[-45.24968906735685,-2.289211370513566],[-45.24465737939885,-2.296642970479597],[-45.23962563893366,-2.304074552032664],[-45.23459384574733,-2.3115061149971234],[-45.22956200052514,-2.3189376582924934],[-45.224530103053475,-2.3263691835525484],[-45.21949815311836,-2.333800690601612],[-45.214466150505714,-2.3412321783593817],[-45.20943409410215,-2.3486636466503112],[-45.204401984593275,-2.356095096203316],[-45.19936982266452,-2.3635265268426306],[-45.19433760630309,-2.370957938392843],[-45.189305336194394,-2.3783893306781785],[-45.18427301302391,-2.3858207035228545],[-45.179240634778765,-2.393252056751434],[-45.17420820304397,-2.40068339109272],[-45.169175716706064,-2.4081147063711956],[-45.16414317645041,-2.4155460015063364],[-45.15911058026416,-2.4229772772273965],[-45.154077930631715,-2.4304085333583965],[-45.14904522464064,-2.4378397697239707],[-45.144012463875846,-2.4452709861482167],[-45.13897964812341,-2.4527021833601994],[-45.1339467771692,-2.4601333602794755],[-45.128913849899796,-2.4675645176352106],[-45.12388086610111,-2.474995655251676],[-45.118847827358024,-2.482426772048313],[-45.11381473165764,-2.489857869659018],[-45.108781579685235,-2.4972889460985703],[-45.10374837212643,-2.5047200030006413],[-45.09871510696802,-2.5121510392849626],[-45.09368178489552,-2.519582055680467],[-45.08864840569479,-2.527013051106719]]]},"properties":{"id_fluxo":105,"agrupamento":"Pinheiro","origem_aproximada":"Luís Domingues","destino_aproximado":"Pinheiro","comprimento_m":160016.9}},{"type":"Feature","geometry":{"type":"MultiLineString","coordinates":[[[-45.96084520411283,-2.0474612412621847],[-45.952990072640404,-2.051783839128537],[-45.94513489893087,-2.0561063978756113],[-45.937279682101035,-2.060428918162558],[-45.929424423963496,-2.0647513979331538],[-45.92156912273699,-2.069073839656247],[-45.913713779335005,-2.0733962412761535],[-45.905858393774004,-2.0777186043561238],[-45.89800296427005,-2.0820409268419833],[-45.89014749353705,-2.086363210295456],[-45.88229197889297,-2.0906854544721036],[-45.874436421251865,-2.0950076582208332],[-45.866580820629665,-2.0993298222002887],[-45.858725177041805,-2.103651946164525],[-45.85086948960502,-2.107974030772659],[-45.84301376013261,-2.1122960748731607],[-45.83515798594247,-2.116618078221528],[-45.8273021688489,-2.1209400414754387],[-45.81944630796862,-2.1252619652940665],[-45.811590403316096,-2.1295838476221713],[-45.80373445580696,-2.1339056900226283],[-45.79587846365822,-2.1382274922503846],[-45.788022426884865,-2.142549253154884],[-45.78016634730123,-2.146870973393859],[-45.77231022312436,-2.15119265272229],[-45.76445405436967,-2.155514290894242],[-45.75659784195234,-2.1598358885679323],[-45.7487415840889,-2.164157444593698],[-45.74088528259417,-2.1684789605339567],[-45.733028936583494,-2.1728004343339546],[-45.7251725460728,-2.1771218666523726],[-45.71731611017872,-2.1814432581483474],[-45.70945962981558,-2.1857646076708783],[-45.7016031041,-2.1900859158791004],[-45.69374653394674,-2.1944071825266356],[-45.685889918472,-2.1987284073679727],[-45.67803325769127,-2.203049590157188],[-45.67017655162046,-2.207370731553002],[-45.66231980027463,-2.211691830404808],[-45.6544630036697,-2.21601288737135],[-45.64660616092188,-2.220333902207093],[-45.63874927294593,-2.2246548746656916],[-45.630892338858075,-2.2289758045016272],[-45.623035359573514,-2.233296692373242],[-45.615178334208075,-2.2376175371303186],[-45.607321262777994,-2.241938340336272],[-45.59946414529805,-2.246259099935829],[-45.59160698088518,-2.2505798174927993],[-45.58374977135316,-2.2549004918558224],[-45.57589251491926,-2.2592211236843927],[-45.56803521249793,-2.2635417118275565],[-45.560177863206114,-2.267862257849073],[-45.55232046705895,-2.2721827605983798],[-45.544463024071646,-2.276503218924846],[-45.53660553516009,-2.2808236352962523],[-45.52874799854046,-2.2851440076580096],[-45.520890415127965,-2.2894643366685328],[-45.51303278493815,-2.293784622081911],[-45.505175107087204,-2.298104863652533],[-45.49731738249035,-2.3024250620388718],[-45.48945961026347,-2.306745216090636],[-45.48160179132177,-2.311065326466262],[-45.47374392388179,-2.315385392015803],[-45.46588600975842,-2.319705414302067],[-45.45802804716846,-2.3240253930797765],[-45.45017003702656,-2.3283453271980004],[-45.44231197934829,-2.332665216410861],[-45.4344538741495,-2.336985061377124],[-45.42659571964699,-2.341304861851434],[-45.41873751765538,-2.3456246184920087],[-45.41087926729058,-2.349944330148527],[-45.403020969467576,-2.354263996574813],[-45.3951626224034,-2.358583618430174],[-45.3873042270133,-2.3629031963731486],[-45.37944578331235,-2.367222728348426],[-45.371587290416976,-2.3715422150150376],[-45.36372874924244,-2.3758616570315247],[-45.3558701589049,-2.3801810541522204],[-45.34801152031917,-2.384500405226304],[-45.34015283170242,-2.388819711817705],[-45.332294094868686,-2.393138971870666],[-45.324435308035135,-2.3974581869491196],[-45.31657647301627,-2.401777356806745],[-45.308717588028586,-2.406096480293346],[-45.300858653087914,-2.4104155580677253],[-45.292999669109506,-2.4147345907884574],[-45.28514063610861,-2.419053576400242],[-45.27728155230231,-2.4233725164669737],[-45.26942241950515,-2.427691410742354],[-45.26156323593365,-2.432010258076155],[-45.253704003402724,-2.4363290600315057],[-45.24584472012873,-2.440647814553442],[-45.2379853870271,-2.4449665232053115],[-45.23012600321402,-2.4492851857413545],[-45.22226656960441,-2.45360380101082],[-45.214407085314626,-2.4579223696726626],[-45.206547550360305,-2.462240891480955],[-45.198687964757234,-2.466559367094515],[-45.190828328520915,-2.470877795362712],[-45.18296864166703,-2.4751961760396592],[-45.175108904211356,-2.479514509784144],[-45.167249115270174,-2.4838327972551055],[-45.15938927575842,-2.4881510363971024],[-45.15152938479247,-2.4924692287737438],[-45.143669442387896,-2.4967873732344246],[-45.135809449459984,-2.50110547043785],[-45.127949404225376,-2.505423520138289],[-45.120089307599265,-2.509741522089769],[-45.11222915959734,-2.5140594760463517],[-45.10436896023536,-2.5183773826668436],[-45.096508708629415,-2.522695240800733],[-45.08864840569479,-2.527013051106719]]]},"properties":{"id_fluxo":106,"agrupamento":"Pinheiro","origem_aproximada":"Maracaçumé","destino_aproximado":"Pinheiro","comprimento_m":110523.0}},{"type":"Feature","geometry":{"type":"MultiLineString","coordinates":[[[-45.453997093556204,-4.621899521497445],[-45.453329479052414,-4.612935922070203],[-45.452661881434274,-4.603972319927705],[-45.451994300652096,-4.595008714173272],[-45.45132673665795,-4.586045106624154],[-45.45065918940157,-4.577081495479033],[-45.44999165793296,-4.5681178816511],[-45.44932414400603,-4.559154265147153],[-45.44865664576817,-4.550190645071677],[-45.44798916407291,-4.541227023241343],[-45.447321699771486,-4.5322633978542735],[-45.44665425101251,-4.523299769824209],[-45.44598681954978,-4.514336139157973],[-45.44531940353082,-4.50537250496003],[-45.44465200471053,-4.496408869046512],[-45.443984621235906,-4.487445229617198],[-45.443317254861256,-4.478481587583603],[-45.442649904635594,-4.469517942049597],[-45.44198257051096,-4.460554294832456],[-45.44131525243721,-4.451590644130824],[-45.44064795036587,-4.442626990857347],[-45.43998066424789,-4.433663335019974],[-45.43931339493503,-4.424699675721491],[-45.438646141477456,-4.415736013875051],[-45.43797890382615,-4.4067723494886435],[-45.43731168193208,-4.397808682570199],[-45.436644475746256,-4.388845013127723],[-45.43597728612037,-4.379881340263988],[-45.43531011210467,-4.370917664892142],[-45.4346429545514,-4.361953987019634],[-45.43397581250977,-4.352990305750322],[-45.4333086859313,-4.344026621996793],[-45.432641574767004,-4.335062935767052],[-45.431974479869076,-4.326099247068534],[-45.431307400286805,-4.317135555005074],[-45.43064033687289,-4.308171860488787],[-45.42997328867716,-4.299208163528152],[-45.429306256551804,-4.290244464130652],[-45.42863923954615,-4.281280761400076],[-45.42797223851287,-4.272317056248584],[-45.42730525250184,-4.263353348684631],[-45.4266382814636,-4.254389637811537],[-45.42597132715192,-4.2454259245409265],[-45.42530438771558,-4.236462208881794],[-45.4246374631056,-4.2274984908420725],[-45.42397055417364,-4.218534769524621],[-45.42330365997016,-4.209571045842547],[-45.422636782247814,-4.200607318898181],[-45.4219699191565,-4.191643590509799],[-45.42130307064632,-4.182679858876074],[-45.420636237569354,-4.1737161240044545],[-45.41996941987761,-4.164752387712272],[-45.419302617521176,-4.155788648198168],[-45.41863583045157,-4.146824906374781],[-45.4179690577184,-4.137861161345902],[-45.417302300174185,-4.1288974140236885],[-45.41663555776999,-4.119933664416118],[-45.41596882955545,-4.110969911626999],[-45.41530211728402,-4.102006156568005],[-45.414635419104876,-4.093042399248035],[-45.413968735869574,-4.084078638769974],[-45.413302067529635,-4.075114876046459],[-45.41263541403617,-4.066151111085433],[-45.41196877534023,-4.057187343894892],[-45.411302151392455,-4.048223573578171],[-45.41063554214395,-4.039259800143231],[-45.40996894754624,-4.030296024502711],[-45.40930236664958,-4.021332246665044],[-45.40863580120677,-4.012368466637301],[-45.40796925026762,-4.003404683523251],[-45.40730271378367,-3.9944408982355566],[-45.40663619170603,-3.9854771107821763],[-45.40596968398536,-3.9765133202664122],[-45.405303190572795,-3.967549526696274],[-45.404636711420316,-3.9585857318890723],[-45.403970247378965,-3.9496219340429835],[-45.40330379659829,-3.9406581331668864],[-45.40263736083182,-3.9316943310772277],[-45.401970939128624,-3.9227305250683977],[-45.40130453144114,-3.913766717862408],[-45.40063813771963,-3.904802907657891],[-45.39997175881639,-3.895839095367079],[-45.3993053937814,-3.8868752800936868],[-45.39863904256623,-3.8779114627503772],[-45.3979727051216,-3.8689476424404803],[-45.39730638229979,-3.8599838200762058],[-45.396640073151225,-3.8510199956659426],[-45.39597377762667,-3.8420561683130394],[-45.39530749657835,-3.8330923389297262],[-45.39464122905633,-3.8241285066197035],[-45.393974975912855,-3.8151646722952237],[-45.39330873619844,-3.8062008359647024],[-45.39264250986382,-3.797236996731437],[-45.39197629776122,-3.78827315550767],[-45.39131009984138,-3.7793093113967147],[-45.39064391515526,-3.7703454653116353],[-45.38997774365365,-3.7613816163557456],[-45.389311586188725,-3.7524177654413093],[-45.388645441811086,-3.7434539125766846],[-45.38797931137207,-3.7344900568648143],[-45.387313194822866,-3.7255261983136707],[-45.386647091214506,-3.7165623378363084],[-45.385981001398726,-3.7075984754403146],[-45.38531492442578,-3.698634610229399],[-45.3846488620483,-3.689670743115452],[-45.38398281151595,-3.6807068741075994],[-45.38331677548104,-3.6717430023080193],[-45.38265075209381,-3.662779127725459]]]},"properties":{"id_fluxo":107,"agrupamento":"Santa Inês","origem_aproximada":"Marajá do Sena","destino_aproximado":"Santa Inês","comprimento_m":106315.3}},{"type":"Feature","geometry":{"type":"MultiLineString","coordinates":[[[-45.85752712796716,-2.2410739352790605],[-45.84917142315794,-2.2441842507776055],[-45.84081568353724,-2.2472945180703943],[-45.832459909210804,-2.2504047369575066],[-45.824104098485826,-2.2535149072399654],[-45.815748252368344,-2.2566250305265383],[-45.80739237096256,-2.2597351039033726],[-45.79903645347649,-2.262845129884908],[-45.79068050091413,-2.2659551064613774],[-45.782324513382235,-2.269065035242132],[-45.7739684891875,-2.2721749151235477],[-45.76561242933496,-2.2752847459051546],[-45.75725633393087,-2.27839452829165],[-45.7489002021812,-2.281504261178903],[-45.74054403509195,-2.2846139461757993],[-45.73218783186867,-2.2877235812735517],[-45.72383159261759,-2.290833167176867],[-45.71547531744493,-2.2939427045904446],[-45.70711900645602,-2.297052192409704],[-45.69876265885776,-2.3001616313397992],[-45.690406274755915,-2.3032710211807883],[-45.68204985515518,-2.306380360827635],[-45.673693399262426,-2.3094896509855283],[-45.66533690628455,-2.3125988923595835],[-45.65698037722624,-2.3157080838448088],[-45.64862381219331,-2.3188172252412813],[-45.6402672103926,-2.3219263172541704],[-45.63191057192993,-2.3250353596835187],[-45.62355389691069,-2.328144351424762],[-45.61519718544149,-2.3312532940873067],[-45.60684043762774,-2.334362186566582],[-45.59848365267588,-2.3374710286630656],[-45.59012683069174,-2.3405798201768575],[-45.58176997268124,-2.3436885627169706],[-45.57341307695073,-2.3467972542749376],[-45.56505614450576,-2.34990589555516],[-45.55669917545217,-2.353014486357706],[-45.548342168996385,-2.3561230264830724],[-45.539985126144,-2.3592315166356603],[-45.531628045201714,-2.362339955711606],[-45.523270928074474,-2.365448344414991],[-45.51491377306901,-2.3685566816419374],[-45.50655658119123,-2.3716649690015688],[-45.49819935164691,-2.3747732044849887],[-45.489842084542566,-2.3778813897016318],[-45.48148478088343,-2.380989524451333],[-45.47312743897623,-2.3840976076301623],[-45.464770059826236,-2.387205639037889],[-45.45641264353993,-2.3903136202840387],[-45.44805518932315,-2.3934215493596533],[-45.43969769728206,-2.3965294269695367],[-45.4313401675228,-2.399637253818519],[-45.42298260015098,-2.4027450288020087],[-45.41462499527275,-2.405852752624877],[-45.406267352094545,-2.4089604250874834],[-45.39790967162142,-2.412068045085033],[-45.38955195306009,-2.4151756133226057],[-45.38119419651671,-2.418283130505046],[-45.37283640119743,-2.4213905955280337],[-45.36447856900708,-2.424498008191211],[-45.35612069735345,-2.4276053692001685],[-45.34776278814108,-2.430712677449848],[-45.33940484147637,-2.4338199345498173],[-45.33104685566584,-2.436927138491274],[-45.322688831715304,-2.4400342908835446],[-45.31433076973046,-2.4431413906220723],[-45.305972668917974,-2.4462484384119194],[-45.29761452938354,-2.4493554331485683],[-45.28925635123329,-2.4524623755368196],[-45.28089813547264,-2.455569265376673],[-45.272539880408566,-2.458676102468676],[-45.26418158704645,-2.4617828866127773],[-45.25582325459278,-2.4648896176093387],[-45.24746488315365,-2.467996296163219],[-45.239106473734495,-2.4711029220744005],[-45.23074802464212,-2.4742094942386745],[-45.22238953778178,-2.4773160142653348],[-45.21403101056061,-2.480422480145565],[-45.2056724457834,-2.4835288934885003],[-45.197313840857426,-2.4866352531900526],[-45.18895519678829,-2.489741559954956],[-45.18059651458136,-2.492847812678552],[-45.17223779254371,-2.4959540120659613],[-45.16387903078141,-2.4990601588220924],[-45.155520230299736,-2.502166250937541],[-45.14716139030525,-2.505272289117357],[-45.13880251090407,-2.5083782740663936],[-45.13044359220215,-2.5114842055848507],[-45.12208463430541,-2.514590082568204],[-45.113725636420384,-2.5176959057214328],[-45.10536659955262,-2.520801674844625],[-45.09700752200904,-2.5239073897381457],[-45.08864840569479,-2.527013051106719]]]},"properties":{"id_fluxo":108,"agrupamento":"Pinheiro","origem_aproximada":"Maranhãozinho","destino_aproximado":"Pinheiro","comprimento_m":91142.7}},{"type":"Feature","geometry":{"type":"MultiLineString","coordinates":[[[-43.11634213784489,-3.6199530577490826],[-43.12404261155905,-3.615321965811401],[-43.131743007186024,-3.6106908084537586],[-43.13944332473869,-3.606059585025603],[-43.1471435642281,-3.6014282957805817],[-43.154843726567066,-3.5967969400700013],[-43.16254381086484,-3.592165519049874],[-43.17024381713245,-3.5875340329738674],[-43.17794374628274,-3.5829024811932095],[-43.18564359742856,-3.578270863055497],[-43.19334337237731,-3.57363918062643],[-43.201043069343676,-3.569007432347551],[-43.20874268923689,-3.5643756193785276],[-43.2164422320698,-3.5597437410687287],[-43.224141697853426,-3.55511179767175],[-43.231841086600554,-3.5504797885369763],[-43.239540399218775,-3.5458477157282404],[-43.24723963482263,-3.541215577688874],[-43.254938794323124,-3.536583374674208],[-43.262637876829686,-3.5319511078403703],[-43.27033688325506,-3.527318776538388],[-43.27803581361197,-3.5226863801175488],[-43.28573466790983,-3.5180539197357024],[-43.29343344616137,-3.5134213947421107],[-43.30113214837604,-3.5087888062946644],[-43.30883077456819,-3.5041561528382874],[-43.316529324745666,-3.4995234364351844],[-43.32422779982275,-3.4948906555319117],[-43.33192619981051,-3.490257810381973],[-43.339624523818514,-3.485624902141612],[-43.34732277185945,-3.4809919301601036],[-43.355020945744315,-3.4763588946941164],[-43.362719043685885,-3.4717257950897036],[-43.37041706749204,-3.467092633412158],[-43.378115015378675,-3.462459407198912],[-43.38581288915369,-3.4578261185152224],[-43.3935106879313,-3.4531927658043955],[-43.401208412619546,-3.4485593511301365],[-43.40890606233263,-3.4439258729357216],[-43.41660363708167,-3.4392923314746686],[-43.42430113867618,-3.4346587279077965],[-43.4319985653289,-3.4300250615812424],[-43.439695917952356,-3.4253913318456397],[-43.44739319655478,-3.420757540763178],[-43.45509040115021,-3.4161236867785734],[-43.462787531749775,-3.4114897701453413],[-43.470484588364634,-3.4068557911168975],[-43.47818157190583,-3.402221749948165],[-43.48587848238454,-3.397587646892579],[-43.49357531891198,-3.3929534822021394],[-43.501272081502094,-3.3883192543215697],[-43.50896877196172,-3.383684966220264],[-43.51666538850633,-3.3790506154356694],[-43.524361932945546,-3.374416203128405],[-43.53205840349204,-3.3697817286447282],[-43.53975480195546,-3.3651471931452153],[-43.547451126548495,-3.3605125959761364],[-43.55514737998073,-3.3558779382993875],[-43.562843559566254,-3.3512432185555254],[-43.57053966801466,-3.3466084379063528],[-43.57823570263869,-3.3419735956968912],[-43.585931666147964,-3.3373386930889164],[-43.59362755765506,-3.332703729430047],[-43.60132337627124,-3.3280687049724174],[-43.60901912380753,-3.323433619971949],[-43.61671479937646,-3.3187984737763396],[-43.624410402987984,-3.3141632675433828],[-43.632105934654525,-3.3095280006220253],[-43.63980139528721,-3.304892673266878],[-43.647496783997326,-3.300257285730065],[-43.65519210169721,-3.2956218373617148],[-43.662887348396836,-3.290986329319656],[-43.67058252410863,-3.286350760952768],[-43.67827762794389,-3.28171513251318],[-43.68597266171247,-3.2770794451611285],[-43.69366762452803,-3.2724436973397983],[-43.701362516401794,-3.2678078893025604],[-43.70905733734381,-3.2631720222071814],[-43.71675208826637,-3.258536095403702],[-43.724446768280785,-3.25390010914429],[-43.73214137829819,-3.249264063683412],[-43.739835918329824,-3.244627959274363],[-43.747530388389166,-3.2399917943615035],[-43.7552247875842,-3.2353555719104747],[-43.762919117729275,-3.230719289463357],[-43.77061337703477,-3.2260829481757076],[-43.778307567311685,-3.221446548303057],[-43.786001688572355,-3.2168100891941367],[-43.79369573902823,-3.2121735711001302],[-43.801389721389185,-3.207536995182005],[-43.80908363296788,-3.2029003607853737],[-43.816777476476254,-3.1982636672621605],[-43.82447125012475,-3.193626915768062],[-43.83216495572442,-3.188990106558427],[-43.83985859148881,-3.1843532380754174],[-43.84755215832702,-3.1797163123823786],[-43.85524565715221,-3.175079327924527],[-43.86293908707479,-3.170442285858639],[-43.87063244810602,-3.1658051864379817],[-43.87832574115902,-3.1611680281077073],[-43.886018966243114,-3.156530812930153],[-43.89371212247069,-3.1518935402530155],[-43.901405210752905,-3.147256210330556],[-43.90909823110199,-3.142618822511423],[-43.916791183529234,-3.1379813770488765],[-43.924484068045906,-3.1333438741961435],[-43.932176884662404,-3.128706315110964],[-43.93986963429171,-3.124068698238426],[-43.94756231604435,-3.1194310247353716],[-43.95525492993252,-3.1147932939504615],[-43.96294747686652,-3.110155507042361],[-43.970639956859394,-3.1055176624551626],[-43.9783323699207,-3.1008797622511923],[-43.98602471516367,-3.096241804873636],[-43.99371699439927,-3.0916037905774765],[-44.00140920583829,-3.0869657205187],[-44.00910135129259,-3.082327594047661],[-44.016793429873644,-3.077689411416715],[-44.02448544159278,-3.0730511728790373],[-44.03217738736199,-3.0684128777840702],[-44.03986926719178,-3.0637745272895525],[-44.047561080195266,-3.0591361198386977],[-44.05525282728199,-3.0544976574946627],[-44.06294450756431,-3.0498591396052146],[-44.07063612285396,-3.0452205655205544],[-44.07832767226245,-3.040581935493012],[-44.08601915580038,-3.035943250680372],[-44.09371057347984,-3.0313045104311787],[-44.10140192621201,-3.0266657149993756],[-44.10909321310844,-3.022026864637328],[-44.116784435081016,-3.01738795869437],[-44.1244755912413,-3.0127489974228756],[-44.13216668249972,-3.008109981981355],[-44.13985770976888,-3.0034709108144235],[-44.147548670360024,-2.9988317850776984],[-44.155239567883726,-2.9941926050271452],[-44.16293039965265,-2.9895533700091805],[-44.1706211665773,-2.98491408118225],[-44.17831186957018,-2.980274736990943],[-44.186002507741556,-2.9756353394969044],[-44.193693082003904,-2.970995887144721],[-44.201383592368614,-2.9663563801874964],[-44.209074037946635,-2.9617168197823096],[-44.216764419650424,-2.957077204373675],[-44.22445473749009,-2.9524375360239716],[-44.23214499147767,-2.9477978140816545],[-44.239835181625175,-2.943158037895205],[-44.24752530884378,-2.9385182077183525]]]},"properties":{"id_fluxo":109,"agrupamento":"Titara","origem_aproximada":"Mata Roma","destino_aproximado":"Rosário","comprimento_m":146552.4}},{"type":"Feature","geometry":{"type":"MultiLineString","coordinates":[[[-45.032382664839666,-3.0987011690157003],[-45.033262252579924,-3.08976860807528],[-45.0341418255101,-3.0808360459624704],[-45.035021383694,-3.0719034808785595],[-45.03590092719549,-3.062970912834224],[-45.036780456078525,-3.054038343649599],[-45.03765997040692,-3.0451057724306576],[-45.0385394702445,-3.0361731982833726],[-45.03941895565518,-3.027240622123177],[-45.04029842670278,-3.0183080439607473],[-45.04117788345114,-3.009375462902055],[-45.04205732596417,-3.0004428807672374],[-45.04293675430565,-2.991510295757546],[-45.04381616853944,-2.9825777087884107],[-45.04469556782951,-2.9736451198705294],[-45.045574954039424,-2.9647125281098505],[-45.046454325433295,-2.955779934421814],[-45.04733368297482,-2.946847338817109],[-45.04821302582799,-2.9379147413064346],[-45.04909235495647,-2.9289821419004807],[-45.049971670424064,-2.920049539705201],[-45.050850972294604,-2.9111169356360103],[-45.05173025973208,-2.902184329703659],[-45.05260953370009,-2.8932517210140616],[-45.0534887942625,-2.8843191104826342],[-45.05436804058329,-2.8753864981201285],[-45.05524727362608,-2.8664538839371616],[-45.056126492554824,-2.857521267039782],[-45.05700569833317,-2.8485886483433447],[-45.05788489012508,-2.8396560269538806],[-45.058764068894206,-2.8307234046914713],[-45.0596432338045,-2.8217907797574044],[-45.06052238491979,-2.8128581530671006],[-45.06140152320358,-2.8039255237264977],[-45.06228064871968,-2.794992892650996],[-45.063159759732386,-2.7860602598513844],[-45.06403885810493,-2.777127624433553],[-45.064917943001376,-2.768194987312951],[-45.065797015385236,-2.7592623485002052],[-45.066676074420556,-2.7503297080060918],[-45.06755512017104,-2.7413970649365798],[-45.06843415270049,-2.732464419302363],[-45.06931317207275,-2.7235317729235495],[-45.07019217925115,-2.7145991240013485],[-45.07107117339979,-2.7056664725465374],[-45.071950154582446,-2.696733819474501],[-45.07282912196323,-2.6878011647959705],[-45.07370807740522,-2.678868508521565],[-45.07458702007244,-2.669935849757304],[-45.07546595002862,-2.6610031885138636],[-45.076344867337575,-2.6520705257066646],[-45.07722377206302,-2.643137861346415],[-45.07810266426873,-2.6342051954437746],[-45.07898154401833,-2.62527252710476],[-45.07986041137559,-2.61633985634003],[-45.080739266404265,-2.607407184065004],[-45.08161810826851,-2.598474510290449],[-45.08249693793157,-2.589541834122257],[-45.083375756356816,-2.580609156475787],[-45.0842545609092,-2.571676477361912],[-45.08513335435115,-2.5627437958864325],[-45.08601213584676,-2.5538111120601013],[-45.08689090456025,-2.544878426798382],[-45.08776966145489,-2.5359457401119068],[-45.08864840569479,-2.527013051106719]]]},"properties":{"id_fluxo":110,"agrupamento":"Pinheiro","origem_aproximada":"Matinha","destino_aproximado":"Pinheiro","comprimento_m":63499.0}},{"type":"Feature","geometry":{"type":"MultiLineString","coordinates":[[[-43.20436058732283,-5.524011919632449],[-43.196148809062656,-5.520282233174757],[-43.187937134141855,-5.516552432753186],[-43.179725561724545,-5.512822518596841],[-43.17151409187727,-5.5090924909375865],[-43.163302723766925,-5.505362349100327],[-43.155091458359585,-5.501632094223863],[-43.14688029572453,-5.497901725635899],[-43.138669235025894,-5.494171243565548],[-43.13045827633299,-5.490440647340472],[-43.12224741970665,-5.486709939000908],[-43.11403666521898,-5.482979116970426],[-43.10582601293644,-5.479248181480909],[-43.09761546202034,-5.47551713366557],[-43.08940501344225,-5.471785972855002],[-43.081194666369214,-5.468054698374109],[-43.0729844208648,-5.464323311358954],[-43.0647742769954,-5.460591812041451],[-43.05656423483035,-5.456860199749358],[-43.0483542944331,-5.4531284756187635],[-43.0401444549737,-5.449396638070437],[-43.03193471741783,-5.445664688243349],[-43.02372508092966,-5.441932626366505],[-43.01551554557852,-5.438200451767737],[-43.007306110525676,-5.434468165580137],[-42.99909677764476,-5.430735767137492],[-42.99088754519782,-5.427003256665804],[-42.98267841415336,-5.4232706344000325],[-42.974469383678574,-5.41953789966508],[-42.96626045383681,-5.415805053596978],[-42.95805162559951,-5.412072095526667],[-42.9498428972288,-5.408339025680067],[-42.94163426969005,-5.404605845196285],[-42.933425742153574,-5.400872552496089],[-42.9252173155847,-5.3971391487186455],[-42.917008990052764,-5.39340563319191],[-42.9088007638169,-5.38967200704576],[-42.9005926378485,-5.3859382696112466],[-42.892384613115844,-5.38220442112351],[-42.884176687884306,-5.3784704609043406],[-42.87596886221702,-5.374736390089753],[-42.867761137082255,-5.371002208914932],[-42.85955351164736,-5.367267916704753],[-42.85134598597861,-5.36353351369128],[-42.84313856013906,-5.35979900101054],[-42.83493123420444,-5.356064376182586],[-42.82672400823144,-5.35232964215151],[-42.818516881390686,-5.348594797338192]]]},"properties":{"id_fluxo":111,"agrupamento":"Nazária (PI)","origem_aproximada":"Matões","destino_aproximado":"Timon","comprimento_m":46963.9}},{"type":"Feature","geometry":{"type":"MultiLineString","coordinates":[[[-44.5549604361568,-3.6295890172731435],[-44.551297921872305,-3.6213626199451356],[-44.54763547446727,-3.6131362063893033],[-44.54397309192915,-3.6049097767097646],[-44.54031077584755,-3.5966833301077195],[-44.53664852601028,-3.588456867592833],[-44.53298634040488,-3.580230389269129],[-44.529324220620914,-3.5720038943378625],[-44.52566216644672,-3.563777382903974],[-44.52200017767018,-3.5555508559771307],[-44.518338253179735,-3.5473243127571474],[-44.51467639276329,-3.5390977542536417],[-44.511014598010874,-3.5308711787631926],[-44.50735286781004,-3.522644587294948],[-44.50369120104837,-3.5144179808580422],[-44.50002959841556,-3.5061913577485946],[-44.49636806059986,-3.4979647189766654],[-44.49270658648937,-3.4897380646467524],[-44.4890451758725,-3.481511394863759],[-44.4853838285382,-3.473284708827998],[-44.48172254427444,-3.465058007549029],[-44.47806132377043,-3.4568312902276546],[-44.47440016681464,-3.4486045569687933],[-44.47073907229478,-3.4403778087815327],[-44.46707804090009,-3.4321510448666213],[-44.463417071518826,-3.4239242653285142],[-44.45975616483973,-3.4156974702726184],[-44.45609532065079,-3.407470660708507],[-44.45243453874156,-3.399243834931767],[-44.44877381890004,-3.3910169939520003],[-44.445113160015104,-3.382790136968927],[-44.44145256367466,-3.374563265897779],[-44.437792028768094,-3.3663363790336676],[-44.43413155598363,-3.3581094773866553],[-44.43047114331002,-3.34988256015592],[-44.4268107923362,-3.341655627447442],[-44.423150501950055,-3.333428680270205],[-44.41949027284088,-3.3252017178249944],[-44.41583010389713,-3.3169747402161827],[-44.412169995807034,-3.3087477484538055],[-44.40850994836027,-3.3005207408334614],[-44.404849960444835,-3.292293718364143],[-44.401190033649044,-3.284066682056457],[-44.39753016596242,-3.275839630204895],[-44.39387035807374,-3.267612562914855],[-44.39021060977058,-3.2593854821005355],[-44.38655092084271,-3.2511583860574733],[-44.38289129107881,-3.2429312748905463],[-44.379231721167095,-3.234704149609834],[-44.37557220999676,-3.226477009414947],[-44.371912757355965,-3.218249855315434],[-44.368253363934016,-3.2100226865120427],[-44.36459402862018,-3.2017955022044027],[-44.360934751202095,-3.1935683043066856],[-44.35727553326907,-3.1853410920201806],[-44.35361637280984,-3.1771138654486237],[-44.349957269613185,-3.1688866246968335],[-44.34629822526843,-3.1606593689661713],[-44.3426392377638,-3.152432099264947],[-44.33898030868805,-3.1442048156991484],[-44.3353214360306,-3.13597751746782],[-44.331662620479655,-3.1277502055810014],[-44.32800386272453,-3.1195228792394345],[-44.324345161654115,-3.111295538547383],[-44.32068651705667,-3.1030681845143055],[-44.31702792962152,-3.0948408163409415],[-44.313369398237576,-3.0866134341315576],[-44.30971092269372,-3.078386037990929],[-44.3060525036793,-3.0701586271198127],[-44.3023941400821,-3.0619312034317354],[-44.29873583349138,-3.0537037661280046],[-44.29507758189682,-3.045476314407628],[-44.291419385986615,-3.0372488492806253],[-44.2877612446504,-3.0290213699465487],[-44.284103159476196,-3.020793877416031],[-44.28044512935365,-3.0125663708886163],[-44.27678715317127,-3.004338851373145],[-44.27312923251825,-2.996111318070965],[-44.269471367183506,-2.9878837710868607],[-44.26581355515636,-2.979656210524395],[-44.26215579802539,-2.971428636489565],[-44.25849809467975,-2.963201049086524],[-44.25484044580822,-2.9549734484206667],[-44.25118285029997,-2.946745834596158],[-44.24752530884378,-2.9385182077183525]]]},"properties":{"id_fluxo":112,"agrupamento":"Titara","origem_aproximada":"Matões do Norte","destino_aproximado":"Rosário","comprimento_m":83679.0}},{"type":"Feature","geometry":{"type":"MultiLineString","coordinates":[[[-44.37109209035691,-6.369512589371669],[-44.36799755127995,-6.361078834174949],[-44.36490311219469,-6.352645056872209],[-44.36180877471148,-6.344211259352846],[-44.35871453773269,-6.335777439884688],[-44.35562040106152,-6.32734359945035],[-44.3525263645023,-6.318909738127876],[-44.34943242876457,-6.310475855091879],[-44.346338592747486,-6.302041951323837],[-44.34324485625659,-6.29360802599722],[-44.340151219999164,-6.285174080095765],[-44.337057682875574,-6.276740113696341],[-44.33396424650056,-6.268306125070184],[-44.330870907963124,-6.2598721170055365],[-44.327777669783124,-6.251438086870168],[-44.3246845299548,-6.24300403654895],[-44.32159148918892,-6.2345699643118895],[-44.31849854819158,-6.226135872047302],[-44.315405704960625,-6.217701758926322],[-44.312312960204515,-6.209267625028077],[-44.30922031463168,-6.20083347043176],[-44.306127766238966,-6.192399295213012],[-44.30303531663985,-6.183965098547606],[-44.29994296473391,-6.17553088141694],[-44.2968507112284,-6.167096644804723],[-44.29375855502772,-6.158662386074061],[-44.29066649683673,-6.150228108017826],[-44.28757453555872,-6.141793808903645],[-44.28448267190214,-6.133359488810705],[-44.281390904766745,-6.124925148720319],[-44.27829923576594,-6.116490787808296],[-44.275207662895774,-6.108056407054762],[-44.27211618686595,-6.0996220056342905],[-44.269024807481216,-6.09118758362487],[-44.26593352454637,-6.082753141104412],[-44.26284233786498,-6.074318679055427],[-44.25975124814795,-6.065884195747969],[-44.25666025339038,-6.0574496930666415],[-44.25356935520684,-6.049015169282712],[-44.25047855249611,-6.040580626282004],[-44.24738784596912,-6.032146062334553]]]},"properties":{"id_fluxo":113,"agrupamento":"Colinas","origem_aproximada":"Mirador","destino_aproximado":"Colinas","comprimento_m":39728.1}},{"type":"Feature","geometry":{"type":"MultiLineString","coordinates":[[[-44.5812699558351,-3.565874449852826],[-44.57704268036565,-3.55793399645457],[-44.57281547781256,-3.549993522777902],[-44.56858834705569,-3.5420530271467308],[-44.564361288773995,-3.534112511504492],[-44.56013430184657,-3.5261719759844046],[-44.55590738695403,-3.5182314189111943],[-44.55168054387542,-3.5102908413232177],[-44.54745377239019,-3.5023502433541083],[-44.543227071377515,-3.494409625137058],[-44.5390004415176,-3.486468985901509],[-44.53477388258954,-3.478528326685754],[-44.53054739437324,-3.470587646718759],[-44.526320977548046,-3.4626469470392767],[-44.522094630093385,-3.4547062268753694],[-44.517868353589314,-3.446765486361568],[-44.51364214691511,-3.438824725631042],[-44.50941600985032,-3.4308839448174266],[-44.50518994307474,-3.4229431440547695],[-44.50096394546815,-3.415002322571556],[-44.49673801770943,-3.4070614823112413],[-44.49251215867887,-3.3991206215975702],[-44.48828636905626,-3.3911797405646715],[-44.48406064862074,-3.383238840250792],[-44.47983499625219,-3.3752979198843907],[-44.4756094135301,-3.3673569805046877],[-44.47138389843471,-3.35941602043497],[-44.46715845164486,-3.351475041618663],[-44.462933072941155,-3.343534042380003],[-44.45870776300292,-3.335593023757746],[-44.45448252070964,-3.3276519858849944],[-44.45025734494084,-3.3197109288947884],[-44.4460322381771,-3.3117698520175494],[-44.44180719749772,-3.3038287553853736],[-44.43758222448213,-3.2958876400374773],[-44.43335731891052,-3.2879465052027586],[-44.42913247966248,-3.280005351014282],[-44.42490770651724,-3.2720641785102758],[-44.420683001055714,-3.2641229860159715],[-44.41645836125694,-3.2561817745685904],[-44.412233787800744,-3.248240544302186],[-44.4080092804674,-3.2402992944456366],[-44.40378483903609,-3.232358026037156],[-44.399560462386596,-3.224416739209751],[-44.39533615209926,-3.216475433193356],[-44.39111190705384,-3.2085341081210075],[-44.386887727030114,-3.2005927641262026],[-44.382663612707354,-3.1926514022476784],[-44.37843956296643,-3.184710020809106],[-44.37421557758605,-3.1767686217533178],[-44.36999165724715,-3.168827203405085],[-44.36576780082899,-3.1608857668020245],[-44.36154400811199,-3.1529443111729827],[-44.35732028067535,-3.1450028375572425],[-44.35309661649901,-3.1370613460872026],[-44.34887301626388,-3.1291198350876175],[-44.3446494797487,-3.121178306501298],[-44.340426005834,-3.113236759556532],[-44.33620259609948,-3.1052951943879306],[-44.331979249425125,-3.097353611128438],[-44.32775596469091,-3.0894120099109563],[-44.323532743476555,-3.081470390870131],[-44.31930958556254,-3.07352875323481],[-44.3150864889284,-3.065587098041947],[-44.31086345515445,-3.05764542452155],[-44.30664048312013,-3.0497037337111546],[-44.30241757350585,-3.0417620248401604],[-44.29819472519167,-3.0338202980414533],[-44.29397193885744,-3.025878553449102],[-44.28974921338324,-3.017936791195983],[-44.28552655034875,-3.009995011416721],[-44.281303947734244,-3.0020532142436074],[-44.277081406220134,-2.9941113989060413],[-44.272858925585844,-2.986169566442123],[-44.26863650471152,-2.9782277169846854],[-44.264414145177426,-2.9702858497637585],[-44.26019184586373,-2.962343964912171],[-44.25596960744968,-2.9544020634686134],[-44.25174742791688,-2.94646014375604],[-44.24752530884378,-2.9385182077183525]]]},"properties":{"id_fluxo":114,"agrupamento":"Titara","origem_aproximada":"Miranda do Norte","destino_aproximado":"Rosário","comprimento_m":78638.5}},{"type":"Feature","geometry":{"type":"MultiLineString","coordinates":[[[-44.784731766993986,-2.0671738658700574],[-44.78963215629936,-2.074591148706239],[-44.79453259020361,-2.082008415740645],[-44.79943307071444,-2.0894256668071454],[-44.80433359714199,-2.096842900834505],[-44.80923416969526,-2.1042601194657773],[-44.81413478858348,-2.111677322534556],[-44.81903545401604,-2.1190945089697513],[-44.823936166202174,-2.1265116786049685],[-44.82883692445176,-2.1339288321784053],[-44.83373773077264,-2.1413459695238815],[-44.838638583575595,-2.148763089570067],[-44.843539483069705,-2.156180193960007],[-44.84844043126294,-2.1635972816227693],[-44.85334142656598,-2.171014352391745],[-44.858242469188106,-2.178431406100545],[-44.86314356023785,-2.18584844348756],[-44.86804469902517,-2.193265464386275],[-44.87294588665878,-2.200682467725659],[-44.87784712244852,-2.208099455148644],[-44.88274840660384,-2.215516424679384],[-44.88764974023329,-2.2229333770562274],[-44.89255112174748,-2.2303503130173428],[-44.89745255315447,-2.237767231491726],[-44.90235403376425,-2.2451841323128665],[-44.907255562886725,-2.2526010162190238],[-44.91215714252995,-2.2600178830438513],[-44.91705877200394,-2.2674347326208717],[-44.92196045061869,-2.2748515638788684],[-44.92686217948283,-2.282268378460919],[-44.931763959705165,-2.2896851752958756],[-44.9366657887969,-2.2971019542172004],[-44.94156766966557,-2.3045187150585402],[-44.94646960072168,-2.311935459462815],[-44.951371582174716,-2.31935218454942],[-44.956273615133355,-2.3267688928661165],[-44.96117569980704,-2.3341855833417138],[-44.96607783550578,-2.3416022549049997],[-44.97098002243891,-2.3490189091989824],[-44.97588226171528,-2.3564355451524737],[-44.98078455174543,-2.363852163503729],[-44.98568689453765,-2.3712687631815648],[-44.990589290301365,-2.378685344019526],[-44.9954917374471,-2.386101907660575],[-45.00039423708374,-2.3935184521287898],[-45.00529679032017,-2.400934978162426],[-45.01019939556693,-2.408351486499725],[-45.01510205393291,-2.4157679751647816],[-45.02000476562756,-2.423184445800561],[-45.02490753086036,-2.430600898240545],[-45.029810348941275,-2.438017331413588],[-45.03471322097926,-2.445433746057869],[-45.039616147183814,-2.4528501420069286],[-45.0445191277644,-2.460266519094239],[-45.04942216203099,-2.467682876248659],[-45.05432525019315,-2.4750992160178185],[-45.05922839335979,-2.4825155355210486],[-45.06413159084097,-2.489931836401312],[-45.06903484374566,-2.4973481175873498],[-45.07393815138393,-2.504764379817433],[-45.078841513965266,-2.512180622925023],[-45.08374493259872,-2.5195968467435903],[-45.08864840569479,-2.527013051106719]]]},"properties":{"id_fluxo":115,"agrupamento":"Pinheiro","origem_aproximada":"Mirinzal","destino_aproximado":"Pinheiro","comprimento_m":61034.7}},{"type":"Feature","geometry":{"type":"MultiLineString","coordinates":[[[-45.24995011150778,-3.484452061141481],[-45.255257160909565,-3.491585523499049],[-45.26056429034088,-3.498718955118234],[-45.26587150000246,-3.50585235490736],[-45.2711787900958,-3.5129857244888383],[-45.276486160821406,-3.520119061866316],[-45.281793612380525,-3.5272523677574763],[-45.28710114497444,-3.5343856428800313],[-45.29240875790327,-3.541518885237904],[-45.297716452269235,-3.5486520973578553],[-45.30302422917289,-3.5557852763385567],[-45.30833208611503,-3.5629184247079384],[-45.31364002599756,-3.5700515413733984],[-45.318948047220445,-3.5771846252438717],[-45.32425615088577,-3.5843176779413968],[-45.329564336293885,-3.5914506983745964],[-45.33487260454627,-3.5985836863561116],[-45.340180954943925,-3.6057166426039617],[-45.34548938858839,-3.612849566930749],[-45.35079790477996,-3.619982458245107],[-45.356106503720454,-3.627115318169397],[-45.361415186510726,-3.634248144706839],[-45.366723952452155,-3.64138093948013],[-45.372032801745526,-3.6485137013975253],[-45.37734173459233,-3.6556464311766708],[-45.38265075209381,-3.662779127725459]]]},"properties":{"id_fluxo":116,"agrupamento":"Santa Inês","origem_aproximada":"Monção","destino_aproximado":"Santa Inês","comprimento_m":24612.1}},{"type":"Feature","geometry":{"type":"MultiLineString","coordinates":[[[-47.067324178307594,-5.833009844927129],[-47.07434122079375,-5.827412381338912],[-47.081358124312125,-5.82181482892708],[-47.08837488895891,-5.816217187947055],[-47.09539151483027,-5.810619458654262],[-47.10240800202242,-5.805021641304067],[-47.10942435153086,-5.799423735244506],[-47.116440561649824,-5.793825741641723],[-47.12345663428085,-5.788227660744394],[-47.13047256861074,-5.78262949100323],[-47.137488364739085,-5.77703123357766],[-47.144504023664695,-5.771432888719671],[-47.151519544577795,-5.765834455784079],[-47.15853492757802,-5.760235935930253],[-47.16555017366075,-5.754637328506203],[-47.17256528292219,-5.749038633767278],[-47.17958025455259,-5.743439851068328],[-47.186595089557585,-5.737840982469252],[-47.19360978712057,-5.732242025516983],[-47.20062434824719,-5.726642982271374],[-47.207638773030205,-5.721043852083847],[-47.214653061562366,-5.715444634305803],[-47.22166721304444,-5.709845331004043],[-47.22868122846468,-5.704245939718602],[-47.23569510882871,-5.698646462509264],[-47.242708852427945,-5.6930468996383805],[-47.249722460254084,-5.687447249549961],[-47.25673593240334,-5.681847512499375],[-47.2637492698814,-5.676247690546349],[-47.27076247096921,-5.670647781241511],[-47.277775537574804,-5.665047786641041],[-47.284788468888586,-5.6594477060999155],[-47.291801265003265,-5.653847538969586],[-47.29881392602224,-5.648247287313255],[-47.3058264529334,-5.642646948671008],[-47.312838844937865,-5.637046525109601],[-47.31985110303063,-5.6314460159768975],[-47.32686322640569,-5.625845421531853],[-47.33387521605802,-5.620244741122366],[-47.34088707118524,-5.614643975911281],[-47.347898792782296,-5.609043125246467],[-47.35491038094544,-5.603442189383303],[-47.3619218348688,-5.597841168580764],[-47.36893315555088,-5.592240063090602],[-47.37594434308796,-5.586638873168153],[-47.382955397572715,-5.581037598164911],[-47.38996631819932,-5.575436238339903],[-47.39697710686835,-5.569834793941182],[-47.40398776187188,-5.564233265231428],[-47.410998285110445,-5.558631652458642],[-47.41800867486883,-5.5530299540778785],[-47.42501893305856,-5.5474281730486386],[-47.43202905886283,-5.541826306918436],[-47.43903905238168,-5.536224356846495],[-47.44604891371143,-5.530622323088162],[-47.45305864294475,-5.525020204994978],[-47.46006824108367,-5.519418003722382],[-47.46707770731883,-5.513815718625646]]]},"properties":{"id_fluxo":117,"agrupamento":"Imperatriz","origem_aproximada":"Montes Altos","destino_aproximado":"Imperatriz","comprimento_m":56652.1}},{"type":"Feature","geometry":{"type":"MultiLineString","coordinates":[[[-44.03645314891328,-2.8659014652893413],[-44.04489551954517,-2.86880689402879],[-44.05333793321329,-2.8717122598508107],[-44.061780389797484,-2.874617562564766],[-44.07022288917678,-2.877522802884577],[-44.078665431231734,-2.8804279797150327],[-44.08710801494171,-2.8833330937693624],[-44.09555064288557,-2.8862381448590995],[-44.103993313143725,-2.889143132792174],[-44.11243602649496,-2.89204805828328],[-44.120878782820455,-2.8949529193325767],[-44.12932158199858,-2.8978577175586584],[-44.13776442390915,-2.900762452770896],[-44.14620730933229,-2.90366712387478],[-44.15465023724741,-2.9065717315836173],[-44.16309320933369,-2.909476275708155],[-44.17153622367079,-2.9123807569610514],[-44.17997928193926,-2.9152851733438014],[-44.188422383117796,-2.918189526474383],[-44.19686552798591,-2.921093816162839],[-44.205308716423986,-2.9239980413139883],[-44.21375194741139,-2.926902202641186],[-44.22219522262735,-2.929806299955138],[-44.23063854105124,-2.932710333969247],[-44.23908190346381,-2.9356143026843062],[-44.24752530884378,-2.9385182077183525]]]},"properties":{"id_fluxo":118,"agrupamento":"Titara","origem_aproximada":"Morros","destino_aproximado":"Rosário","comprimento_m":24795.2}},{"type":"Feature","geometry":{"type":"MultiLineString","coordinates":[[[-43.91149553741592,-3.467584349674907],[-43.916298457085205,-3.4600271013910966],[-43.921101300315506,-3.4524698278922545],[-43.92590406822383,-3.44491252934216],[-43.930706760127954,-3.437355204997966],[-43.93550937624476,-3.4297978550224735],[-43.94031191679111,-3.422240479578376],[-43.94511438288398,-3.414683078829445],[-43.949916772940966,-3.4071256520318642],[-43.95471908897716,-3.3995682011594535],[-43.95952132941115,-3.3920107245638733],[-43.96432349625898,-3.3844532233143494],[-43.96912558793823,-3.3768956966671344],[-43.97392760556579,-3.3693381447859028],[-43.97872954845744,-3.3617805687369757],[-43.98353141863197,-3.354222966875875],[-43.98833321450508,-3.346665340267941],[-43.99313493629263,-3.3391076899805077],[-43.997936585114175,-3.3315500134634903],[-44.002738160283684,-3.3239923135923646],[-44.00753966291973,-3.316434588721649],[-44.01234109233903,-3.3088768390131116],[-44.017142449658294,-3.3013190646303507],[-44.0219437341942,-3.2937612657351765],[-44.026744945262585,-3.2862034433939384],[-44.03154608488191,-3.278645595961997],[-44.03634715326796,-3.271087724506574],[-44.04114814883742,-3.263529829188613],[-44.045949072707806,-3.2559719092670973],[-44.05074992419577,-3.2484139649038544],[-44.0555507053171,-3.2408559971678548],[-44.06035141538928,-3.233298005316307],[-44.06515205372978,-3.2257399886064984],[-44.069952621453545,-3.2181819490110777],[-44.074753118778006,-3.210623885788127],[-44.079553545020616,-3.203065798194904],[-44.084353900397154,-3.195507687298666],[-44.08915418692491,-3.1879495523590937],[-44.09395440211982,-3.1803913944410174],[-44.09875454799991,-3.172833211899516],[-44.10355462388023,-3.1652750067056212],[-44.10835463087804,-3.157716778118174],[-44.113154567410014,-3.150158526298264],[-44.11795443549332,-3.142600250505489],[-44.12275423444377,-3.1350419518063077],[-44.127553964478615,-3.127483629458762],[-44.132353624913755,-3.1199252845293364],[-44.1371532177662,-3.112366916277563],[-44.141952742351805,-3.1048085257699167],[-44.146752197988626,-3.097250111359074],[-44.151551585792284,-3.0896916741130287],[-44.15635090597925,-3.0821332141943643],[-44.1611501578661,-3.074574731765017],[-44.16594934256985,-3.067016226083679],[-44.170748460306235,-3.0594576982175803],[-44.17554751039251,-3.0518991474240207],[-44.180346493045114,-3.044340573865616],[-44.18514540938028,-3.036781977705661],[-44.18994425871391,-3.0292233600106666],[-44.19474304216357,-3.021664719134716],[-44.199541758145315,-3.0141060561436475],[-44.20434040867584,-3.0065473702967926],[-44.20913899307102,-2.9989886626606768],[-44.21393751154724,-2.9914299333979266],[-44.21873596432213,-2.983871180861858],[-44.22353435071095,-2.9763124070236766],[-44.22833267273027,-2.9687536111426205],[-44.23313092879685,-2.961194793379985],[-44.23792912092718,-2.953635952994991],[-44.24272724663761,-2.9460770910529774],[-44.24752530884378,-2.9385182077183525]]]},"properties":{"id_fluxo":119,"agrupamento":"Titara","origem_aproximada":"Nina Rodrigues","destino_aproximado":"Rosário","comprimento_m":69389.6}},{"type":"Feature","geometry":{"type":"MultiLineString","coordinates":[[[-46.260233876352,-7.1199887550029715],[-46.25600910423346,-7.127809468711152],[-46.25178418979234,-7.135630141900379],[-46.24755913099421,-7.14345077263506],[-46.24333392853075,-7.151271362589683],[-46.23910858308868,-7.159091911630035],[-46.23488309354143,-7.16691241872238],[-46.23065745967267,-7.174732884639303],[-46.226431681261225,-7.182553308344596],[-46.22220575899869,-7.190373691512799],[-46.217979691755914,-7.198194032205735],[-46.21375347931651,-7.2060143311959655],[-46.20952712327521,-7.213834589251218],[-46.20530062069401,-7.221654805342484],[-46.201073974070844,-7.229474979330733],[-46.19684718137566,-7.237295111088881],[-46.19262024329755,-7.245115201387058],[-46.18839315961761,-7.252935250093443],[-46.18416593011455,-7.26075525617172],[-46.17993855457183,-7.268575220394456],[-46.175711032770444,-7.276395142629729],[-46.17148336449144,-7.284215022745663],[-46.16725554951347,-7.292034859705944],[-46.16302758762454,-7.299854656091869],[-46.158799479504374,-7.3076744090560055],[-46.15457122403282,-7.3154941202775445],[-46.15034282098848,-7.323313788720178],[-46.146114271058075,-7.3311334142496305],[-46.14188557402717,-7.338952998542817],[-46.13765672876616,-7.346772539661262],[-46.13342773596409,-7.354592038375127],[-46.129198594493594,-7.362411493650327],[-46.124969305046,-7.370230907161428],[-46.12073986739981,-7.378050277872065],[-46.11651028224182,-7.3858696056479936],[-46.11228054754087,-7.3936888903617515],[-46.108050663985935,-7.401508132783505],[-46.10382063135548,-7.409327331876848],[-46.09959044943249,-7.417146488414179],[-46.09536011799764,-7.424965602263472],[-46.09112963773543,-7.4327846723861075],[-46.08689900752272,-7.440603699556669],[-46.08266822804624,-7.448422683640902],[-46.078437298180525,-7.456241624509033],[-46.07420621770615,-7.464060522028988],[-46.06997498731206,-7.47187937697091],[-46.06574360677441,-7.479698187393937],[-46.06151207497422,-7.487516955881445],[-46.05728039259157,-7.495335679585925],[-46.05304855941359,-7.50315436108856],[-46.04881657521641,-7.510972998448416],[-46.044584439780515,-7.518791591533438],[-46.040352152890705,-7.526610142020343]]]},"properties":{"id_fluxo":120,"agrupamento":"Balsas","origem_aproximada":"Nova Colinas","destino_aproximado":"Balsas","comprimento_m":51094.4}},{"type":"Feature","geometry":{"type":"MultiLineString","coordinates":[[[-44.046009279629246,-6.735614502311526],[-44.04849884714273,-6.726930314957961],[-44.050988327060736,-6.718246111255864],[-44.053477718646874,-6.709561892160882],[-44.05596702116834,-6.700877656819781],[-44.05845623660288,-6.692193406193519],[-44.06094536331123,-6.683509140331581],[-44.06343440236988,-6.674824858384205],[-44.06592335394885,-6.666140560404318],[-44.06841221731186,-6.657456247347702],[-44.07090099353357,-6.648771919269018],[-44.07338968278736,-6.640087574412248],[-44.075878284335246,-6.631403214637637],[-44.078366799251775,-6.622718839999855],[-44.080855226805724,-6.614034448741182],[-44.083343568068216,-6.6053500427252345],[-44.085831821401804,-6.5966656210971495],[-44.088319988785436,-6.58798118391321],[-44.090808069484495,-6.579296731224729],[-44.09329606457332,-6.570612263086288],[-44.095783972412846,-6.561927779547555],[-44.09827179407576,-6.553243281567628],[-44.100759529735164,-6.544558767390462],[-44.10324717955921,-6.535874237973517],[-44.10573474371773,-6.527189693369726],[-44.10822222238048,-6.518505133632028],[-44.110709614812855,-6.509820558811775],[-44.11319692209057,-6.501135968059004],[-44.11568414438177,-6.492451362331159],[-44.118171280951806,-6.483766741679611],[-44.120658331970446,-6.475082106157282],[-44.123145298513236,-6.466397454914205],[-44.125632180748234,-6.457712788907795],[-44.12811897703659,-6.449028108187887],[-44.13060568935803,-6.440343411906026],[-44.13309231697788,-6.431658700113562],[-44.135578860968444,-6.422973973769505],[-44.13806531969091,-6.414289232923693],[-44.14055169422209,-6.4056044758215975],[-44.143037985631196,-6.396919705231178],[-44.14552419228393,-6.3882349184887985],[-44.14801031525098,-6.379550117457925],[-44.15049635470338,-6.37086530128698],[-44.15298230990647,-6.362180470027367],[-44.15546818193241,-6.353495624638048],[-44.157953970953585,-6.344810763362864],[-44.16043967713649,-6.336125888063802],[-44.16292529884391,-6.32744099788632],[-44.16541083895889,-6.318756091983191],[-44.16789629583981,-6.310071172213459],[-44.17038166965752,-6.301386237725523],[-44.172866960581445,-6.292701288572299],[-44.17535216878234,-6.284016323902194],[-44.17783729533069,-6.275331345578561],[-44.18032233949466,-6.2666463518438595],[-44.18280730144217,-6.257961343655492],[-44.18529218043858,-6.249276321065001],[-44.187776978461045,-6.240591284128079],[-44.190261694776275,-6.231906231991673],[-44.19274632864824,-6.223221165611869],[-44.195230881151474,-6.2145360841384045],[-44.197715352452406,-6.205850989433244],[-44.20019974272437,-6.19716587883568],[-44.20268405122996,-6.18848075420631],[-44.205168278138395,-6.179795615598041],[-44.20765242452401,-6.171110462160591],[-44.21013649055455,-6.162425294851377],[-44.21262047459429,-6.153740111911553],[-44.215104378615884,-6.145054916110272],[-44.217588202792406,-6.1363697047868095],[-44.2200719454828,-6.127684479800489],[-44.222555608664926,-6.118999240302312],[-44.225039191604104,-6.110313986343813],[-44.227522693565696,-6.101628717976595],[-44.23000611652479,-6.092943436160703],[-44.232489458845656,-6.084258139137306],[-44.23497272250201,-6.075572828770983],[-44.2374559058581,-6.066887503302917],[-44.239939009983985,-6.058202164596381],[-44.24242203414754,-6.049516810893905],[-44.24490497941878,-6.040831444058696],[-44.24738784596912,-6.032146062334553]]]},"properties":{"id_fluxo":121,"agrupamento":"Colinas","origem_aproximada":"Nova Iorque","destino_aproximado":"Colinas","comprimento_m":80899.1}},{"type":"Feature","geometry":{"type":"MultiLineString","coordinates":[[[-45.70244340759536,-2.806268865707407],[-45.69931067701772,-2.814666562083923],[-45.69617790180712,-2.8230642492072597],[-45.693045081771366,-2.831461926997894],[-45.689912216717744,-2.839859594471703],[-45.68677930555435,-2.848257251549677],[-45.68364634988948,-2.85665489996052],[-45.68051334863013,-2.86505253781597],[-45.67738030158462,-2.873450165941145],[-45.674247208561255,-2.8818477851611664],[-45.67111406936674,-2.8902453935872217],[-45.66798088470911,-2.898642992043873],[-45.66484765349637,-2.9070405804521617],[-45.661714375536796,-2.9154381596371657],[-45.65858105153682,-2.92383572770956],[-45.65544768130526,-2.9322332863990708],[-45.652314263750036,-2.9406308356267226],[-45.64918080047742,-2.949028373502593],[-45.646047288596755,-2.9574259017580307],[-45.642913730615156,-2.9658234203119136],[-45.63978012544,-2.9742209281805745],[-45.63664647197915,-2.9826184252849886],[-45.63351277184098,-2.991015913353856],[-45.63037902393228,-2.9994133904988503],[-45.627245228061255,-3.007810857545066],[-45.624111384035025,-3.0162083135082964],[-45.62097749166227,-3.024605760118283],[-45.61784355164948,-3.033003195485647],[-45.61470956290544,-3.041400621340645],[-45.611575526136626,-3.049798035793894],[-45.608441440251795,-3.0581954405756457],[-45.60530730595795,-3.066592834701165],[-45.60217312216278,-3.0749902180913944],[-45.599038890473715,-3.083387590665738],[-45.59590460889849,-3.0917849523456256],[-45.592770278145146,-3.1001823039556577],[-45.589635898021236,-3.1085796454162558],[-45.586501468333815,-3.116976975743152],[-45.583366988890454,-3.125374294856777],[-45.5802324594992,-3.1337716035822023],[-45.57709787996758,-3.14216890183984],[-45.57396325100261,-3.1505661886449614],[-45.57082857151285,-3.158963465727755],[-45.56769384130479,-3.1673607311993455],[-45.564559060186426,-3.1757579858847587],[-45.56142422976481,-3.184155228798785],[-45.55828934714837,-3.1925524616725864],[-45.555154414844154,-3.200949683520461],[-45.552019430859595,-3.209346894263771],[-45.54888439590266,-3.217744094727077],[-45.54574930977987,-3.2261412830214558],[-45.54261417139957,-3.234538460877098],[-45.53947898236884,-3.2429356273087824],[-45.536343740695,-3.2513327822378217],[-45.53320844798608,-3.2597299264883346],[-45.530073103148965,-3.2681270590765052],[-45.52693770599153,-3.2765241808273564],[-45.52380225632117,-3.2849212916613126],[-45.520666754844925,-3.2933183905935652],[-45.517531200470536,-3.3017154784496374],[-45.5143955939055,-3.31011255514943],[-45.51125993405659,-3.3185096197091366],[-45.50812422073209,-3.326906673858426],[-45.50498845553872,-3.3353037157074095],[-45.50185263648444,-3.343700746986705],[-45.49871676427585,-3.3520977658068802],[-45.495580837820974,-3.360494773898098],[-45.49244485872661,-3.368891769370452],[-45.48930882590078,-3.377288753954083],[-45.486172738250595,-3.3856857275697982],[-45.483036597382835,-3.394082688327706],[-45.47990040220549,-3.402479637957957],[-45.476764152525824,-3.4108765763808786],[-45.47362784905089,-3.4192735026116994],[-45.470491490687714,-3.4276704165712095],[-45.46735507724399,-3.4360673190844104],[-45.464218609427185,-3.444464210071214],[-45.461082086144295,-3.452861089452378],[-45.457945508102355,-3.4612579562431294],[-45.45480887510902,-3.4696548112684815],[-45.45167218607123,-3.4780516544491666],[-45.448535441696436,-3.4864484857051066],[-45.44539864179185,-3.4948453049566277],[-45.442261786165055,-3.503242113028686],[-45.43912487462238,-3.5116389080322987],[-45.43598790697142,-3.520035690792435],[-45.432850883920075,-3.5284324621336722],[-45.42971380347439,-3.5368292210724652],[-45.42657666724219,-3.5452259675283178],[-45.42343947413065,-3.5536227023266265],[-45.420302223946486,-3.5620194244829926],[-45.417164917397564,-3.570416134822012],[-45.414027553390206,-3.5788128323597097],[-45.41089013263229,-3.587209517920666],[-45.40775265493049,-3.59560619052049],[-45.40461511919229,-3.6040028518892266],[-45.40147752612434,-3.6123995001374394],[-45.3983398755341,-3.620796136090074],[-45.39520216722821,-3.6291927587627515],[-45.39206440011406,-3.6375893698855113],[-45.388926575799154,-3.6459859684731586],[-45.38578869319007,-3.6543825544463773],[-45.38265075209381,-3.662779127725459]]]},"properties":{"id_fluxo":122,"agrupamento":"Santa Inês","origem_aproximada":"Nova Olinda do Maranhão","destino_aproximado":"Santa Inês","comprimento_m":101124.7}},{"type":"Feature","geometry":{"type":"MultiLineString","coordinates":[[[-45.11913679361018,-4.137536613010117],[-45.12345912612871,-4.129754428569456],[-45.127781375091814,-4.121972218846267],[-45.13210353891272,-4.114189983977411],[-45.13642561960845,-4.106407723194584],[-45.140747616493485,-4.0986254384438725],[-45.14506952978283,-4.0908431289572285],[-45.149391359691485,-4.083060793966573],[-45.15371310553383,-4.075278434513351],[-45.15803476932687,-4.067496050733839],[-45.16235634948367,-4.059713641860295],[-45.166677848021216,-4.051931208028956],[-45.17099926245204,-4.044148750281628],[-45.17532059569357,-4.036366266944975],[-45.179641846159484,-4.028583759965356],[-45.18396301406446,-4.0208012276699625],[-45.188284100524854,-4.013018672004529],[-45.19260510485444,-4.00523609129651],[-45.196926028169095,-3.9974534856822124],[-45.20124686888259,-3.9896708571080457],[-45.205567629011014,-3.981888202996063],[-45.20988830786894,-3.9741055252924067],[-45.2142089065722,-3.966322824133432],[-45.218529423533724,-3.9585400978467473],[-45.222849859869505,-3.9507573474734015],[-45.22717021579478,-3.9429745740545723],[-45.231490490623244,-3.9351917759177395],[-45.23581068637164,-3.927408954103594],[-45.24013080145338,-3.9196261087491706],[-45.24445083698391,-3.9118432390860898],[-45.24877079227738,-3.904060345251124],[-45.25309066844973,-3.8962774282852317],[-45.25741046571559,-3.8884944874202363],[-45.26173018338939,-3.8807115236976233],[-45.26604982168547,-3.872928535444542],[-45.27036938081929,-3.8651455246068855],[-45.27468886190585,-3.8573624895114995],[-45.27900826335888,-3.849579431200167],[-45.283327587194634,-3.841796349808789],[-45.28764683272696,-3.834013244569483],[-45.29196600017097,-3.8262301165234383],[-45.296285089741204,-3.8184469649024573],[-45.300604100751805,-3.81066378984334],[-45.30492303521919,-3.8028805923866433],[-45.30924189155623,-3.795097370860126],[-45.313560669978365,-3.787314127209599],[-45.317879372500954,-3.7795308597615636],[-45.3221979975382,-3.771747570462504],[-45.32651654530419,-3.7639642576395236],[-45.33083501691425,-3.7561809214287574],[-45.335153411682896,-3.7483975628716824],[-45.3394717307254,-3.740614182104431],[-45.34378997245468,-3.732830777454777],[-45.34810813888727,-3.7250473508678748],[-45.35242622933694,-3.717263901575801],[-45.3567442440184,-3.7094804297150406],[-45.36106218404685,-3.7016969354216545],[-45.365380047835906,-3.693913418832814],[-45.3696978365004,-3.6861298791799393],[-45.37401554935484,-3.6783463175044986],[-45.378333188414885,-3.670562733942168],[-45.38265075209381,-3.662779127725459]]]},"properties":{"id_fluxo":123,"agrupamento":"Santa Inês","origem_aproximada":"Olho d'Água das Cunhãs","destino_aproximado":"Santa Inês","comprimento_m":60081.7}},{"type":"Feature","geometry":{"type":"MultiLineString","coordinates":[[[-44.996188623090916,-2.99968482220238],[-44.99790152473124,-2.9909317438107124],[-44.999614398262615,-2.982178661314223],[-45.001327245603036,-2.973425575645325],[-45.00304006507096,-2.9646724850223274],[-45.004752858584354,-2.9559193903776033],[-45.00646562446169,-2.9471662917388795],[-45.00817836462088,-2.938413189133848],[-45.00989107738045,-2.9296600825902406],[-45.01160376285858,-2.9209069721357293],[-45.01331642297315,-2.912153857798014],[-45.01502905604266,-2.903400739604815],[-45.01674166308512,-2.8946476166791326],[-45.01845424331891,-2.8858944908580617],[-45.020166797761995,-2.877141360359891],[-45.02187932653253,-2.868388226117027],[-45.02359182884886,-2.8596350872524754],[-45.025304304829206,-2.8508819456033536],[-45.027016755491445,-2.842128799387944],[-45.02872918005397,-2.833375649538637],[-45.03044157863493,-2.8246224960831494],[-45.032153951352434,-2.815869338144472],[-45.033866299224385,-2.807116176654984],[-45.03557862146918,-2.798363011642407],[-45.03729091820488,-2.7896098422297304],[-45.03900318954965,-2.7808566693493404],[-45.0407154356216,-2.772103493028968],[-45.04242765743852,-2.7633503123915486],[-45.04413985331908,-2.754597127464843],[-45.04585202428116,-2.74584394008593],[-45.04756416954307,-2.7370907484731055],[-45.04927629102233,-2.7283375526540254],[-45.050988387937316,-2.719584353561108],[-45.052700459506404,-2.71083115031736],[-45.054412506747376,-2.702077943855178],[-45.056124528878605,-2.693324733297551],[-45.057836526917875,-2.6845715195768753],[-45.05954850098316,-2.6758183018160953],[-45.06126045029289,-2.667065080042963],[-45.062972375864796,-2.6583118551898344],[-45.06468427691724,-2.6495586263797506],[-45.06639615446794,-2.640805394545032],[-45.06810800773519,-2.6320521579040115],[-45.069819836837205,-2.62329891919851],[-45.07153164189185,-2.6145456757420837],[-45.07324342391686,-2.605792429371793],[-45.07495518213057,-2.597039179210647],[-45.07666691665102,-2.5882859252863675],[-45.078378627596265,-2.5795326685313364],[-45.080090315983774,-2.5707794071637458],[-45.08180198013252,-2.5620261430208466],[-45.083513621059986,-2.5532728752255274],[-45.08522523888419,-2.544519603805506],[-45.08693683372318,-2.535766329693143],[-45.08864840569479,-2.527013051106719]]]},"properties":{"id_fluxo":124,"agrupamento":"Pinheiro","origem_aproximada":"Olinda Nova do Maranhão","destino_aproximado":"Pinheiro","comprimento_m":53246.8}},{"type":"Feature","geometry":{"type":"MultiLineString","coordinates":[[[-44.10918490074439,-2.51761071751428],[-44.117443146488526,-2.5207891563521994],[-44.12570143275423,-2.5239675429733786],[-44.13395975854547,-2.527145876272973],[-44.142218124663884,-2.530324156956553],[-44.15047653101284,-2.5335023839199],[-44.15873497749397,-2.536680558772613],[-44.16699346491007,-2.5398586804110335],[-44.17525199226509,-2.5430367477303544],[-44.18351055946004,-2.546214763244803]]]},"properties":{"id_fluxo":125,"agrupamento":"Titara","origem_aproximada":"Paço do Lumiar","destino_aproximado":"Paço do Lumiar","comprimento_m":8847.8}},{"type":"Feature","geometry":{"type":"MultiLineString","coordinates":[[[-44.89743525128584,-2.6465636473977887],[-44.904790270232155,-2.641966091358477],[-44.912145235142845,-2.6373684910503736],[-44.91950014603738,-2.6327708467028526],[-44.926855002935234,-2.6281731585453216],[-44.93420980585593,-2.6235754259024278],[-44.94156455571849,-2.618977649908346],[-44.94891925074325,-2.6143798298876364],[-44.956273893648444,-2.6097819669745443],[-44.96362848175481,-2.6051840595889124],[-44.97098301778058,-2.6005861097696337],[-44.97833749994609,-2.595988115936615],[-44.98569192917043,-2.59139007831926],[-44.993046304573454,-2.5867919980516514],[-45.000400627973875,-2.5821938744584707],[-45.00775489759197,-2.5775957077690905],[-45.015109115246446,-2.572997498212884],[-45.02246328005717,-2.5683992451145174],[-45.02981739204367,-2.563800949608082],[-45.03717145122541,-2.5592026110182453],[-45.04452545852152,-2.554604230479067],[-45.05187941305186,-2.550005806410524],[-45.059233315735526,-2.545407339946669],[-45.06658716659202,-2.540808831316849],[-45.07394096474131,-2.536210280750515],[-45.081294711102366,-2.531611686667537],[-45.08864840569479,-2.527013051106719]]]},"properties":{"id_fluxo":126,"agrupamento":"Pinheiro","origem_aproximada":"Palmeirândia","destino_aproximado":"Pinheiro","comprimento_m":25028.4}},{"type":"Feature","geometry":{"type":"MultiLineString","coordinates":[[[-43.989588654715654,-6.4319731009037335],[-43.99445644163514,-6.424430429538746],[-43.999324084053924,-6.416887709956508],[-44.004191584002506,-6.409344942327065],[-44.009058941704694,-6.4018021259124085],[-44.01392615557431,-6.394259260875541],[-44.01879322673755,-6.38671634738468],[-44.02366015631887,-6.379173386512496],[-44.02852694273552,-6.371630376613052],[-44.033393587110204,-6.364087319663518],[-44.038260089668356,-6.356544214021335],[-44.0431264506319,-6.349001059852981],[-44.047992669315455,-6.341457859132197],[-44.05285874775403,-6.333914609315264],[-44.057724683454154,-6.326371312372644],[-44.062590479351485,-6.318827967571203],[-44.06745613385988,-6.3112845750740805],[-44.07232164720123,-6.303741135047724],[-44.07718702050302,-6.2961976467556156],[-44.08205225308151,-6.28865411126709],[-44.08691734515854,-6.281110528748521],[-44.09178229695756,-6.273566898461839],[-44.09664710960272,-6.266023221479484],[-44.10151178241345,-6.258479497061757],[-44.106376315613055,-6.250935724470508],[-44.11124070942021,-6.243391905681161],[-44.11610496405972,-6.2358480390510405],[-44.120969078846414,-6.228304126554009],[-44.12583305581426,-6.220760165645923],[-44.13069689337274,-6.213216159203657],[-44.13556059355569,-6.2056721046829555],[-44.14042415387028,-6.198128004054787],[-44.14528757725114,-6.190583856585351],[-44.150150862112234,-6.183039662438068],[-44.155014008676645,-6.175495420874714],[-44.15987701897066,-6.167951133873537],[-44.164739890507384,-6.160406799787498],[-44.16960262531451,-6.152862419690281],[-44.17446522271125,-6.1453179928422355],[-44.17932768291911,-6.137773519409644],[-44.18419000706197,-6.13022900046474],[-44.18905219355665,-6.122684434361947],[-44.19391424443067,-6.115139822174828],[-44.19877615900045,-6.107595164972823],[-44.20363793749148,-6.100050460208561],[-44.20849958012118,-6.0925057107619445],[-44.21336108620999,-6.0849609149888],[-44.21822245778661,-6.077416073058022],[-44.22308369326513,-6.069871185133221],[-44.22794479376929,-6.062326252286472],[-44.23280575861939,-6.054781272873656],[-44.23766658893912,-6.047236247966781],[-44.24252728494978,-6.039691177732101],[-44.24738784596912,-6.032146062334553]]]},"properties":{"id_fluxo":127,"agrupamento":"Colinas","origem_aproximada":"Paraibano","destino_aproximado":"Colinas","comprimento_m":52606.2}},{"type":"Feature","geometry":{"type":"MultiLineString","coordinates":[[[-43.106966948700794,-5.683886684143635],[-43.101076943088756,-5.677045442624329],[-43.09518707700601,-5.670204139912136],[-43.08929734845849,-5.663362775318069],[-43.08340775905941,-5.6565213490691795],[-43.07751830861687,-5.649679861386549],[-43.071628996033446,-5.6428383133924145],[-43.06573982112623,-5.635996702595431],[-43.05985078459688,-5.629155031932076],[-43.053961885357005,-5.622313299812144],[-43.04807312321479,-5.615471506456694],[-43.04218449978324,-5.608629652092813],[-43.03629601216318,-5.601787736932514],[-43.030407661967644,-5.59494576120284],[-43.02451944900475,-5.5881037251248715],[-43.0186313730857,-5.58126162801553],[-43.01274343311623,-5.574419470092804],[-43.00685562890154,-5.567577252481804],[-43.00096796206057,-5.5607349736014635],[-42.995080430593774,-5.5538926345707855],[-42.98919303430936,-5.547050235610772],[-42.983305774820124,-5.540207776948567],[-42.977418650135796,-5.533365256990844],[-42.97153166096073,-5.526522677769842],[-42.9656448071062,-5.519680038602474],[-42.959758087478164,-5.512837339706649],[-42.95387150369243,-5.5059945804054315],[-42.947985053749655,-5.499151761817693],[-42.9420987392656,-5.492308883266538],[-42.93621255824095,-5.4854659458707795],[-42.930326511392416,-5.47862294804637],[-42.924440598521976,-5.471779891822356],[-42.918554819444125,-5.464936775611615],[-42.912669173964,-5.458093600539111],[-42.906783662795085,-5.45125036592491],[-42.90089828394143,-5.444407071983644],[-42.89501303811341,-5.437563718939393],[-42.88912792601826,-5.430720307920252],[-42.88324294566636,-5.423876837332804],[-42.87735809866701,-5.417033308308274],[-42.87147338392957,-5.410189720160407],[-42.865588801262355,-5.403346073110111],[-42.859704350470494,-5.396502368282285],[-42.85382003227064,-5.389658604093007],[-42.847935845565914,-5.382814781663959],[-42.84205179016464,-5.375970901216072],[-42.836167865875154,-5.36912696297019],[-42.830284073414084,-5.3622829653424],[-42.824400411681445,-5.355438910358366],[-42.818516881390686,-5.348594797338192]]]},"properties":{"id_fluxo":128,"agrupamento":"Nazária (PI)","origem_aproximada":"Parnarama","destino_aproximado":"Timon","comprimento_m":48964.1}},{"type":"Feature","geometry":{"type":"MultiLineString","coordinates":[[[-43.77817890878099,-6.178724196631186],[-43.78671226492359,-6.176062812168275],[-43.79524553645503,-6.1734012909672735],[-43.80377872233535,-6.170739633204925],[-43.812311823336024,-6.168077837253245],[-43.82084483931673,-6.165415905099886],[-43.829377770143225,-6.162753836019233],[-43.83791061567928,-6.160091630190089],[-43.846443376692335,-6.157429287793242],[-43.854976052142504,-6.154766809005583],[-43.8635086427992,-6.15210419310341],[-43.87204114852617,-6.149441440265532],[-43.88057356918535,-6.146778551575243],[-43.88910590554798,-6.144115525404348],[-43.897638156570466,-6.141452363738676],[-43.9061703230222,-6.138789065854494],[-43.914702404767056,-6.136125631930603],[-43.92323440167069,-6.133462061241387],[-43.931766314500635,-6.130798353967463],[-43.94029814221529,-6.128134511190336],[-43.948829885582214,-6.125470533090619],[-43.95736154356524,-6.122806418036457],[-43.96589311783378,-6.120142167114659],[-43.97442460734637,-6.117477781406798],[-43.98295601197044,-6.114813259282751],[-43.9914873324735,-6.112148600923073],[-44.00001856871784,-6.1094838074110935],[-44.0085497205691,-6.106818878021146],[-44.01708078788959,-6.1041538138365885],[-44.0256117705466,-6.101488613227277],[-44.034142669304465,-6.098823278182701],[-44.04267348403045,-6.096157807072674],[-44.05120421368331,-6.093492200978977],[-44.059734859935915,-6.090826459179156],[-44.06826542174709,-6.088160582754956],[-44.07679589988454,-6.0854945718868025],[-44.08532629421538,-6.082828424944513],[-44.09385660369851,-6.080162143009944],[-44.102386829101626,-6.077495726263468],[-44.11091697119241,-6.074829174885491],[-44.119447028931376,-6.072162489053327],[-44.12797700308768,-6.069495668042834],[-44.136506892620396,-6.0668287129359175],[-44.14503669920372,-6.0641616221053205],[-44.15356642179531,-6.061494397537511],[-44.16209606026073,-6.05882703850682],[-44.17062561446554,-6.056159544287639],[-44.17915508607832,-6.053491916870641],[-44.1876844731588,-6.050824154622917],[-44.19621377737832,-6.048156257726044],[-44.20474299769614,-6.045488227262086],[-44.21327213397911,-6.042820061600883],[-44.22180118699241,-6.040151762731686],[-44.230330157505115,-6.037483329930127],[-44.23885904357433,-6.034814763372541],[-44.24738784596912,-6.032146062334553]]]},"properties":{"id_fluxo":129,"agrupamento":"Colinas","origem_aproximada":"Passagem Franca","destino_aproximado":"Colinas","comprimento_m":54394.9}},{"type":"Feature","geometry":{"type":"MultiLineString","coordinates":[[[-44.084539348646395,-6.5988562198421965],[-44.08700943222323,-6.590270181682842],[-44.08947943110729,-6.581684127560088],[-44.09194934455728,-6.573098058428346],[-44.09441917364243,-6.564511974340847],[-44.09688891762309,-6.5559258753475005],[-44.099358577568495,-6.547339761501507],[-44.101828153644966,-6.538753631949913],[-44.10429764420679,-6.530167487645552],[-44.10676705122914,-6.521581327738711],[-44.109236374875074,-6.512995153185439],[-44.11170561350053,-6.504408964034113],[-44.11417476907894,-6.495822760339463],[-44.11664384087374,-6.487236540342441],[-44.11911282814056,-6.478650306806547],[-44.121581732857344,-6.470064057072956],[-44.12405055428125,-6.461477793000661],[-44.12651929167262,-6.452891514639673],[-44.12898794700613,-6.444305221140104],[-44.131456518637805,-6.435718912550431],[-44.133925007636456,-6.427132588923734],[-44.13639341326087,-6.41854625121453],[-44.13886173658282,-6.409959897666873],[-44.14132997776375,-6.401373530141321],[-44.143798136065506,-6.392787147783382],[-44.14626621165257,-6.384200750644608],[-44.14873420559354,-6.3756143387780515],[-44.15120211714726,-6.367027913138234],[-44.153669947385204,-6.358441471969175],[-44.156137694662135,-6.349855016223947],[-44.158605360950624,-6.341268545957039],[-44.161072945510966,-6.33268206121849],[-44.163540448508996,-6.324095561155339],[-44.16600787010616,-6.315509047628147],[-44.16847520956567,-6.306922518877968],[-44.170942468858456,-6.298335975863706],[-44.173409646340815,-6.289749418634022],[-44.17587674398503,-6.281162847243303],[-44.178343759244854,-6.272576260834287],[-44.18081069499647,-6.263989659462722],[-44.18327754959338,-6.255403044986384],[-44.185744324107986,-6.246816414744582],[-44.18821101779637,-6.238229771501052],[-44.19067763082697,-6.229643112593696],[-44.19314416426369,-6.2210564407890425],[-44.19561061737097,-6.212469753423606],[-44.19807699121407,-6.203883052359338],[-44.20054328505465,-6.195296336741822],[-44.20300949815168,-6.186709607525785],[-44.20547563247829,-6.178122863860903],[-44.20794168729476,-6.169536105797324],[-44.210407662765164,-6.160949333386552],[-44.21287355905359,-6.152362546680088],[-44.21533937541901,-6.143775746632652],[-44.21780511383564,-6.135188931489322],[-44.22027077265736,-6.126602103108026],[-44.22273635295327,-6.11801526063705],[-44.22520185488865,-6.109428403223322],[-44.22766727772118,-6.100841532726157],[-44.230132621617486,-6.092254647387961],[-44.2325978876426,-6.083667749070607],[-44.23506307596301,-6.0750808360164905],[-44.23752818583774,-6.066493909180365],[-44.23999321743197,-6.057906967709181],[-44.24245817181071,-6.049320013464791],[-44.24492304733316,-6.040733044687063],[-44.24738784596912,-6.032146062334553]]]},"properties":{"id_fluxo":130,"agrupamento":"Colinas","origem_aproximada":"Pastos Bons","destino_aproximado":"Colinas","comprimento_m":65190.9}},{"type":"Feature","geometry":{"type":"MultiLineString","coordinates":[[[-45.24031967447796,-4.4478776695012545],[-45.24192047449257,-4.439056568982022],[-45.24352123749568,-4.430235462255603],[-45.24512196179842,-4.421414351156913],[-45.246722648414476,-4.412593232996621],[-45.24832329655662,-4.403772110513984],[-45.24992390814009,-4.394950981924068],[-45.251524481475734,-4.386129848157077],[-45.25312501757776,-4.377308708333024],[-45.25472551565835,-4.368487563381834],[-45.25632597673197,-4.359666413328197],[-45.25792640001021,-4.350845257292691],[-45.25952678650748,-4.342024095299983],[-45.2611271363372,-4.333202928279705],[-45.26272744781009,-4.324381756257428],[-45.264327723742625,-4.315560578352544],[-45.2659279615446,-4.306739395495588],[-45.26752816313122,-4.297918206806243],[-45.269128327714746,-4.28909701321445],[-45.27072845540795,-4.280275813840489],[-45.27232854632395,-4.271454608709335],[-45.27392860147728,-4.262633398750293],[-45.27552862007955,-4.253812183083975],[-45.27712860134273,-4.244990961735642],[-45.27872854718245,-4.236169735634294],[-45.28032845590955,-4.2273485048055335],[-45.28192832943864,-4.218527267464327],[-45.28352816608122,-4.209706025445623],[-45.2851279668511,-4.20088477786936],[-45.28672773186163,-4.1920635256651755],[-45.28832746122552,-4.183242267953358],[-45.28992715505576,-4.1744210047588375],[-45.29152681256433,-4.165599736106932],[-45.29312643476526,-4.15677846202221],[-45.29472602087089,-4.14795718343468],[-45.29632557189487,-4.139135899464267],[-45.297925087950155,-4.1303146101358985],[-45.29952456824875,-4.12149331547488],[-45.30112401290364,-4.1126720155061625],[-45.30272342292909,-4.1038507111590015],[-45.30432279753641,-4.095029400649365],[-45.30592213683922,-4.086208085811538],[-45.30752144185107,-4.07738676576545],[-45.30912071178362,-4.068565439631701],[-45.31071994675049,-4.059744109244597],[-45.31231914686423,-4.050922773724408],[-45.313918313138686,-4.042101433095729],[-45.31551744388497,-4.0332800873841785],[-45.31711654101773,-4.024458736614019],[-45.31871560284813,-4.01563738081089],[-45.32031463129077,-4.006816019999012],[-45.32191362465684,-3.9979946542040636],[-45.32351258395968,-3.989173282545906],[-45.32511150931289,-3.980351906858872],[-45.326710400828965,-3.9715305262631913],[-45.328309258620386,-3.9627091398791627],[-45.32990808189954,-3.953887748636699],[-45.33150687168009,-3.9450663525604295],[-45.333105627174085,-3.936244951675615],[-45.33470434939512,-3.9274235460068447],[-45.336303038456,-3.9186021355790497],[-45.337901693568426,-3.9097807195128373],[-45.33950031574666,-3.9009592996421363],[-45.3410989042017,-3.892137873278225],[-45.34269745904741,-3.883316443160034],[-45.344295981296945,-3.8744950084074707],[-45.345894470161994,-3.8656735681411605],[-45.34749292665639,-3.856852123290333],[-45.34909134909116,-3.848030672975966],[-45.35068973938079,-3.8392092181269377],[-45.35228809673736,-3.830387758768525],[-45.353886421273614,-3.821566294925687],[-45.35548471310192,-3.8127448257186454],[-45.357082972335405,-3.8039233520770113],[-45.358681199086405,-3.795101873121022],[-45.360279393468,-3.7862803897802864],[-45.36187755559254,-3.7774589011750552],[-45.3634756855731,-3.7686374082349072],[-45.365073782621806,-3.7598159109851705],[-45.366671847751554,-3.7509944085456683],[-45.368269881075406,-3.7421729018460432],[-45.369867882705655,-3.7333513900065047],[-45.37146585185443,-3.7245298730523704],[-45.37306378953532,-3.715708351912833],[-45.374661695860986,-3.7068868266128407],[-45.376259570043175,-3.698065296272986],[-45.37785741309506,-3.6892437609178024],[-45.37945522422913,-3.680422221477277],[-45.381053003557675,-3.6716006770716536],[-45.38265075209381,-3.662779127725459]]]},"properties":{"id_fluxo":131,"agrupamento":"Santa Inês","origem_aproximada":"Paulo Ramos","destino_aproximado":"Santa Inês","comprimento_m":88209.0}},{"type":"Feature","geometry":{"type":"MultiLineString","coordinates":[[[-44.59902939596181,-4.571210873779492],[-44.59019728591377,-4.569787250698599],[-44.58136521029024,-4.56836351912528],[-44.57253317018947,-4.566939678257462],[-44.56370116490563,-4.565515729101366],[-44.554869193733985,-4.5640916708538635],[-44.54603725777225,-4.562667503617567],[-44.53720535631511,-4.56124322749402],[-44.5283734904597,-4.559818843490542],[-44.519541658600396,-4.558394349898757],[-44.51070986183432,-4.556969747726014],[-44.50187810035701,-4.5555450379790745],[-44.493046372562944,-4.5541202189495085],[-44.48421468045127,-4.552695290740709],[-44.47538302241395,-4.551270255262778],[-44.4665513995499,-4.549845110809237],[-44.45771981115386,-4.548419857481561],[-44.44888825742131,-4.5469944962865],[-44.44005673854842,-4.545569027326208],[-44.43122525473274,-4.544143448893575],[-44.42239380526756,-4.542717762899321],[-44.41356239034977,-4.541291968540952],[-44.40473101017551,-4.539866065920648],[-44.39589966494169,-4.53844005423596],[-44.387068353941515,-4.537013935397548],[-44.378237078273315,-4.535587708603725],[-44.36940583723255,-4.5341613730513135],[-44.36057463011319,-4.532734929746338],[-44.35174345801277,-4.531308378791758],[-44.342912320226795,-4.529881719384375],[-44.33408121695061,-4.528454952530984],[-44.32525014928338,-4.5270280765254185],[-44.316419115615915,-4.525601094182078],[-44.30758811614685,-4.524174002889342],[-44.29875715197203,-4.522746804559496],[-44.2899262214856,-4.521319498388432],[-44.28109532578596,-4.519892083574669],[-44.272264465067465,-4.518464562029667],[-44.26343363862568,-4.517036932950142],[-44.25460284755902,-4.515609195534722],[-44.24577209025991,-4.514181350788374],[-44.23694136692444,-4.512753398813372],[-44.22811067865103,-4.511325338808337],[-44.219280024733436,-4.509897171779175],[-44.21044940627008,-4.508468896924556],[-44.201618820752955,-4.507040514343851],[-44.19278827108125,-4.505612025046874],[-44.18395775474796,-4.504183428228354],[-44.17512727375186,-4.502754723992621],[-44.166296826486345,-4.501325912439937],[-44.15746641404883,-4.499896993673655],[-44.14863603663535,-4.498467967796094],[-44.13980569264041,-4.497038834002902],[-44.130975383159246,-4.495609594206615],[-44.122145108390065,-4.494180246700417],[-44.11331486852783,-4.492750792491231],[-44.10448466196707,-4.491321230774649],[-44.095654490706465,-4.489891561655244],[-44.08682435313836,-4.488461786137697],[-44.07799425036005,-4.487031904325505],[-44.069164181668576,-4.485601914510776],[-44.060334148159,-4.484171818606151],[-44.05150414822706,-4.482741614902595],[-44.04267418296779,-4.481311305312777],[-44.03384425167707,-4.479880889033337],[-44.02501435455214,-4.478450365262127],[-44.01618449178786,-4.47701973500609],[-44.00735466358025,-4.475588998367656],[-43.9985248701253,-4.474158155449221],[-43.989695109817745,-4.472727205446228],[-43.98086538465616,-4.4712961484635825],[-43.972035693934046,-4.469864985506982],[-43.96320603694614,-4.46843371667763],[-43.95437641389101,-4.467002340268881],[-43.94554682586337,-4.465570858193528],[-43.936717271259326,-4.464139268742397],[-43.92788775117353,-4.4627075738282995],[-43.91905826580329,-4.461275772649157],[-43.91022881444336,-4.45984386530616],[-43.90139939638987,-4.458411850995907],[-43.89257001363994,-4.456979730728081]]]},"properties":{"id_fluxo":132,"agrupamento":"Codó","origem_aproximada":"Pedreiras","destino_aproximado":"Codó","comprimento_m":79387.1}},{"type":"Feature","geometry":{"type":"MultiLineString","coordinates":[[[-45.34862256325262,-2.969163331848622],[-45.34405992164388,-2.9614068416395676],[-45.33949734309342,-2.953650330357921],[-45.33493482828032,-2.9458937999640566],[-45.33037237608316,-2.9381372497048677],[-45.3258099871805,-2.930380679731419],[-45.321247661351016,-2.9226240901949856],[-45.316685398373174,-2.9148674803421932],[-45.312123197126155,-2.907110851229267],[-45.307561058288236,-2.8993542021025704],[-45.30299898253823,-2.8915975340178477],[-45.29843696785502,-2.8838408462221645],[-45.29387501491717,-2.876084138866597],[-45.289313124403236,-2.868327412102149],[-45.28475129429243,-2.860570666080614],[-45.28018952616308,-2.8528139009527824],[-45.275627818894186,-2.8450571168701733],[-45.27106617316412,-2.837300313079132],[-45.26650458785212,-2.8295434906358614],[-45.2619430627368,-2.821786648786912],[-45.25738159849672,-2.8140297876833618],[-45.25282019491091,-2.8062729083811804],[-45.24825885085807,-2.798516009222413],[-45.24369756701717,-2.7907590921675225],[-45.239136343166656,-2.783002155558406],[-45.234575179085596,-2.7752452004509687],[-45.23001407365293,-2.767488226091993],[-45.22545302844734,-2.7597312344417277],[-45.220892041447755,-2.7519742229377147],[-45.21633111423279,-2.7442171935402144],[-45.21177024568149,-2.7364601454959727],[-45.20720943557274,-2.7287030789562303],[-45.20264868368546,-2.720945994072206],[-45.198087990698255,-2.713188890995003],[-45.193527355490204,-2.7054317689712866],[-45.188966777840534,-2.6976746299616945],[-45.18440625842744,-2.6899174714032172],[-45.1798457970301,-2.6821602952564816],[-45.175285392527826,-2.674403101672863],[-45.170725045599106,-2.6666458898987315],[-45.166164755123134,-2.6588886591807257],[-45.16160452267839,-2.6511314114792506],[-45.15704434624448,-2.643374146041039],[-45.152484226499894,-2.6356168621124785],[-45.14792416412335,-2.6278595607493997],[-45.143364157094524,-2.620102241198504],[-45.13880420609214,-2.6123449045155955],[-45.1342443117948,-2.6045875508517997],[-45.12968447308173,-2.5968301785489856],[-45.12512468973215,-2.58907278956777],[-45.12056496152492,-2.581315382249946],[-45.116005289138826,-2.573557958556009],[-45.111445671453176,-2.5658005168278515],[-45.106886109146686,-2.558043058121296],[-45.10232660199832,-2.5502855816827896],[-45.09776714888768,-2.54252808856834],[-45.093207749593816,-2.5347705789291055],[-45.08864840569479,-2.527013051106719]]]},"properties":{"id_fluxo":133,"agrupamento":"Pinheiro","origem_aproximada":"Pedro do Rosário","destino_aproximado":"Pinheiro","comprimento_m":56775.7}},{"type":"Feature","geometry":{"type":"MultiLineString","coordinates":[[[-45.1742793001225,-3.28989609615965],[-45.1732711797157,-3.280921103506877],[-45.172263077862404,-3.271946109072902],[-45.17125499358831,-3.26297111106124],[-45.17024692771989,-3.2539961103892323],[-45.1692388792833,-3.2450211079744817],[-45.16823084820445,-3.2360461020203592],[-45.16722283530991,-3.2270710943488745],[-45.166214840525534,-3.2180960831634042],[-45.16520686287771,-3.209121070286256],[-45.16419890319258,-3.2001460548253715],[-45.16319096049608,-3.1911710358889316],[-45.16218303561479,-3.1821960152989703],[-45.16117512847459,-3.1732209912588787],[-45.16016723810191,-3.164245965590942],[-45.15915936532275,-3.1552709364983764],[-45.15815151006355,-3.146295905803379],[-45.157143671350234,-3.13732087170944],[-45.15613585000932,-3.1283458360385885],[-45.15512804686673,-3.119370796994061],[-45.15412026004882,-3.110395755493608],[-45.15311248948197,-3.101420712454661],[-45.15210473689209,-3.092445666080343],[-45.15109700130557,-3.083470617288269],[-45.15008928264863,-3.0744955660911755],[-45.149081579947556,-3.065520512501988],[-45.14807389492848,-3.0565454565332058],[-45.14706622661759,-3.047570397293022],[-45.14605857404144,-3.038595336603711],[-45.14505093892601,-3.029620273573128],[-45.144043320297506,-3.020645207309445],[-45.14303571808232,-3.0116701387301488],[-45.142028133106706,-3.0026950687525567],[-45.14102056349691,-2.9937199955802853],[-45.140013010979104,-2.9847449201305696],[-45.13900547457954,-2.975769841511608],[-45.13799795422473,-2.96679476154554],[-45.136990450740704,-2.957819679340352],[-45.135982963153765,-2.9488445940042043],[-45.13497549139031,-2.93986950645455],[-45.13396803627646,-2.930894416704082],[-45.13296059683867,-2.921919324765659],[-45.13195317300313,-2.9129442297473447],[-45.13094576559618,-2.90396913347121],[-45.12993837454389,-2.8949940341406144],[-45.12893099887285,-2.886018932673135],[-45.12792363940918,-2.877043829081455],[-45.12691629517929,-2.868068722473704],[-45.12590896700946,-2.8590936146719934],[-45.12490165392605,-2.8501185038797465],[-45.123894356755244,-2.8411433910143717],[-45.12288707542327,-2.8321682751838986],[-45.12187980895686,-2.823193158210635],[-45.12087255818194,-2.8142180382978275],[-45.119865323024904,-2.805242916362932],[-45.11885810341201,-2.7962677915140457],[-45.117850899269754,-2.7872926655733323],[-45.116843709624575,-2.7783175367442388],[-45.115836536202266,-2.7693424050393536],[-45.11482937712991,-2.760367272281034],[-45.113822233233385,-2.751392136672566],[-45.11281510443915,-2.7424169991313887],[-45.11180799067345,-2.7334418587655818],[-45.11080089186282,-2.7244667173973443],[-45.10979380793339,-2.715491572325288],[-45.10878673881174,-2.7065164262763384],[-45.10777968532375,-2.6975412774537335],[-45.106772645596536,-2.688566126775145],[-45.10576562135581,-2.6795909742531645],[-45.104758610728524,-2.6706158189959917],[-45.10375161544048,-2.661640661920981],[-45.10274463451829,-2.6526655021362546],[-45.10173766878808,-2.643690340559213],[-45.100730717276576,-2.6347151772027004],[-45.0997237790105,-2.6257400111748472],[-45.09871685661517,-2.6167648433929136],[-45.09770994731813,-2.6077896738698843],[-45.09670305284494,-2.5988145017136755],[-45.09569617312204,-2.5898393278417835],[-45.09468930717618,-2.580864151362302],[-45.09368245493385,-2.571888973192725],[-45.092675617221026,-2.5629137933457713],[-45.09166879306449,-2.553938610929531],[-45.090661983290225,-2.544963425956742],[-45.089655187824704,-2.5359882393448494],[-45.08864840569479,-2.527013051106719]]]},"properties":{"id_fluxo":134,"agrupamento":"Pinheiro","origem_aproximada":"Penalva","destino_aproximado":"Pinheiro","comprimento_m":84859.2}},{"type":"Feature","geometry":{"type":"MultiLineString","coordinates":[[[-44.85497759994325,-2.577772411069239],[-44.86363240249135,-2.5758931986206046],[-44.8722871790505,-2.574013927476487],[-44.88094193034899,-2.572134597766545],[-44.889596656215616,-2.570255207810918],[-44.89825135737847,-2.5683757595486663],[-44.90690603276675,-2.5664962522045824],[-44.91556068310868,-2.5646166859082715],[-44.92421530823295,-2.562737060789333],[-44.93286990796825,-2.5608573769773053],[-44.941524482143315,-2.5589776336970873],[-44.95017903148634,-2.557097831982992],[-44.95883355582604,-2.5552179719645736],[-44.96748805409157,-2.5533380528667076],[-44.97614252791074,-2.551458075723725],[-44.98479697711226,-2.5495780388557696],[-44.993451400625275,-2.547697944201839],[-45.0021057982785,-2.5458177909868205],[-45.01076017169975,-2.543937579340305],[-45.0194145198182,-2.542057309391884],[-45.0280688433621,-2.5401769812711192],[-45.036723141260616,-2.538296594202945],[-45.04537741424204,-2.536416149221638],[-45.05403166303462,-2.5345356455520487],[-45.062685885668,-2.5326550842285456],[-45.071340083770004,-2.530774464475982],[-45.07999425716939,-2.5288937873286503],[-45.08864840569479,-2.527013051106719]]]},"properties":{"id_fluxo":135,"agrupamento":"Pinheiro","origem_aproximada":"Peri Mirim","destino_aproximado":"Pinheiro","comprimento_m":26575.1}},{"type":"Feature","geometry":{"type":"MultiLineString","coordinates":[[[-44.331347944965394,-4.373002335956424],[-44.32257335055014,-4.37468442248247],[-44.31379871697534,-4.376366405347245],[-44.305024044424876,-4.378048286240603],[-44.296249332184686,-4.379730063233151],[-44.2874745813407,-4.381411737110991],[-44.27869979117637,-4.383093308658527],[-44.26992496187898,-4.384774775947218],[-44.26115009273108,-4.3864561406660485],[-44.252375184819435,-4.388137402696547],[-44.24360023743018,-4.3898185601093065],[-44.234825250746184,-4.391499615498768],[-44.226050225856035,-4.3931805669373825],[-44.21727516024168,-4.394861414302999],[-44.208500055889246,-4.396542159287348],[-44.199724912084996,-4.398222799961015],[-44.190949729012615,-4.399903338013828],[-44.18217450685865,-4.40158377242191],[-44.173399244908495,-4.40326410216038],[-44.164623944247,-4.404944328920084],[-44.155848603257326,-4.406624452579708],[-44.14707322392958,-4.408304471212839],[-44.13829780464386,-4.409984387411857],[-44.129522345587894,-4.411664199248285],[-44.12074684784855,-4.413343906603926],[-44.11197130980691,-4.415023511166467],[-44.10319573345322,-4.41670301100966],[-44.09442011626842,-4.4183824069155095],[-44.08564446114071,-4.420061699672624],[-44.076868765554345,-4.421740887349261],[-44.06809303059398,-4.423419971636398],[-44.05931725554523,-4.425098951509037],[-44.05054144149501,-4.426777826849068],[-44.04176558772665,-4.428456598440614],[-44.03298969532826,-4.430135265261074],[-44.024213761779535,-4.431813828996728],[-44.0154377899734,-4.433492286818222],[-44.0066617782896,-4.435170641317571],[-43.997885726013834,-4.436848891469765],[-43.98910963513549,-4.4385270362534275],[-43.98033350403547,-4.440205077355945],[-43.97155733380195,-4.44188301375478],[-43.962781123719495,-4.443560845329447],[-43.954004873972615,-4.445238572865231],[-43.94522858474835,-4.446916195338375],[-43.93645225532999,-4.448593713532874],[-43.92767588680584,-4.450271126426264],[-43.91889947755796,-4.451948434801248],[-43.910123029574606,-4.453625638541218],[-43.90134654124048,-4.455302736619787],[-43.89257001363994,-4.456979730728081]]]},"properties":{"id_fluxo":136,"agrupamento":"Codó","origem_aproximada":"Peritoró","destino_aproximado":"Codó","comprimento_m":49564.3}},{"type":"Feature","geometry":{"type":"MultiLineString","coordinates":[[[-45.339020646756794,-3.614641571565503],[-45.34447415676256,-3.6206588842664864],[-45.349927739417424,-3.6266761635653797],[-45.355381393951745,-3.632693409296621],[-45.360835120496304,-3.638710621294307],[-45.36628891918152,-3.6447277984878417],[-45.37174279103939,-3.650744942520309],[-45.37719673529988,-3.656762052321486],[-45.38265075209381,-3.662779127725459]]]},"properties":{"id_fluxo":137,"agrupamento":"Santa Inês","origem_aproximada":"Pindaré-Mirim","destino_aproximado":"Santa Inês","comprimento_m":7196.5}},{"type":"Feature","geometry":{"type":"MultiLineString","coordinates":[[[-45.17068685298459,-3.891486692161062],[-45.176744519535816,-3.884952933828089],[-45.18280209229153,-3.8784191315529095],[-45.18885957232067,-3.8718852846529384],[-45.19491695889092,-3.8653513933506276],[-45.20097425397187,-3.858817456963159],[-45.20703145503023,-3.8522834775227746],[-45.21308856493581,-3.8457494525370532],[-45.219145582056036,-3.8392153840380328],[-45.22520250655932,-3.832681272247991],[-45.23125934041489,-3.8261471155793125],[-45.23731608108935,-3.8196129151596643],[-45.24337273145279,-3.8130786703058446],[-45.249429289872495,-3.8065443821452853],[-45.25548575651684,-3.8000100509002084],[-45.261542132454565,-3.7934756758878976],[-45.26759841695309,-3.7869412564261795],[-45.27365461108194,-3.780406794546347],[-45.27971071410826,-3.773872288661536],[-45.2857667271013,-3.7673377398983505],[-45.29182265022906,-3.7608031475743267],[-45.2978784818587,-3.7542685119122816],[-45.30393422395972,-3.7477338331337773],[-45.30998987670074,-3.7411991123657167],[-45.316045439348855,-3.7346643480212367],[-45.3221009120724,-3.728129540322535],[-45.328156295940545,-3.721594690396167],[-45.334211590220704,-3.715059797559936],[-45.340266795981734,-3.7085248620357185],[-45.34632191249136,-3.7019898840460157],[-45.35237693991792,-3.695454863813011],[-45.35843187933018,-3.688919801558529],[-45.364486729995214,-3.6823846956957165],[-45.37054149208239,-3.675849549160799],[-45.37659616575887,-3.6693143594618847],[-45.38265075209381,-3.662779127725459]]]},"properties":{"id_fluxo":139,"agrupamento":"Santa Inês","origem_aproximada":"Pio XII","destino_aproximado":"Santa Inês","comprimento_m":34540.3}},{"type":"Feature","geometry":{"type":"MultiLineString","coordinates":[[[-44.22921077239574,-3.725940914807743],[-44.229419061708434,-3.7169930054030944],[-44.22962734707261,-3.7080450932894857],[-44.229835628501725,-3.6990971802807637],[-44.230043906012426,-3.6901492645723333],[-44.23025217871856,-3.6812013470725993],[-44.23046044753488,-3.6722534286915973],[-44.23066871157757,-3.663305507623927],[-44.230876972661775,-3.6543575847803447],[-44.23108522900173,-3.645409660163942],[-44.23129348061253,-3.636461733779319],[-44.23150172931001,-3.627513805632628],[-44.23170997330848,-3.6185658757269596],[-44.231918213523386,-3.60961794406766],[-44.2321264490702,-3.6006700097539834],[-44.23233468086283,-3.591722074600548],[-44.232542908016754,-3.582774137706561],[-44.23275113234848,-3.573826198173572],[-44.232959352070885,-3.5648782578138722],[-44.23316756720057,-3.5559303148228874],[-44.23337577865216,-3.5469823701105825],[-44.23358398643997,-3.53803442458618],[-44.23379219058056,-3.529086476445069],[-44.234000390187944,-3.520138526595731],[-44.23420858527722,-3.5111905750427854],[-44.234416777663995,-3.502242621792329],[-44.23462496466252,-3.4932946668467766],[-44.234833148988656,-3.484346710212923],[-44.23504132885769,-3.4753987509893136],[-44.235249504283225,-3.466450790989815],[-44.23545767708153,-3.4575028293158714],[-44.2356658445677,-3.4485548650652986],[-44.23587400855582,-3.439606900053385],[-44.23608216906237,-3.4306589324755477],[-44.2362903261017,-3.421710963241],[-44.23649847878795,-3.412762993258257],[-44.236706627137636,-3.403815020722723],[-44.236914772065276,-3.394867046544317],[-44.23712291358592,-3.3859190707276716],[-44.237331050814475,-3.3769710932767087],[-44.237539183766025,-3.368023114196017],[-44.237747313355754,-3.359075133490961],[-44.237955439599425,-3.350127150261503],[-44.23816356161056,-3.341179166320828],[-44.23837168030506,-3.3322311807696243],[-44.23857979479855,-3.3232831927071933],[-44.23878790510471,-3.3143352039473952],[-44.2389960121401,-3.305387212686309],[-44.239204115919044,-3.2964392198331725],[-44.239412215555866,-3.2874912262965497],[-44.239620311066986,-3.2785432302717927],[-44.23982840336685,-3.2695952326688626],[-44.24003649247049,-3.260647233492347],[-44.2402445765929,-3.2516992327455347],[-44.240452658449236,-3.2427512304350583],[-44.240660735355135,-3.2338032256589164],[-44.24086880912438,-3.2248552202323126],[-44.241076879772656,-3.215907213255246],[-44.24128494641571,-3.2069592038270436],[-44.24149300906726,-3.198011193761575],[-44.241701068643685,-3.1890631812548897],[-44.241909124259365,-3.180115167215582],[-44.24211717682871,-3.171167152553528],[-44.24232522546809,-3.1622191354634777],[-44.24253327019193,-3.1532711168546474],[-44.24274131191521,-3.1443230967323545],[-44.24294934975306,-3.1353750751005296],[-44.24315738462046,-3.126427051964488],[-44.24336541563253,-3.1174790273281845],[-44.24357344280499,-3.10853100029162],[-44.243781467051484,-3.0995829726693205],[-44.243989487487816,-3.0906349435606373],[-44.24419750412968,-3.081686912065576],[-44.2444055169915,-3.072738879093404],[-44.24461352698758,-3.063790845553982],[-44.24482153413422,-3.0548428096427136],[-44.24502953664609,-3.0458947722675473],[-44.245237536337996,-3.0369467334344145],[-44.24544553322496,-3.027998693147923],[-44.24565352552236,-3.019050651411423],[-44.2458615150449,-3.010102608230835],[-44.24606950090783,-3.0011545636101435],[-44.246277484025995,-2.9922065175545995],[-44.24648546261544,-2.983258469162963],[-44.246693438489615,-2.974310420250373],[-44.246901411664766,-2.9653623690121678],[-44.24710938035575,-2.9564143163563896],[-44.2473173463766,-2.9474662631935424],[-44.24752530884378,-2.9385182077183525]]]},"properties":{"id_fluxo":140,"agrupamento":"Titara","origem_aproximada":"Pirapemas","destino_aproximado":"Rosário","comprimento_m":87068.3}},{"type":"Feature","geometry":{"type":"MultiLineString","coordinates":[[[-44.94261864501103,-4.751104499667338],[-44.946008369901996,-4.742733877960006],[-44.949398013113026,-4.734363237565912],[-44.952787575752424,-4.725992577672438],[-44.95617705622309,-4.717621900180768],[-44.959566455633315,-4.709251204278286],[-44.96295577418964,-4.700880489152295],[-44.96634501119676,-4.692509755799392],[-44.96973416866453,-4.684139003406986],[-44.973123244094296,-4.675768233876224],[-44.97651224039758,-4.667397444585214],[-44.9799011559774,-4.659026637435154],[-44.983289991040174,-4.650655812518041],[-44.98667874579232,-4.642284969021137],[-44.99006742134183,-4.63391410703645],[-44.99345601699341,-4.625543226655892],[-44.99684453295344,-4.617172328876074],[-45.00023296942825,-4.608801411979635],[-45.0036213275257,-4.6004304778678256],[-45.00700960564899,-4.5920595248232825],[-45.01039780490597,-4.58368855474727],[-45.01378592460138,-4.575317565922379],[-45.017173966744544,-4.566946558440547],[-45.020561929738676,-4.558575534203047],[-45.02394981469152,-4.550204491492478],[-45.02733762090782,-4.541833431305434],[-45.030725349495256,-4.533462352829167],[-45.034112999758555,-4.525091256155596],[-45.0375005728054,-4.516720142281292],[-45.04088806703901,-4.508349010393603],[-45.044275484468535,-4.49997786148899],[-45.04766282439855,-4.491606693850081],[-45.05105008703533,-4.483235509378131],[-45.05443727258494,-4.474864307260373],[-45.05782438215481,-4.466493086683961],[-45.06121141324703,-4.45812184955034],[-45.064598368771684,-4.449750594141878],[-45.06798524803355,-4.441379321455176],[-45.07137205033734,-4.433008031582243],[-45.074758775889116,-4.424636724614943],[-45.07814542669751,-4.41626539974032],[-45.08153200026456,-4.407894057050537],[-45.08491849950035,-4.39952269754186],[-45.088304921906804,-4.39115132040179],[-45.091691269492685,-4.382779926626658],[-45.09507754156255,-4.374408515403801],[-45.09846373832239,-4.366037086825055],[-45.101849859978124,-4.357665640982309],[-45.10523590673585,-4.349294178872102],[-45.108621878801245,-4.340922698776945],[-45.11200777638035,-4.332551201693357],[-45.11539359877786,-4.324179687713345],[-45.11877934800213,-4.315808156928511],[-45.12216502245642,-4.307436608526254],[-45.12555062324816,-4.2990650444076834],[-45.128936149681536,-4.290693461950749],[-45.13232160286404,-4.2823218639611556],[-45.13570698210005,-4.2739502487215635],[-45.13909228759538,-4.2655786163238165],[-45.142477520457,-4.2572069668595685],[-45.14586267998973,-4.248835301325512],[-45.1492477663992,-4.240463618908799],[-45.152632779891356,-4.2320919206059395],[-45.15601772067163,-4.223720204699404],[-45.15940258894594,-4.215348472185678],[-45.16278738492003,-4.206976723156595],[-45.166172108799834,-4.198604958608652],[-45.169556759889616,-4.190233176824484],[-45.17294133929615,-4.181861377895729],[-45.176325847225534,-4.173489563723551],[-45.17971028298199,-4.165117732590588],[-45.18309464767225,-4.156745884588451],[-45.186478940601354,-4.148374021618512],[-45.18986316197433,-4.14000214105854],[-45.193247312898265,-4.131630244809455],[-45.19663139267756,-4.123258332058606],[-45.200015401518044,-4.114886403802445],[-45.20339933962491,-4.10651445832343],[-45.206783207204175,-4.098142497522698],[-45.210167004461226,-4.0897705205873605],[-45.213550731601615,-4.081398527609181],[-45.21693438883067,-4.073026517775255],[-45.22031797635442,-4.064654492986754],[-45.223701493476995,-4.056282451526304],[-45.227084940404175,-4.047910394390366],[-45.23046831914331,-4.039538321670212],[-45.233851627197204,-4.031166233458378],[-45.2372348674735,-4.022794128036497],[-45.240618037475805,-4.01442200821113],[-45.24400113921059,-4.006049871359478],[-45.24738417198295,-3.9976777193829327],[-45.250767135998366,-3.9893055523732497],[-45.25415003146172,-3.9809333686128108],[-45.25753285857901,-3.9725611700027352],[-45.26091561755536,-3.9641889557300765],[-45.26429830859592,-3.9558167249819176],[-45.267680931906625,-3.9474444796593344],[-45.271063487692594,-3.9390722189494043],[-45.27444597525812,-3.9306999420394786],[-45.277828395709626,-3.922327649925661],[-45.28121074835174,-3.9139553426999765],[-45.28459303429054,-3.9055830204538755],[-45.287975252830314,-3.897210682374707],[-45.29135740507712,-3.888838328553868],[-45.29473949033585,-3.8804659599880686],[-45.29812150881149,-3.8720935758643664],[-45.30150346070966,-3.8637211771791575],[-45.30488534623532,-3.8553487631194643],[-45.30826716559375,-3.8469763337769947],[-45.31164891989087,-3.8386038892431467],[-45.31503060753058,-3.8302314296102637],[-45.31841222961881,-3.821858954969738],[-45.321793785460116,-3.8134864654135905],[-45.32517527616039,-3.805113961033203],[-45.32855670192482,-3.7967414419202474],[-45.33193806295825,-3.788368907261758],[-45.33531935856559,-3.7799963580544285],[-45.33870058895205,-3.77162379438995],[-45.34208175522303,-3.7632512154550026],[-45.345462856683426,-3.7548786222462756],[-45.34884389353807,-3.746506013950794],[-45.35222486599208,-3.738133390660222],[-45.355605774250954,-3.729760753370912],[-45.358986619419625,-3.721388100364837],[-45.36236739990283,-3.7130154335437315],[-45.36574811680585,-3.7046427520942258],[-45.36912877033376,-3.6962700561079984],[-45.372509360691645,-3.6878973456766984],[-45.37588988718405,-3.67952462089238],[-45.379270350916556,-3.6711518818463076],[-45.38265075209381,-3.662779127725459]]]},"properties":{"id_fluxo":141,"agrupamento":"Santa Inês","origem_aproximada":"Poção de Pedras","destino_aproximado":"Santa Inês","comprimento_m":129833.6}},{"type":"Feature","geometry":{"type":"MultiLineString","coordinates":[[[-47.39547756623658,-6.343665943940462],[-47.39624862453958,-6.334743008607187],[-47.39701965758648,-6.325820068742439],[-47.39779066272951,-6.316897125271199],[-47.39856164273268,-6.307974177285792],[-47.39933259494414,-6.299051224807355],[-47.40010352213196,-6.290128267832063],[-47.4008744225518,-6.281205307280699],[-47.40164529626178,-6.2722823431618995],[-47.40241614421502,-6.263359373672508],[-47.40318696647782,-6.254436400628855],[-47.40395776129773,-6.245513423144008],[-47.404728531446594,-6.236590442118024],[-47.40549927426877,-6.22766745666814],[-47.40626999162871,-6.218744466794713],[-47.40704068358856,-6.209821473410232],[-47.40781134929502,-6.2008984747198275],[-47.40858198881845,-6.191975473443563],[-47.409352602204606,-6.1830524668786255],[-47.41012319042284,-6.174129456837199],[-47.41089375172089,-6.165206442432285],[-47.41166428886603,-6.156283423660257],[-47.41243479921114,-6.147360401445823],[-47.413205283713246,-6.138437374889714],[-47.41397574333336,-6.129514343996471],[-47.41474617722646,-6.120591308778839],[-47.415516585454604,-6.111668270149233],[-47.41628696807173,-6.1027452272124965],[-47.41705732513986,-6.093822180881043],[-47.41782765670887,-6.0848991293559],[-47.418597962844835,-6.075976074453296],[-47.41936824360167,-6.067053015278058],[-47.42013849903733,-6.058129951838816],[-47.42090872921379,-6.049206885048027],[-47.42167893418495,-6.040283814010464],[-47.42244911400876,-6.031360738734773],[-47.42321926874312,-6.022437659229563],[-47.423989398449976,-6.013514576407305],[-47.424759503183225,-6.00459148937279],[-47.425529582098,-5.995668398138641],[-47.42629963615499,-5.9867453027094575],[-47.42706966541607,-5.977822203997708],[-47.42783966993513,-5.968899101108166],[-47.42860964977005,-5.959975994049488],[-47.429379604076004,-5.951052882834234],[-47.43014953381753,-5.94212976837087],[-47.430919439044544,-5.933206648860389],[-47.431689318920185,-5.9242835261229985],[-47.43245917440098,-5.915360399259534],[-47.433229005548725,-5.906437269182424],[-47.43399881151074,-5.8975141340966095],[-47.43476859325535,-5.888590995814374],[-47.43553834993385,-5.879667853444444],[-47.43630808250664,-5.8707447069915215],[-47.43707779012899,-5.861821556468133],[-47.43784747376513,-5.85289840278275],[-47.438617133465044,-5.843975244136382],[-47.439386767489324,-5.835052082353107],[-47.44015637859934,-5.82612891652594],[-47.44092596414542,-5.81720574667524],[-47.441695525994184,-5.808282573705598],[-47.442465063293156,-5.799359395821901],[-47.44323457701032,-5.790436214836475],[-47.4440040662971,-5.781513029858008],[-47.44477353121126,-5.772589840895096],[-47.445542972712936,-5.763666647952438],[-47.44631238996133,-5.754743451946361],[-47.44708178300646,-5.745820251077803],[-47.44785115191377,-5.736897047163015],[-47.44862049763946,-5.727973839302885],[-47.44938981843659,-5.719050627513746],[-47.4501591161675,-5.710127411796494],[-47.45092838998758,-5.7012041921635435],[-47.45169763995452,-5.692280968623507],[-47.45246686612985,-5.683357742088774],[-47.453236068563584,-5.674434510760314],[-47.454005247321064,-5.665511276454355],[-47.45477440245611,-5.656588038275666],[-47.45554353402641,-5.647664796232835],[-47.45631264299179,-5.638741550330622],[-47.45708172760553,-5.629818300585256],[-47.457850788831244,-5.620895047905331],[-47.458619826719,-5.611971790491789],[-47.45938884043186,-5.6030485301646324],[-47.46015783182416,-5.5941252651172535],[-47.46092679915682,-5.58520199717342],[-47.46169574428788,-5.576278725430344],[-47.46246466547076,-5.5673554499041655],[-47.463233563665156,-5.558432170599689],[-47.4640024380266,-5.549508887529257],[-47.46477129041678,-5.540585600693907],[-47.465540119089184,-5.531662310109772],[-47.46630892500717,-5.52273901668544],[-47.46707770731883,-5.513815718625646]]]},"properties":{"id_fluxo":142,"agrupamento":"Imperatriz","origem_aproximada":"Porto Franco","destino_aproximado":"Imperatriz","comprimento_m":92157.5}},{"type":"Feature","geometry":{"type":"MultiLineString","coordinates":[[[-44.5955883647182,-1.8623611684366406],[-44.60094548835734,-1.8695865106324754],[-44.60630265481251,-1.876811836206833],[-44.61165986608918,-1.884037144966997],[-44.61701712149565,-1.8912624358149348],[-44.62237442033978,-1.898487709462018],[-44.627731764626894,-1.9057129666202102],[-44.6330891527663,-1.912938205286586],[-44.638446586763166,-1.9201634270777954],[-44.6438040650264,-1.9273886318003348],[-44.649161588662594,-1.9346138183565376],[-44.6545191578788,-1.9418389874579443],[-44.65987677198308,-1.949064138911262],[-44.66523443208187,-1.9562892725235295],[-44.6705921383824,-1.9635143881015615],[-44.675949890192584,-1.9707394863567516],[-44.68130768861902,-1.9779645661914385],[-44.68666553296962,-1.9851896283169808],[-44.69202342345181,-1.992414671635538],[-44.6973813611717,-1.9996396977634991],[-44.70273934633693,-2.0068647046983217],[-44.70809737825521,-2.0140896940560746],[-44.713455457134,-2.0213146647389055],[-44.718813583180406,-2.028539617458323],[-44.72417175660188,-2.035764551116488],[-44.729529978504765,-2.042989466425091],[-44.7348882472979,-2.050214363190637],[-44.74024656498705,-2.057439241220256],[-44.74560493088028,-2.064664100320618],[-44.75096334428565,-2.0718889402984213],[-44.756321807208806,-2.0791137618654787],[-44.761680318058566,-2.0863385648282944],[-44.767038878840886,-2.0935633480892815],[-44.77239748796444,-2.1007881123596914],[-44.77775614653581,-2.108012857446453],[-44.78311485476219,-2.1152375840611017],[-44.78847361195176,-2.1224622911055913],[-44.79383241921114,-2.129686978386851],[-44.799191276747656,-2.136911645711698],[-44.80455018386913,-2.144136294696237],[-44.80990914078314,-2.1513609233378297],[-44.8152681494954,-2.1585855332529205],[-44.82062720751559,-2.165810122438562],[-44.82598631684945,-2.173034692511189],[-44.83134547770445,-2.180259242372875],[-44.836704688489235,-2.187483772734883],[-44.842063951209795,-2.194708283404251],[-44.847423265174285,-2.2019327732829153],[-44.85278263148924,-2.209157243987192],[-44.85814204856353,-2.2163816935142333],[-44.863501518403055,-2.2236061234804376],[-44.86886103941653,-2.230830533692409],[-44.87422061361019,-2.238054922147656],[-44.87958024029185,-2.2452792913669897],[-44.884939918769724,-2.2525036393476916],[-44.89029965104978,-2.259727967706085],[-44.89565943554084,-2.2669522744393955],[-44.90101927334956,-2.274176561163849],[-44.906379164683436,-2.2814008267815016],[-44.91173910974981,-2.288625072003806],[-44.9170991078568,-2.2958492957327774],[-44.92245916011113,-2.3030734995846185],[-44.92781926672032,-2.3102976815566616],[-44.933179426992375,-2.31752184236032],[-44.93853964203411,-2.324745982707079],[-44.94389991115361,-2.3319701014989596],[-44.94926023455832,-2.3391941985426703],[-44.954620613355075,-2.34641827454973],[-44.95998104775136,-2.3536423293268323],[-44.96534153615579,-2.3608663626806736],[-44.9707020805747,-2.3680903744180357],[-44.97606268031614,-2.3753143643456203],[-44.981423336487005,-2.3825383331748826],[-44.98678404749592,-2.389762279807802],[-44.99214481534927,-2.396986204955819],[-44.997505638455635,-2.404210108425671],[-45.00286651882145,-2.4114339891193493],[-45.008227455754756,-2.4186578486529884],[-45.013588448563596,-2.4258816850238794],[-45.01894949925444,-2.4331055007528377],[-45.02431060623584,-2.4403292929324816],[-45.02967177061484,-2.4475530640836265],[-45.035032992598936,-2.4547768122035425],[-45.04039427239571,-2.4620005380036374],[-45.04575560931318,-2.4692242412906515],[-45.05111700445841,-2.476447921871215],[-45.05647845713943,-2.483671579552069],[-45.06183996846339,-2.4908952159493074],[-45.06720153863775,-2.4981188281554387],[-45.07256316697066,-2.5053424186913573],[-45.077924854569154,-2.512565985554257],[-45.083286600741324,-2.519789529455592],[-45.08864840569479,-2.527013051106719]]]},"properties":{"id_fluxo":143,"agrupamento":"Pinheiro","origem_aproximada":"Porto Rico do Maranhão","destino_aproximado":"Pinheiro","comprimento_m":91667.9}},{"type":"Feature","geometry":{"type":"MultiLineString","coordinates":[[[-44.49237680144243,-5.297528105019221],[-44.48953157335708,-5.306070861174569],[-44.48668626599147,-5.314613601585098],[-44.483840880965296,-5.323156327089696],[-44.480995417192275,-5.3316990367158175],[-44.478149875389605,-5.340241731301684],[-44.4753042535684,-5.348784409873927],[-44.47245855425094,-5.357327073272296],[-44.46961277454575,-5.365869720522661],[-44.4667669169751,-5.374412352464766],[-44.46392097864744,-5.382954968124478],[-44.46107496208429,-5.39149756924616],[-44.458228865297386,-5.400040153951818],[-44.45538268900386,-5.408582723079661],[-44.45253643301905,-5.41712527656247],[-44.44969009715905,-5.42566781342847],[-44.44684368123752,-5.434210335419637],[-44.44399718416788,-5.442752841563337],[-44.44115060757155,-5.451295330889415],[-44.43830395035943,-5.459837805139039],[-44.4354572132503,-5.4683802633412215],[-44.432610394253096,-5.476922706331685],[-44.42976349499015,-5.485465132235673],[-44.42691651437221,-5.494007542794333],[-44.424069453118044,-5.502549937036706],[-44.42122231104197,-5.5110923158001786],[-44.41837508705723,-5.519634678112033],[-44.41552778097893,-5.5281770239050685],[-44.41268039442688,-5.536719354018397],[-44.40983292541149,-5.545261667478432],[-44.406985374648855,-5.553803966028042],[-44.404137741053894,-5.5623462468852445],[-44.40129002624464,-5.570888512698462],[-44.3984422291351,-5.579430761590345],[-44.3955943495394,-5.587972994398248],[-44.392746387272545,-5.59651521105491],[-44.38989834305242,-5.605057411494061],[-44.387050214888205,-5.613599595646543],[-44.38420200440162,-5.622141762542435],[-44.38135371050281,-5.630683913922689],[-44.3785053339106,-5.639226048816438],[-44.375656873536954,-5.64776816715547],[-44.37280833009976,-5.656310268873499],[-44.36995970341393,-5.664852353903277],[-44.367110992390344,-5.6733944230811515],[-44.364262197747856,-5.681936475436256],[-44.36141331930133,-5.69047851090132],[-44.35856435686458,-5.6990205303137],[-44.3557153093504,-5.707562532700521],[-44.35286617837869,-5.716104518901101],[-44.35001696286219,-5.724646487942619],[-44.34716766261465,-5.7331884406623494],[-44.344318277451876,-5.74173037608847],[-44.341468808090674,-5.7502722950592915],[-44.338619252539516,-5.758814197505492],[-44.33576961241938,-5.76735608336184],[-44.33291988754602,-5.775897951656527],[-44.330070076829934,-5.78443980322576],[-44.327220180988945,-5.792981638003331],[-44.32437019893453,-5.801523455920905],[-44.32152013138341,-5.810065257816809],[-44.31866997815241,-5.8186070418146425],[-44.315819738151795,-5.827148808750566],[-44.31296941300266,-5.835690558559496],[-44.310119000711964,-5.844232292076524],[-44.30726850290191,-5.8527740083319655],[-44.304417917580494,-5.861315707256334],[-44.30156724636882,-5.86985738878453],[-44.29871648817698,-5.878399053752736],[-44.295865642820615,-5.8869407011890615],[-44.29301471011304,-5.8954823319307454],[-44.29016369077323,-5.904023945007098],[-44.28731258371111,-5.912565541254208],[-44.28446138964569,-5.921107119701344],[-44.28161010748681,-5.929648681184625],[-44.27875873795229,-5.938190225637889],[-44.275907280856494,-5.946731752993827],[-44.27305573511158,-5.955273262279391],[-44.27020410143416,-5.96381475433297],[-44.26735237963855,-5.972356229087265],[-44.264500569539095,-5.980897686474954],[-44.26164867095012,-5.989439126428729],[-44.25879668368714,-5.997980547976671],[-44.255944607561965,-6.006521952860599],[-44.25309244329364,-6.01506334010984],[-44.25024018888809,-6.023604710559147],[-44.24738784596912,-6.032146062334553]]]},"properties":{"id_fluxo":144,"agrupamento":"Colinas","origem_aproximada":"Presidente Dutra","destino_aproximado":"Colinas","comprimento_m":85622.2}},{"type":"Feature","geometry":{"type":"MultiLineString","coordinates":[[[-44.07142004816138,-2.9276789583860365],[-44.080225231012875,-2.928221582030338],[-44.08903042158083,-2.9287641361066377],[-44.09783562145705,-2.9293066205778167],[-44.10664082863439,-2.9298490354039237],[-44.11544604560439,-2.930391380548563],[-44.12425127035922,-2.9309336568763893],[-44.13305650359233,-2.931475862540345],[-44.14186174509469,-2.932017999311157],[-44.15066699555906,-2.93256006624636],[-44.15947225477709,-2.933102064212053],[-44.16827752164209,-2.933643992264437],[-44.17708279774587,-2.9341858503663527],[-44.185888081981005,-2.9347276384785985],[-44.1946933741392,-2.9352693574673134],[-44.20349867581231,-2.935811007295303],[-44.21230398499382,-2.936352587018159],[-44.22110930327558,-2.9368940965986523],[-44.22991463044931,-2.9374355369029366],[-44.23871996540821,-2.937976906987247],[-44.24752530884378,-2.9385182077183525]]]},"properties":{"id_fluxo":145,"agrupamento":"Titara","origem_aproximada":"Presidente Juscelino","destino_aproximado":"Rosário","comprimento_m":19609.4}},{"type":"Feature","geometry":{"type":"MultiLineString","coordinates":[[[-45.823706188928625,-2.3760053510541708],[-45.81495646091534,-2.3778054261150627],[-45.806206709900394,-2.379605445063473],[-45.79745693696376,-2.38140540867678],[-45.78870714048631,-2.383205315924624],[-45.77995732154751,-2.385005166679766],[-45.771207479429115,-2.386804962625234],[-45.762457615209584,-2.388604701824488],[-45.75370772817015,-2.3904043850559646],[-45.74495781849094,-2.392204012192915],[-45.73620788545267,-2.3940035831091153],[-45.727457930135316,-2.3958030985819567],[-45.71870795181865,-2.3976025566759547],[-45.70995794978435,-2.399401959074121],[-45.701207926011286,-2.4012013056488177],[-45.69245787888035,-2.403000595369606],[-45.68370780857165,-2.404799828109766],[-45.6749577161656,-2.4065990055514535],[-45.66620760004264,-2.4083981257595486],[-45.65745746128273,-2.410197189511552],[-45.648707299166595,-2.411996196681202],[-45.63995711477376,-2.413795147141389],[-45.63120690738536,-2.415594041670514],[-45.62245667628127,-2.417392878332954],[-45.613706422542286,-2.419191659715629],[-45.604956145447886,-2.420990382978239],[-45.596205845179014,-2.4227890498034546],[-45.587455522815226,-2.4245876600642076],[-45.57870517583837,-2.426386213634972],[-45.5699548071265,-2.42818470948329],[-45.56120441416182,-2.429983148388262],[-45.55245399892373,-2.43178153112717],[-45.54370355979276,-2.4335798557647577],[-45.53495309784921,-2.4353781239833205],[-45.52620261327288,-2.437176334751556],[-45.51745210444503,-2.4389744879435007],[-45.50870157334504,-2.4407725843364765],[-45.49995101835416,-2.4425706238045497],[-45.49120043965221,-2.444368605316385],[-45.482449838319134,-2.4461665296496706],[-45.473699213635626,-2.4479643966781204],[-45.46494856578186,-2.449762206275081],[-45.456197894937965,-2.451559958313941],[-45.447447199485204,-2.4533576526686667],[-45.438696481402665,-2.4551552892120307],[-45.42994573997135,-2.456952868722386],[-45.421194975371115,-2.458750390168443],[-45.41244418688269,-2.4605478534238667],[-45.40369337558626,-2.462345260171123],[-45.39494253986223,-2.464142607570094],[-45.386191681690526,-2.4659398982076848],[-45.377440799452124,-2.467737131053164],[-45.36868989332694,-2.4695343050751717],[-45.35993896439513,-2.4713314219562945],[-45.35118801193715,-2.4731284806654603],[-45.342437035233715,-2.4749254810763066],[-45.33368603536472,-2.4767224239667303],[-45.324935012509904,-2.4785193074007035],[-45.31618396505115,-2.4803161339662267],[-45.307432894967214,-2.482112901726864],[-45.29868180063949,-2.4839096114611423],[-45.28993068224818,-2.485706263042473],[-45.2811795408728,-2.487502855439409],[-45.27242837579443,-2.489299390334947],[-45.26367718629341,-2.49109586579331],[-45.25492597434932,-2.492892283496969],[-45.24617473744382,-2.4946886433198756],[-45.23742347755584,-2.4964849433257243],[-45.2286721939664,-2.498281185197535],[-45.219920885956206,-2.500077368808903],[-45.21116955460483,-2.501873493128409],[-45.20241819919313,-2.503669558934337],[-45.19366681990134,-2.50546556610015],[-45.18491541690968,-2.5072615144992985],[-45.17616399039838,-2.50905740400524],[-45.167412539648154,-2.5108532344915533],[-45.15866106483924,-2.512649005831675],[-45.14990956615197,-2.5144447188038055],[-45.14115804376649,-2.516240372376668],[-45.13240649696352,-2.518035966423842],[-45.12365492682294,-2.5198315017234116],[-45.11490333262544,-2.5216269781489253],[-45.10615171455121,-2.523422394669177],[-45.097400071881104,-2.525217752967119],[-45.08864840569479,-2.527013051106719]]]},"properties":{"id_fluxo":146,"agrupamento":"Pinheiro","origem_aproximada":"Presidente Médici","destino_aproximado":"Pinheiro","comprimento_m":83409.6}},{"type":"Feature","geometry":{"type":"MultiLineString","coordinates":[[[-45.36309365357325,-2.5917961491390304],[-45.35451682057475,-2.589772575223828],[-45.345940015352326,-2.5877489436537418],[-45.33736323716777,-2.5857252527566894],[-45.32878648618338,-2.583701504479129],[-45.32020976166095,-2.5816776971489372],[-45.31163306556188,-2.579653832712107],[-45.303056395348634,-2.5776299085922947],[-45.294479752982824,-2.5756059276401966],[-45.285903137726244,-2.573581888183694],[-45.277326548841174,-2.5715577903600657],[-45.26874998738897,-2.569533634306154],[-45.26017345263206,-2.567509421063921],[-45.25159694563162,-2.565485149865566],[-45.243020464750145,-2.5634608199437805],[-45.2344440119489,-2.5614364332447277],[-45.225867584690654,-2.5594119880965764],[-45.21729118583603,-2.557387485540582],[-45.20871481284813,-2.555362925714327],[-45.200138466788,-2.5533383069452986],[-45.19156214781784,-2.551313632084698],[-45.182985855199476,-2.5492888985556346],[-45.17440958999446,-2.547264108304441],[-45.16583335146489,-2.5452392605636573],[-45.157257139772426,-2.543214354565641],[-45.148680954179476,-2.5411893922570035],[-45.14010479574715,-2.5391643719653056],[-45.13152866463729,-2.537139294732373],[-45.12295255921255,-2.5351141606954664],[-45.11437648053413,-2.533088969086855],[-45.10580042966332,-2.531063720043596],[-45.097224404063255,-2.5290384137029966],[-45.08864840569479,-2.527013051106719]]]},"properties":{"id_fluxo":147,"agrupamento":"Pinheiro","origem_aproximada":"Presidente Sarney","destino_aproximado":"Pinheiro","comprimento_m":31338.0}},{"type":"Feature","geometry":{"type":"MultiLineString","coordinates":[[[-44.02706435645632,-3.4063501340837017],[-44.0308671266757,-3.3982845127089445],[-44.03466983421369,-3.390218874903424],[-44.038472478380335,-3.3821532198718653],[-44.04227505938314,-3.3740875495336824],[-44.046077578332344,-3.366021863095392],[-44.04988003453798,-3.35795615976178],[-44.05368242820841,-3.349890440547648],[-44.057484759553745,-3.341824704658635],[-44.061287028782324,-3.3337589531095584],[-44.065089236103375,-3.3256931860106445],[-44.068891381727795,-3.317627401662958],[-44.07269346586307,-3.3095616019858736],[-44.07649548871839,-3.3014957870895927],[-44.080297449604565,-3.2934299552743487],[-44.08409934962994,-3.2853641075557785],[-44.087901189002864,-3.277298244948658],[-44.09170296703408,-3.2692323657532394],[-44.09550468393192,-3.2611664709842936],[-44.09930634080632,-3.2531005598482565],[-44.10310793696479,-3.2450346342637357],[-44.106909473518016,-3.236968692532527],[-44.11071094887512,-3.228902734763242],[-44.114512365044384,-3.2208367619722975],[-44.11831372133565,-3.212770773364476],[-44.122115017958016,-3.204704769049996],[-44.125916254219796,-3.196638750042863],[-44.12971743213151,-3.188572714645646],[-44.133518550100725,-3.180506664776195],[-44.13731960923722,-3.172440599640859],[-44.14112060975074,-3.164374518445245],[-44.14492155184956,-3.1563084222041375],[-44.14872243394282,-3.1482423110262263],[-44.15252325893932,-3.1401761850239422],[-44.15632402524887,-3.1321100434013722],[-44.1601247330805,-3.1240438862687245],[-44.16392538264245,-3.1159777146407923],[-44.16772597504428,-3.1079115277238536],[-44.17152650959434,-3.0998453265319936],[-44.17532698650296,-3.091779109366162],[-44.17912740507783,-3.083712878145075],[-44.182927767328316,-3.0756466320756832],[-44.18672807256413,-3.0675803703628644],[-44.190528320992804,-3.059514094926014],[-44.194328511924745,-3.0514478040653836],[-44.1981286464687,-3.0433814978918248],[-44.201928724832186,-3.03531517832475],[-44.20572874632558,-3.027248843664429],[-44.20952871205757,-3.0191824940216767],[-44.21332862133653,-3.011116130410632],[-44.21712847527177,-3.0030497520374793],[-44.220928272272495,-2.9949833590110835],[-44.22472801524633,-2.986916952348177],[-44.22852770170394,-2.9788505303477524],[-44.2323273327533,-2.970784094025199],[-44.23612690950239,-2.9627176443959726],[-44.23992643036166,-2.9546511797596984],[-44.243725897338855,-2.946584701132394],[-44.24752530884378,-2.9385182077183525]]]},"properties":{"id_fluxo":148,"agrupamento":"Titara","origem_aproximada":"Presidente Vargas","destino_aproximado":"Rosário","comprimento_m":57225.5}},{"type":"Feature","geometry":{"type":"MultiLineString","coordinates":[[[-43.441819558021784,-2.509390331591628],[-43.449715936451014,-2.513600042027517],[-43.457612365249986,-2.5178097049425765],[-43.465508845294885,-2.5220193191912585],[-43.47340537566244,-2.5262288845302865],[-43.48130195722672,-2.5304384016228925],[-43.48919858996367,-2.5346478702268613],[-43.49709527294996,-2.53885729009893],[-43.50499200706074,-2.543066660997944],[-43.51288879317015,-2.547275983587144],[-43.520785630355874,-2.5514852567188746],[-43.52868251859278,-2.555694481055326],[-43.53657945785677,-2.5599036563543422],[-43.544476449023,-2.5641127823747434],[-43.55237349206741,-2.568321858874332],[-43.56027058696483,-2.572530886515321],[-43.56816773279189,-2.5767398650545426],[-43.57606493132409,-2.5809487933474053],[-43.58396218163697,-2.585157672055135],[-43.59185948370543,-2.589366501839991],[-43.59975683840567,-2.593575281556368],[-43.60765424481423,-2.5977840109610884],[-43.61555170290599,-2.601992690716445],[-43.62344921445547,-2.6062013205822394],[-43.63134677853923,-2.6104099003152923],[-43.63924439423279,-2.6146184305769475],[-43.647142063311684,-2.618826910222557],[-43.65503978485243,-2.6230353390089443],[-43.66293755882989,-2.627243717598449],[-43.67083538611832,-2.631452046654337],[-43.67873326669551,-2.6356603241255248],[-43.68663119963695,-2.6398685506733663],[-43.69452918581595,-2.644076727865638],[-43.70242722521122,-2.6482848527467624],[-43.71032531869514,-2.6524929277889813],[-43.71822346444568,-2.656700951843781],[-43.72612166423749,-2.6609089246709083],[-43.734019917146966,-2.6651168460272916],[-43.74191822404843,-2.669324716576234],[-43.74981658491771,-2.673532536075607],[-43.757714999731526,-2.677740303378768],[-43.765613467564435,-2.68194802005167],[-43.77351199019204,-2.6861556849495427],[-43.78141056669069,-2.6903632978293297],[-43.78930919703528,-2.6945708593534397],[-43.7972078821011,-2.6987783692806393],[-43.80510662096443,-2.702985827367939],[-43.81300541450059,-2.707193233374103],[-43.820904262685325,-2.711400587057035],[-43.82880316549356,-2.7156078890791417],[-43.836702122002464,-2.719815138292913],[-43.84460113398505,-2.7240223362670535],[-43.852500201418835,-2.7282294809503917],[-43.86039932247888,-2.7324365739081706],[-43.86829849984031,-2.7366436139963484],[-43.87619773167903,-2.740850601875627],[-43.88409701797163,-2.7450575363994245],[-43.891996360491255,-2.7492644191363618],[-43.89989575831579,-2.753471248034478],[-43.9077952105198,-2.757678024659902],[-43.915694718878925,-2.761884747867693],[-43.92359428336811,-2.7660914183203014],[-43.93149390306354,-2.7702980357748266],[-43.939393577940955,-2.774504599989184],[-43.947293309775205,-2.778711110722931],[-43.9551930967429,-2.7829175677323907],[-43.963092939718535,-2.787123971680823],[-43.97099283957822,-2.7913303214223895],[-43.97889279449692,-2.7955366185225916],[-43.98679280625033,-2.799742861836367],[-43.99469287481494,-2.8039490502170565],[-44.00259299926453,-2.808155186135553],[-44.01049318047674,-2.812361266636829],[-44.01839341752535,-2.816567294191807],[-44.02629371218608,-2.8207732676553494],[-44.03419406353575,-2.8249791858800886],[-44.042094470648905,-2.8291850504323457],[-44.04999493620017,-2.833390861072346],[-44.057895457467055,-2.8375966166511892],[-44.06579603712342,-2.841802317833656],[-44.07369667334567,-2.846007964376209],[-44.08159736610948,-2.8502135560367936],[-44.08949811718911,-2.8544190934794327],[-44.09739892566129,-2.8586245755567505],[-44.10529979150099,-2.862830002931312],[-44.11320071468386,-2.8670353753610485],[-44.121101696085255,-2.8712406926046543],[-44.12900273478114,-2.875445954419358],[-44.136903831646165,-2.8796511614684683],[-44.14480498575698,-2.8838563126046153],[-44.152706198887266,-2.8880614093963484],[-44.16060746921462,-2.892266449791091],[-44.168508798513415,-2.8964714344527414],[-44.17641018585958,-2.900676363138597],[-44.18431163122744,-2.9048812374158786],[-44.19221313549429,-2.9090860543293564],[-44.20011469863384,-2.9132908163508398],[-44.20801631972261,-2.917495522333067],[-44.21591799963596,-2.92170017203464],[-44.2238197383495,-2.925904765213551],[-44.231721536737986,-2.930109302532988],[-44.23962339297811,-2.934313782845115],[-44.24752530884378,-2.9385182077183525]]]},"properties":{"id_fluxo":149,"agrupamento":"Titara","origem_aproximada":"Primeira Cruz","destino_aproximado":"Rosário","comprimento_m":101361.5}},{"type":"Feature","geometry":{"type":"MultiLineString","coordinates":[[[-44.10320761287879,-2.442655433753994],[-44.1085607540079,-2.4495595463266597],[-44.1139139503425,-2.4564636369631234],[-44.119267201168604,-2.4633677054786176],[-44.12462050757156,-2.470271750784914],[-44.12997386973556,-2.4771757745070517],[-44.135327286047804,-2.4840797755550468],[-44.14068075849245,-2.4909837537458928],[-44.14603428725435,-2.497887709800018],[-44.151387871620045,-2.50479164262799],[-44.15674151177434,-2.5116955529502407],[-44.16209520880151,-2.5185994414877846],[-44.16744896108922,-2.525503306245991],[-44.17280277062119,-2.532407147946464],[-44.1781566366828,-2.539310967308999],[-44.18351055946004,-2.546214763244803]]]},"properties":{"id_fluxo":150,"agrupamento":"Titara","origem_aproximada":"Raposa","destino_aproximado":"Paço do Lumiar","comprimento_m":14517.9}},{"type":"Feature","geometry":{"type":"MultiLineString","coordinates":[[[-46.62209188390911,-7.362144629275211],[-46.6134123784712,-7.364604941669551],[-46.60473277788585,-7.367065086183553],[-46.596053081396136,-7.369525060841807],[-46.58737328916713,-7.371984868186827],[-46.57869340044193,-7.374444506243132],[-46.57001341718744,-7.3769039748341685],[-46.56133333684808,-7.379363275607774],[-46.552653161387575,-7.38182240748322],[-46.54397289005552,-7.384281370293487],[-46.53529252210148,-7.386740163871564],[-46.52661205858668,-7.389198788044185],[-46.51793149966964,-7.391657243545461],[-46.50925084369408,-7.394115530211471],[-46.50057009262402,-7.396573646961656],[-46.49188924480626,-7.39903159453628],[-46.4832083013021,-7.4014893727622155],[-46.47452726226999,-7.403946982373656],[-46.465846126047616,-7.406404421397962],[-46.457164893702306,-7.408861691470582],[-46.44848356629541,-7.411318792418525],[-46.43980214126174,-7.413775723176272],[-46.43112062057154,-7.416232484472184],[-46.422439004377416,-7.41868907523191],[-46.41375729102883,-7.421145497099848],[-46.40507548158429,-7.423601748998744],[-46.396393575293395,-7.426057830761454],[-46.387711573217636,-7.428513742215064],[-46.379029474609425,-7.4309694840967575],[-46.37034727962149,-7.433425055332199],[-46.361664988412215,-7.435880456655716],[-46.352982600231165,-7.438335687900101],[-46.344300116139884,-7.44079074889262],[-46.33561753448197,-7.4432456394687785],[-46.32693485722502,-7.445700359453133],[-46.318252082712625,-7.448154908681191],[-46.30956921200911,-7.450609287884603],[-46.30088624436405,-7.4530634968961245],[-46.292203180836445,-7.455517534638817],[-46.283520019772496,-7.457971401852419],[-46.274836762233896,-7.460425098364335],[-46.266153408376304,-7.462878624004694],[-46.25746995744931,-7.46533197860617],[-46.248786409611185,-7.46778516290321],[-46.240102765012445,-7.470238174917228],[-46.23141902291036,-7.472691017193936],[-46.22273518436164,-7.4751436877522],[-46.21405124952452,-7.47759618732654],[-46.20536721764862,-7.480048515749603],[-46.1966830879835,-7.482500672854015],[-46.18799886159105,-7.484952658467419],[-46.179314538627004,-7.487404472420015],[-46.170630118343425,-7.489856115448771],[-46.16194560089364,-7.492307586479486],[-46.153260987341994,-7.494758886244351],[-46.14457627512575,-7.497210014580656],[-46.135891467116856,-7.499660970407151],[-46.12720656075726,-7.502111755369843],[-46.1185215580128,-7.504562368389876],[-46.10983645813313,-7.507012809299828],[-46.10115126036784,-7.509463077932193],[-46.0924659657813,-7.511913175019311],[-46.08378057362309,-7.514363100393714],[-46.07509508404681,-7.5168128529812],[-46.06640949721059,-7.51926243351646],[-46.0577238132703,-7.52171184182976],[-46.04903803147556,-7.524161077753539],[-46.040352152890705,-7.526610142020343]]]},"properties":{"id_fluxo":151,"agrupamento":"Balsas","origem_aproximada":"Riachão","destino_aproximado":"Balsas","comprimento_m":66734.3}},{"type":"Feature","geometry":{"type":"MultiLineString","coordinates":[[[-47.388880589761484,-5.932784063905957],[-47.390510872030696,-5.9240557296613465],[-47.39214110197339,-5.915327388210666],[-47.39377128150602,-5.906599038667439],[-47.395401410747425,-5.897870681960694],[-47.397031488007315,-5.88914231812342],[-47.398661514299405,-5.880413946273046],[-47.40029149064517,-5.871685567334697],[-47.40192141535045,-5.862957180437495],[-47.403551290339244,-5.8542287865026665],[-47.405181113917465,-5.845500384659304],[-47.40681088710646,-5.836771975832536],[-47.40844061001727,-5.828043559143698],[-47.41007028276865,-5.819315135521782],[-47.411699905471615,-5.810586704088104],[-47.41332947734239,-5.801858265775521],[-47.414958999394514,-5.793129819701521],[-47.416588471742806,-5.784401365891226],[-47.41821789360352,-5.775672905277477],[-47.41984726599007,-5.766944436977735],[-47.421476588118715,-5.758215961924843],[-47.42310586010045,-5.7494874792400825],[-47.424735083854834,-5.740758988940965],[-47.426364256793356,-5.732030491967913],[-47.4279933808317,-5.723301987434595],[-47.42962245518231,-5.714573475369961],[-47.43125148086226,-5.705844955795353],[-47.4328804561855,-5.697116429647337],[-47.43450938306756,-5.688387896039575],[-47.43613826072088,-5.679659355001022],[-47.437767089260184,-5.6709308065568],[-47.439395868803985,-5.662202251635847],[-47.44102459946319,-5.653473689359443],[-47.442653281348704,-5.644745118848926],[-47.44428191458279,-5.636016541937005],[-47.44591049928009,-5.627287958648809],[-47.44753903554772,-5.618559367201819],[-47.44916752260195,-5.609830768528737],[-47.45079596236548,-5.601102163550902],[-47.452424353141126,-5.592373550493386],[-47.454052695051075,-5.583644931188867],[-47.455680990006606,-5.574916303847302],[-47.45730923542357,-5.566187670312706],[-47.45893743411529,-5.557459028791244],[-47.46056558439969,-5.548730381123181],[-47.46219368638763,-5.540001726429758],[-47.46382174109194,-5.531273063828522],[-47.465449747732656,-5.522544395155913],[-47.46707770731883,-5.513815718625646]]]},"properties":{"id_fluxo":152,"agrupamento":"Imperatriz","origem_aproximada":"Ribamar Fiquene","destino_aproximado":"Imperatriz","comprimento_m":47157.8}},{"type":"Feature","geometry":{"type":"MultiLineString","coordinates":[[[-45.34654848882612,-7.140879484014081],[-45.3544259694674,-7.145268784294629],[-45.36230359947371,-7.149657949917013],[-45.370181380645704,-7.154046979724285],[-45.37805931206774,-7.158435873466159],[-45.385937394636294,-7.16282463179547],[-45.39381562653002,-7.167213254462741],[-45.401694010456005,-7.171601741214653],[-45.40957254459369,-7.175990092706342],[-45.417451229837155,-7.180378306876882],[-45.425330066178866,-7.184766386188954],[-45.433209053607136,-7.189154328582424],[-45.44108819211367,-7.1935421356154],[-45.44896748259244,-7.197929805226856],[-45.456846924129415,-7.202317338975799],[-45.46472651671368,-7.206704735706652],[-45.47260626124275,-7.211091996976576],[-45.480486157704746,-7.215479120725452],[-45.48836620518475,-7.2198661076077295],[-45.49624640457842,-7.224252957371469],[-45.50412675678249,-7.228639670669171],[-45.512007260881084,-7.2330262472507485],[-45.51988791595727,-7.237412685961695],[-45.52776872472044,-7.241798988356957],[-45.53564968534674,-7.2461851523784535],[-45.54353079782816,-7.2505711795842585],[-45.551412063060425,-7.2549570697222405],[-45.559293481032284,-7.259342821636817],[-45.5671750517347,-7.263728435981429],[-45.57505677515865,-7.26811391340959],[-45.58293865129168,-7.272499251861144],[-45.590820680125915,-7.276884452894133],[-45.59870286255707,-7.281269516256263],[-45.60658519857497,-7.285654441696475],[-45.614467687262305,-7.2900392280603485],[-45.622350328611304,-7.294423876905894],[-45.630233124422325,-7.298808387075035],[-45.63811607287459,-7.303192759223702],[-45.64599917576841,-7.307576992193737],[-45.65388243128298,-7.311961086641167],[-45.661765841221225,-7.31634504321681],[-45.66964940557026,-7.320728859860489],[-45.67753312341653,-7.325112538131497],[-45.68541699474979,-7.32949607777874],[-45.69330102137166,-7.333879478548362],[-45.70118520145995,-7.33826274019201],[-45.70906953590888,-7.342645861552677],[-45.71695402471243,-7.347028845092774],[-45.72483866785596,-7.351411687847669],[-45.73272346623952,-7.355794392278275],[-45.74060841894382,-7.360176956325936],[-45.74849352686752,-7.364559381547018],[-45.756378789092764,-7.36894166678741],[-45.76426420651519,-7.373323811794445],[-45.77214977912598,-7.377705817221489],[-45.78003550600872,-7.382087682818971],[-45.787921388963525,-7.386469407428087],[-45.79580742707712,-7.39085099260826],[-45.80369362124524,-7.3952324381067145],[-45.81157996964368,-7.399613742771046],[-45.819466474980224,-7.403994906345205],[-45.82735313543563,-7.408375930390244],[-45.83523995099778,-7.412756813750592],[-45.84312692346842,-7.417137556171645],[-45.85101405102489,-7.421518157405657],[-45.85890133547066,-7.425898618102484],[-45.866788775889184,-7.430278938012657],[-45.87467637226996,-7.434659116884989],[-45.882564125508644,-7.439039154466533],[-45.89045203469041,-7.4434190514123255],[-45.89834009980294,-7.447798806566746],[-45.906228322649845,-7.452178420579384],[-45.914116701406435,-7.456557892298254],[-45.92200523787823,-7.460937223277338],[-45.9298939302405,-7.465316412364712],[-45.93778278029696,-7.469695460209849],[-45.94567178712894,-7.4740743656589705],[-45.953560950727805,-7.4784531293653025],[-45.96145027199116,-7.482831751980142],[-45.9693397509045,-7.487210231443323],[-45.977229386554974,-7.4915885693145015],[-45.985119179836175,-7.495966764435988],[-45.9930091316458,-7.500344817458965],[-46.00089924016071,-7.504722728136242],[-46.00878950627657,-7.509100496214548],[-46.01667993088896,-7.513478121440553],[-46.02457051398936,-7.517855604467369],[-46.032461253754605,-7.522232945047979],[-46.040352152890705,-7.526610142020343]]]},"properties":{"id_fluxo":154,"agrupamento":"Balsas","origem_aproximada":"Sambaíba","destino_aproximado":"Balsas","comprimento_m":87654.6}},{"type":"Feature","geometry":{"type":"MultiLineString","coordinates":[[[-44.559113823327095,-5.498061469685264],[-44.55460015397095,-5.505803096249414],[-44.55008636790292,-5.513544686216901],[-44.545572464900644,-5.521286240344619],[-44.541058444742404,-5.529027758484919],[-44.53654430720718,-5.536769239585449],[-44.53203005297469,-5.544510685308486],[-44.5275156800189,-5.552252093695637],[-44.52300118992305,-5.559993465505257],[-44.51848658156177,-5.56773480149354],[-44.513971854714725,-5.575476099703497],[-44.50945701006078,-5.583217362702021],[-44.50494204738035,-5.590958587627529],[-44.50042696554646,-5.598699777045394],[-44.495911764338736,-5.606440928998631],[-44.4913964453412,-5.614182043341034],[-44.48688100652456,-5.621923121732552],[-44.48236544857061,-5.62966416312159],[-44.47784977035449,-5.6374051673595895],[-44.473333973460214,-5.645146134300402],[-44.46881805676206,-5.652887064700083],[-44.46430201913587,-5.66062795750539],[-44.459785862165724,-5.668368812570246],[-44.45526958472577,-5.676109630650605],[-44.450753186594,-5.683850411598715],[-44.44623666845145,-5.691591155267627],[-44.44172002917303,-5.699331861508711],[-44.437203268536685,-5.707072530174123],[-44.432686387223434,-5.714813161116975],[-44.42816938410723,-5.722553755093152],[-44.42365225987084,-5.730294310146546],[-44.419135013386374,-5.738034828842217],[-44.41461764533662,-5.745775309224078],[-44.41010015549945,-5.753515751144281],[-44.40558254365088,-5.761256156264213],[-44.401064808667414,-5.768996522625911],[-44.39654695213133,-5.776736851892574],[-44.39202897291918,-5.784477142106271],[-44.387510869903615,-5.792217394927352],[-44.382992644669756,-5.799957609305284],[-44.378474296091184,-5.80769778599585],[-44.37395582394662,-5.8154379239465825],[-44.369437228916034,-5.823178023915216],[-44.364918508970604,-5.830918085751818],[-44.36039966659782,-5.83865810931161],[-44.35588069886655,-5.846398093539007],[-44.35136160826226,-5.85413804009841],[-44.34684239275704,-5.861877947935276],[-44.3423230521285,-5.869617816901658],[-44.337803587056506,-5.877357647755315],[-44.333283997319725,-5.885097439443766],[-44.328764282694664,-5.892837192723667],[-44.32424444295999,-5.90057690654253],[-44.31972447789215,-5.908316581657022],[-44.31520438726757,-5.916056218823784],[-44.31068417086599,-5.923795816085713],[-44.30616382846266,-5.931535375104055],[-44.30164335983731,-5.93927489392168],[-44.29712276476515,-5.947014374199818],[-44.29260204392704,-5.954753815791617],[-44.28808119619814,-5.962493217643455],[-44.28356022225818,-5.970232580513052],[-44.279039120981075,-5.977971904251318],[-44.274517893048866,-5.985711187806871],[-44.269996537333064,-5.993450432839658],[-44.265475054516926,-6.0011896373937965],[-44.26095344437537,-6.008928803130407],[-44.2564317057834,-6.016667928995749],[-44.251909840324174,-6.024407015748786],[-44.24738784596912,-6.032146062334553]]]},"properties":{"id_fluxo":155,"agrupamento":"Colinas","origem_aproximada":"Santa Filomena do Maranhão","destino_aproximado":"Colinas","comprimento_m":68390.0}},{"type":"Feature","geometry":{"type":"MultiLineString","coordinates":[[[-45.30111552869891,-2.2339535117204266],[-45.295934450785545,-2.241101704089864],[-45.29075332206003,-2.248249876804574],[-45.28557214322353,-2.2553980305902437],[-45.28039091407775,-2.2625461652681063],[-45.275209634424336,-2.26969428065936],[-45.27002830316559,-2.276842376585353],[-45.26484692100253,-2.2839904528671022],[-45.259665488636365,-2.29113851023034],[-45.25448400406982,-2.298286547591895],[-45.24930246710469,-2.305434565677652],[-45.24412087934123,-2.312582563403748],[-45.23893923968186,-2.319730541496233],[-45.233757547928356,-2.326878500681008],[-45.22857580478143,-2.33402643896967],[-45.22339400824423,-2.3411743579931024],[-45.2182121590176,-2.3483222566676516],[-45.21303025780273,-2.3554701357190044],[-45.20784830350168,-2.3626179940637955],[-45.202666296815615,-2.3697658324277615],[-45.197484235747275,-2.376913650632314],[-45.19230212279657,-2.3840614484982376],[-45.18711995506676,-2.391209225847059],[-45.18193773415846,-2.398356983404405],[-45.17675545987313,-2.4055047200867254],[-45.17157313111291,-2.4126524357152723],[-45.16639074857905,-2.419800131920514],[-45.16120831207291,-2.426947806714164],[-45.15602582049669,-2.4340954608222023],[-45.15084327455144,-2.441243094065646],[-45.145660674038716,-2.4483907062656693],[-45.14047801786068,-2.4555382981481855],[-45.13529530761776,-2.4626858686294257],[-45.13011254131263,-2.4698334184354565],[-45.1249297196463,-2.47698094738728],[-45.11974684331974,-2.4841284544012323],[-45.11456391033556,-2.4912759402033493],[-45.109380922294385,-2.4984234055192727],[-45.10419787719862,-2.5055708492655824],[-45.09901477664883,-2.512718271263231],[-45.093831619547075,-2.5198656722381543],[-45.08864840569479,-2.527013051106719]]]},"properties":{"id_fluxo":156,"agrupamento":"Pinheiro","origem_aproximada":"Santa Helena","destino_aproximado":"Pinheiro","comprimento_m":40091.0}},{"type":"Feature","geometry":{"type":"MultiLineString","coordinates":[[[-45.66330078375571,-3.9672954040178947],[-45.657197568178944,-3.9606764981761526],[-45.65109444904774,-3.9540575453539892],[-45.644991427088385,-3.9474385466837383],[-45.638888502125745,-3.940819502393879],[-45.63278567308326,-3.9342004118088534],[-45.62668294068655,-3.927581275156426],[-45.62058030386043,-3.92096209357033],[-45.61447776332917,-3.914342865469036],[-45.60837531891834,-3.9077235919855813],[-45.60227297045281,-3.9011042733483805],[-45.596170716856165,-3.894484908881862],[-45.59006855885461,-3.887865499718399],[-45.583966496271835,-3.8812460442771264],[-45.5778645280333,-3.874626544596321],[-45.57176265576407,-3.86800699909387],[-45.56566087748773,-3.8613874079993624],[-45.559559193931086,-3.85476777334987],[-45.553457604016636,-3.848148092660405],[-45.547356109371826,-3.8415283679674466],[-45.54125470801913,-3.8349085976912565],[-45.535153400684756,-3.8282887829642354],[-45.52905218719365,-3.821668924014746],[-45.52295106737023,-3.815049020166504],[-45.516850041039476,-3.8084290716478453],[-45.510749107126294,-3.8018090795923],[-45.504648267255824,-3.795189042417838],[-45.49854751945291,-3.788568962163151],[-45.49244686534217,-3.781948836341555],[-45.48634630294898,-3.7753286678963787],[-45.48024583299741,-3.76870845434145],[-45.4741454553135,-3.7620881977144203],[-45.46804517062182,-3.755467896433781],[-45.46194497694677,-3.748847551633475],[-45.45584487501394,-3.7422271635413153],[-45.44974486464791,-3.7356067314809396],[-45.443644946574715,-3.728986256584865],[-45.43754511881786,-3.7223657381776034],[-45.43144538300301,-3.715745175581906],[-45.42534573715464,-3.70912456993157],[-45.419246182898846,-3.702503921454039],[-45.41314671825966,-3.695883230378421],[-45.407047344862335,-3.689262495122807],[-45.400948061632285,-3.6826417177252235],[-45.39484886839417,-3.676020897509242],[-45.38874976587317,-3.6694000337980883],[-45.38265075209381,-3.662779127725459]]]},"properties":{"id_fluxo":158,"agrupamento":"Santa Inês","origem_aproximada":"Santa Luzia","destino_aproximado":"Santa Inês","comprimento_m":45870.8}},{"type":"Feature","geometry":{"type":"MultiLineString","coordinates":[[[-45.77512650533881,-2.5442105582438965],[-45.772156122367825,-2.5526851638558847],[-45.769185699873674,-2.56115976070196],[-45.76621523857039,-2.56963435051827],[-45.76324473827041,-2.578108931422982],[-45.76027419878829,-2.586583505152783],[-45.75730361993643,-2.595058069825818],[-45.75433300152938,-2.6035326271787893],[-45.75136234248054,-2.612007176235025],[-45.7483916444024,-2.6204817169208643],[-45.74542090620891,-2.6289562491642613],[-45.74245012861304,-2.637430772892075],[-45.73947930962968,-2.6459052889374477],[-45.736508450870815,-2.6543797963220777],[-45.73353755214988,-2.662854294973374],[-45.730566612381274,-2.671328785723917],[-45.727595631378406,-2.6798032685011126],[-45.724624609853684,-2.6882777423271893],[-45.72165354762109,-2.6967522080341695],[-45.71868244449346,-2.705226664644849],[-45.71571129938565,-2.7137011138964025],[-45.712740113009595,-2.7221755539064336],[-45.70976888607825,-2.7306499846017975],[-45.706797616606835,-2.7391244077202352],[-45.70382630530778,-2.747598822283963],[-45.70085495199442,-2.7560732282203695],[-45.69788355737924,-2.76454762455165],[-45.694912120377005,-2.7730220130150385],[-45.69194064080048,-2.781496392633241],[-45.68896911846301,-2.7899707633336717],[-45.68599755407807,-2.7984451259477887],[-45.68302594745797,-2.8069194785937004],[-45.68005429751735,-2.815393823008596],[-45.677082604069525,-2.823868159119866],[-45.67411086872662,-2.83234248594915],[-45.67113908950255,-2.840816803424886],[-45.6681672671108,-2.849291112378562],[-45.66519540136465,-2.857765412737543],[-45.6622234911771,-2.8662397035250695],[-45.65925153816139,-2.874713985572086],[-45.65627954123103,-2.8831882588065105],[-45.65330750019876,-2.8916625222510364],[-45.65033541487829,-2.9001367767376647],[-45.6473632850834,-2.9086110230983993],[-45.644391111526005,-2.917085259450776],[-45.64141889312009,-2.9255594866272965],[-45.63844663057863,-2.9340337045548246],[-45.63547432281555,-2.9425079140658563],[-45.63250197054279,-2.9509821132779197],[-45.62952957267478,-2.9594563039281736],[-45.62655712992397,-2.967930485038793],[-45.62358464210352,-2.9764046565371007],[-45.62061210812729,-2.9848788192556293],[-45.617639529607594,-2.993352972216025],[-45.614666904558376,-3.0018271162512913],[-45.61169423459198,-3.0103012503830904],[-45.60872151772184,-3.018775374539766],[-45.60574875556177,-3.0272494904569545],[-45.60277594702405,-3.0357235962531477],[-45.59980309192176,-3.0441976918556852],[-45.596830190069,-3.0526717790011952],[-45.59385724217774,-3.061145855807203],[-45.590884247161696,-3.069619923106149],[-45.58791120573383,-3.0780939808248826],[-45.58493811770723,-3.086568028890686],[-45.58196498199502,-3.0950420672314],[-45.57899179841025,-3.103516095774316],[-45.576018568566326,-3.11199011535041],[-45.57304529047541,-3.120464124078663],[-45.57007196575144,-3.1289381236947067],[-45.56709859240702,-3.1374121132221684],[-45.56412517115512,-3.145886092587875],[-45.56115170180873,-3.1543600617190894],[-45.558178185081836,-3.162834022351973],[-45.55520461898596,-3.1713079717007817],[-45.55223100513507,-3.1797819115011876],[-45.54925734334214,-3.188255841680468],[-45.54628363161962,-3.1967297612622323],[-45.54330987158098,-3.2052036710774288],[-45.54033606303918,-3.2136775710533594],[-45.53736220490664,-3.2221514602131425],[-45.5343882978973,-3.230625340292888],[-45.53141434182314,-3.2390992094105493],[-45.52844033559747,-3.24757306839854],[-45.525466280833356,-3.2560469171831894],[-45.52249217554355,-3.2645207556927316],[-45.51951802044099,-3.272994583853931],[-45.51654381533907,-3.2814684024987533],[-45.5135695600497,-3.2899422097451207],[-45.510595255286816,-3.2984160073291786],[-45.50762089906255,-3.3068897942744213],[-45.50464649299048,-3.315363571411879],[-45.501672035982835,-3.3238373377645933],[-45.49869752875263,-3.3323110932593605],[-45.495722970212974,-3.34078483872856],[-45.49274836107638,-3.34925857319434],[-45.48977370025596,-3.357732297489054],[-45.486798988464685,-3.3662060115394983],[-45.48382422551489,-3.3746797143682548],[-45.48084941031962,-3.3831534068077005],[-45.477874543591845,-3.391627088784596],[-45.47489962514432,-3.4001007602262154],[-45.471924655689584,-3.408574420154689],[-45.46894963324084,-3.4170480703074424],[-45.46597455851017,-3.4255217088019654],[-45.46299943131115,-3.4339953373748067],[-45.460024252356334,-3.4424689550481116],[-45.45704902055821,-3.4509425617495135],[-45.454073735729445,-3.4594161574062734],[-45.451098398583014,-3.4678897419451795],[-45.44812300803177,-3.4763633161985266],[-45.445147564788236,-3.4848368791884696],[-45.442172067764794,-3.493310430842637],[-45.43919651767483,-3.5017839719925075],[-45.43622091433101,-3.5102575025652802],[-45.433245256644796,-3.518731020679251],[-45.43026954623074,-3.5272045289747997],[-45.42729378109997,-3.535678025570652],[-45.42431796196586,-3.5441515112982476],[-45.421342089541376,-3.5526249860843984],[-45.418366161837966,-3.561098448952428],[-45.41539018046979,-3.5695719016381076],[-45.41241414344784,-3.5780453422600598],[-45.40943805238588,-3.586518771649373],[-45.40646190709688,-3.594992190637899],[-45.403485706492184,-3.603465597343911],[-45.40050945038514,-3.6119389935039226],[-45.39753313948789,-3.6204123772353825],[-45.39455677361378,-3.628885750274839],[-45.39158035167447,-3.6373591116451833],[-45.38860387438331,-3.6458324621778924],[-45.38562734065195,-3.6543058008958513],[-45.38265075209381,-3.662779127725459]]]},"properties":{"id_fluxo":159,"agrupamento":"Santa Inês","origem_aproximada":"Santa Luzia do Paruá","destino_aproximado":"Santa Inês","comprimento_m":131111.2}},{"type":"Feature","geometry":{"type":"MultiLineString","coordinates":[[[-44.326037184035506,-3.137518055828607],[-44.32276527637242,-3.129226525963326],[-44.319493419976844,-3.1209349840224694],[-44.31622161465342,-3.1126434309958984],[-44.31294986020747,-3.1043518669688326],[-44.30967815734472,-3.0960602911224204],[-44.30640650497057,-3.087768703541311],[-44.303134903790216,-3.079477104311323],[-44.29986335270845,-3.0711854944216803],[-44.29659185243108,-3.062893873053548],[-44.293320401864115,-3.0546022393869383],[-44.290049002611454,-3.046310595317482],[-44.28677765267926,-3.038018940024591],[-44.28350635277275,-3.0297272735940264],[-44.280235102697844,-3.021435595206371],[-44.27696390225873,-3.013143906756071],[-44.27369275126193,-3.004852206519086],[-44.27042164951284,-2.996560494580577],[-44.26715059681561,-2.9882687728350104],[-44.26387959387666,-2.979977039558916],[-44.26060863960155,-2.9716852948368753],[-44.257337733795076,-2.963393539658683],[-44.25406687716305,-2.955101773205514],[-44.250796068611095,-2.9468099955619387],[-44.24752530884378,-2.9385182077183525]]]},"properties":{"id_fluxo":160,"agrupamento":"Titara","origem_aproximada":"Santa Rita","destino_aproximado":"Rosário","comprimento_m":23664.9}},{"type":"Feature","geometry":{"type":"MultiLineString","coordinates":[[[-43.25756300784592,-2.5017961772506507],[-43.265741671800086,-2.5054087198134827],[-43.27392038145829,-2.50902121049862],[-43.28209913494987,-2.5126336499850823],[-43.29027793400299,-2.5162460371481132],[-43.29845677764492,-2.519858373572238],[-43.30663566670589,-2.5234706572271772],[-43.31481460111231,-2.5270828896987094],[-43.32299357989493,-2.530695069858462],[-43.331172604780804,-2.5343071974859384],[-43.33935167479835,-2.5379192732614433],[-43.34753078987628,-2.5415312969621415],[-43.35570995084139,-2.545143269270691],[-43.36388915672548,-2.5487551881544297],[-43.37206840925339,-2.5523670552015036],[-43.380247706556574,-2.5559788692824483],[-43.38842704946295,-2.5595906301755837],[-43.39660643879819,-2.563202339467929],[-43.404785873592914,-2.566813996031185],[-43.412965354675066,-2.5704255996436873],[-43.42114488197335,-2.5740371500825874],[-43.42932445451611,-2.5776486480283634],[-43.43750407403165,-2.581260092356047],[-43.44568373864907,-2.5848714837450206],[-43.45386345009555,-2.5884828219746963],[-43.4620432082987,-2.5920941077266777],[-43.47022301229014,-2.595705338968281],[-43.47840286289565,-2.5993165172866255],[-43.4865827600439,-2.602927642458918],[-43.494762703663575,-2.6065387142623875],[-43.50294269368444,-2.610149731569867],[-43.51112273003301,-2.6137606959674096],[-43.51930281443763,-2.6173716063299763],[-43.527482945028375,-2.6209824624326603],[-43.53566312173283,-2.62459326495714],[-43.5438433462783,-2.6282040136827716],[-43.552023617694125,-2.6318147083857446],[-43.560203935908966,-2.6354253488433343],[-43.568384301750804,-2.6390359348338257],[-43.57656471424897,-2.6426464661334346],[-43.58474517422936,-2.6462569443293456],[-43.59292568162271,-2.6498673673899473],[-43.601106236357644,-2.6534777350925225],[-43.609286838360745,-2.657088049023205],[-43.617467488460065,-2.6606983089603173],[-43.62564818568686,-2.664308512871217],[-43.63382893086612,-2.6679186632475416],[-43.642009723029105,-2.671528758056717],[-43.650190563902214,-2.675138797982434],[-43.65837145161527,-2.6787487828000303],[-43.66655238789569,-2.682358712288791],[-43.67473337267112,-2.685968587130471],[-43.682914404971754,-2.6895784061969135],[-43.691095484725196,-2.6931881701699028],[-43.69927661365891,-2.6967978788287126],[-43.70745778990361,-2.700407531044242],[-43.71563901518387,-2.704017129309157],[-43.72382028853173,-2.7076266706863943],[-43.73200161077334,-2.711236156763193],[-43.74018298093781,-2.7148455873159363],[-43.74836439985413,-2.718454961218395],[-43.756545867449034,-2.7220642800569],[-43.76472738365202,-2.7256735427042815],[-43.77290894839167,-2.7292827489379134],[-43.78109056159561,-2.7328918994396108],[-43.78927222409284,-2.7365009930831516],[-43.7974539358101,-2.740110031454892],[-43.80563569667777,-2.7437190125231505],[-43.81381750572311,-2.747327937873434],[-43.821999364674575,-2.750936806380361],[-43.83018127256121,-2.7545456178204044],[-43.83836323021021,-2.758154372876335],[-43.8465452366506,-2.7617630713246366],[-43.85472729181091,-2.7653717129426907],[-43.86290939741875,-2.768980297509599],[-43.87109155250311,-2.7725888248018933],[-43.87927375699169,-2.776197295501449],[-43.887456010813864,-2.7798057084811543],[-43.89563831479601,-2.783414065328286],[-43.90382066796879,-2.7870223640103404],[-43.912003071159425,-2.7906306052100587],[-43.920185524295626,-2.79423878960941],[-43.92836802820631,-2.7978469160820385],[-43.93655058101999,-2.8014549853082675],[-43.944733184464354,-2.805062997067137],[-43.95291583846792,-2.8086709511360253],[-43.96109854206039,-2.812278846387004],[-43.96928129606824,-2.8158866844073884],[-43.97746410041997,-2.819494464974595],[-43.98564695504489,-2.8231021869614765],[-43.99382985987066,-2.826709851050033],[-44.00201281572617,-2.830317456113866],[-44.01019582253836,-2.8339250037395614],[-44.01837887933609,-2.8375324937037583],[-44.02656198694898,-2.8411399239755126],[-44.03474514620362,-2.844747296142156],[-44.04292835522919,-2.8483546099796255],[-44.051111615753456,-2.8519618652668486],[-44.059294926805215,-2.8555690617805154],[-44.06747828921258,-2.859176199298809],[-44.075661702903275,-2.86278327850377],[-44.08384516780649,-2.866390298268237],[-44.09202868384992,-2.8699972592742617],[-44.100212250962024,-2.8736041612992658],[-44.10839586997093,-2.8772110041214622],[-44.11657953990535,-2.880817787517546],[-44.12476326159344,-2.88442451126571],[-44.132947034063214,-2.8880311760473023],[-44.1411308590425,-2.891637781641188],[-44.14931473556003,-2.8952443278241207],[-44.15749866354487,-2.8988508134689797],[-44.16568264382383,-2.9024572401631015],[-44.17386667632597,-2.906063606779341],[-44.18205076007932,-2.90966991399914],[-44.190234895912006,-2.913276161600636],[-44.19841908375307,-2.916882348456675],[-44.20660332353026,-2.920488475249368],[-44.21478761607108,-2.9240945426614378],[-44.22297196040479,-2.9277005495651287],[-44.231156357359545,-2.931306495738538],[-44.239340806863076,-2.9349123818637888],[-44.24752530884378,-2.9385182077183525]]]},"properties":{"id_fluxo":161,"agrupamento":"Titara","origem_aproximada":"Santo Amaro do Maranhão","destino_aproximado":"Rosário","comprimento_m":120187.4}},{"type":"Feature","geometry":{"type":"MultiLineString","coordinates":[[[-44.359174722651254,-4.870530700882979],[-44.35250504230468,-4.864625079393575],[-44.34583547836008,-4.858719390073583],[-44.33916602979144,-4.85281363497436],[-44.33249669828263,-4.846907811626906],[-44.3258274819058,-4.841001922081677],[-44.31915838053944,-4.835095965677086],[-44.31248939586379,-4.829189943562581],[-44.30582052595558,-4.823283853265561],[-44.29915177159144,-4.817377697743754],[-44.292483132650744,-4.811471475431006],[-44.285814608109334,-4.805565186569374],[-44.279146197844796,-4.799658831401857],[-44.272477903538196,-4.793752410173365],[-44.265809723263615,-4.787845923125021],[-44.25914165689963,-4.781939369595195],[-44.25247370522455,-4.776032750732453],[-44.245805867215225,-4.770126065874215],[-44.23913814365094,-4.764219315264477],[-44.23247053350758,-4.758312499145214],[-44.22580303756542,-4.752405616855812],[-44.21913565479935,-4.746498669542861],[-44.212468385087995,-4.740591656544732],[-44.205801229210586,-4.7346845781054405],[-44.19913418614305,-4.7287774344669],[-44.19246725666463,-4.722870225873136],[-44.185800438849625,-4.71696295256501],[-44.17913373437994,-4.71105561388303],[-44.17246714313315,-4.705148210070133],[-44.16580066318364,-4.699240741367173],[-44.1591342962122,-4.693333208019211],[-44.15246804029325,-4.687425610267045],[-44.14580189710753,-4.681517948355812],[-44.13913586563325,-4.675610220718196],[-44.132469946647355,-4.669702429407404],[-44.12580413822544,-4.663794573759579],[-44.11913844114666,-4.657886654018764],[-44.11247285528973,-4.651978669523325],[-44.10580738143261,-4.646070621421879],[-44.09914201765105,-4.640162509050546],[-44.09247676472411,-4.6342543326533505],[-44.085811623430914,-4.628346092474395],[-44.079146591846055,-4.622437788754275],[-44.07248167074862,-4.616529421737062],[-44.06581686001738,-4.610620990761101],[-44.05915215952993,-4.604712496069335],[-44.05248756826242,-4.598803937903428],[-44.04582308789535,-4.592895316508723],[-44.03915871650464,-4.586986631221144],[-44.0324944548669,-4.581077884093895],[-44.025830302863355,-4.575169072656243],[-44.019166259467795,-4.569260198958919],[-44.012502326361805,-4.563351262342753],[-44.005838500720074,-4.5574422621423825],[-43.99917478512312,-4.551533199508937],[-43.99251117764577,-4.5456240746828005],[-43.98584767906825,-4.539714887003605],[-43.979184288366824,-4.533805636712928],[-43.97252100632043,-4.5278963240549075],[-43.965857832807934,-4.521986948367916],[-43.95919476680307,-4.516077511702569],[-43.9525318081873,-4.510168011588163],[-43.945868957736955,-4.504258450077887],[-43.93920621442965,-4.49834882650879],[-43.932543579044264,-4.492439141125027],[-43.92588105055843,-4.486529393263632],[-43.91921862974971,-4.480619584073283],[-43.91255631559578,-4.474709712890989],[-43.90589410797424,-4.468799779959603],[-43.89923200766261,-4.462889786427808],[-43.89257001363994,-4.456979730728081]]]},"properties":{"id_fluxo":162,"agrupamento":"Codó","origem_aproximada":"Santo Antônio dos Lopes","destino_aproximado":"Codó","comprimento_m":69057.4}},{"type":"Feature","geometry":{"type":"MultiLineString","coordinates":[[[-43.524331049985484,-3.3266159176570067],[-43.53219477760115,-3.322400230405969],[-43.54005843935377,-3.318184479968357],[-43.547922034321864,-3.3139686665833725],[-43.555785561583974,-3.309752790490305],[-43.56364902381945,-3.305536851029298],[-43.57151241920693,-3.30132084843825],[-43.57937574772483,-3.2971047829577604],[-43.58723901025146,-3.292888654829695],[-43.59510220676522,-3.288672464294614],[-43.60296533724581,-3.2844562106886475],[-43.61082840167042,-3.28023989515678],[-43.6186914009186,-3.276023517036369],[-43.626554333169025,-3.2718070765655027],[-43.6344172001999,-3.2675905739871856],[-43.64228000198967,-3.2633740095419657],[-43.650142737618125,-3.2591573825647173],[-43.65800540886345,-3.254940693298379],[-43.66586801390435,-3.250723941981096],[-43.673730553617986,-3.2465071297590296],[-43.68159302798518,-3.2422902550638146],[-43.68945543788308,-3.238073319041586],[-43.69731778239147,-3.23385632102724],[-43.70518006148766,-3.2296392621657684],[-43.71304227605229,-3.2254221408898878],[-43.72090442606269,-3.2212049583445803],[-43.72876651149622,-3.2169877156748243],[-43.73662853143488,-3.2127704104065744],[-43.74449048765465,-3.208553044591491],[-43.75235237923417,-3.204335618469005],[-43.760214206154146,-3.2001181304706123],[-43.76807596929183,-3.1959005817423796],[-43.775937667725884,-3.191682972523737],[-43.78379930233573,-3.1874653021517076],[-43.79166087309884,-3.1832475717712954],[-43.79952237909597,-3.1790297798129226],[-43.80738382210326,-3.174811928328157],[-43.815245201201456,-3.170594015747405],[-43.82310651636704,-3.1663760441201703],[-43.83096776848146,-3.1621580109744003],[-43.838828956621356,-3.1579399183585672],[-43.84669008076729,-3.1537217647040983],[-43.85455114269549,-3.149503552062502],[-43.862412140585825,-3.1452852797676822],[-43.87027307531864,-3.1410669462520895],[-43.878133947769406,-3.136848554470662],[-43.8859947561199,-3.132630101948356],[-43.893855502146444,-3.1284115907365875],[-43.90171618492967,-3.1241930192657703],[-43.90957680534702,-3.119974388681822],[-43.917437363377104,-3.1157556992251845],[-43.92529785810047,-3.111536949326261],[-43.93315829039373,-3.1073181410354915],[-43.94101866113618,-3.10309927368968],[-43.94887896850676,-3.098880347527398],[-43.95673921428461,-3.0946613618863537],[-43.96459939754761,-3.0904423179105964],[-43.97245951917506,-3.0862232149368736],[-43.98031957824575,-3.082004053204714],[-43.98817957563807,-3.0777848329553987],[-43.9960395113315,-3.0735655535247646],[-44.00389938440398,-3.06934621605693],[-44.01175919663377,-3.065126820793989],[-44.01961894710132,-3.0609073661663735],[-44.027478636683426,-3.0566878542244043],[-44.03533826445972,-3.052468284303097],[-44.043197830409625,-3.048248655738291],[-44.0510573354108,-3.044028969675725],[-44.058916779442676,-3.039809225451214],[-44.06677616248386,-3.035589423305134],[-44.074635484513024,-3.031369563477862],[-44.0824947455088,-3.0271496462097756],[-44.09035394545059,-3.022929670836666],[-44.098213085216095,-3.018709638504248],[-44.10607216388492,-3.014489548547529],[-44.11393118233553,-3.010269401207636],[-44.121790139646784,-3.0060491967242005],[-44.12964903759695,-3.0018289353390397],[-44.1375078743658,-2.997608616386463],[-44.14536665083112,-2.9933882410121564],[-44.15322536787207,-2.989167808552556],[-44.161084024567536,-2.984947319247323],[-44.16894262179599,-2.9807267733374965],[-44.17680115863702,-2.9765061701581126],[-44.18465963506863,-2.972285510854154],[-44.19251805286973,-2.9680647947626886],[-44.20037641021948,-2.9638440221227085],[-44.20823470799569,-2.9596231940798527],[-44.21609294707816,-2.9554023090658608],[-44.223951126545785,-2.9511813673203995],[-44.231809246376656,-2.9469603699884446],[-44.23966730744926,-2.9427393173109544],[-44.24752530884378,-2.9385182077183525]]]},"properties":{"id_fluxo":163,"agrupamento":"Titara","origem_aproximada":"São Benedito do Rio Preto","destino_aproximado":"Rosário","comprimento_m":91105.5}},{"type":"Feature","geometry":{"type":"MultiLineString","coordinates":[[[-44.840041345526366,-2.700049086800454],[-44.84735430009354,-2.694960511785391],[-44.85466719342783,-2.689871892353674],[-44.86198002648137,-2.6847832287565767],[-44.869292798407095,-2.679694520340415],[-44.87660551105668,-2.674605768261231],[-44.88391816268352,-2.6695169709605566],[-44.89123075423956,-2.664428130499056],[-44.89854328577744,-2.659339245318431],[-44.9058557573496,-2.6542503165745224],[-44.913168169008586,-2.649161343613756],[-44.92048052080687,-2.6440723266872794],[-44.92779281369655,-2.6389832669509707],[-44.93510504683057,-2.6338941628464787],[-44.942417220261454,-2.628805014624933],[-44.949729334941196,-2.6237158243469234],[-44.95704139002283,-2.618626589549398],[-44.96435338645838,-2.6135373122929524],[-44.971665323400806,-2.6084479910192244],[-44.978977202701756,-2.603358627788826],[-44.9862890226146,-2.5982692201386848],[-44.99360078319181,-2.593179770129334],[-45.0009124862851,-2.588090278011933],[-45.00822413104736,-2.5830007422281427],[-45.015535717531115,-2.577911163933768],[-45.02284724578887,-2.572821542475242],[-45.0301587167727,-2.567731879008329],[-45.03747012873602,-2.5626421737842127],[-45.0447814835304,-2.5575524252444954],[-45.05209278030885,-2.552462634545053],[-45.0594040200234,-2.5473728019369175],[-45.066715202726606,-2.5422829276711987],[-45.07402632757134,-2.537193010189619],[-45.08133739461021,-2.5321030515527068],[-45.08864840569479,-2.527013051106719]]]},"properties":{"id_fluxo":164,"agrupamento":"Pinheiro","origem_aproximada":"São Bento","destino_aproximado":"Pinheiro","comprimento_m":33608.2}},{"type":"Feature","geometry":{"type":"MultiLineString","coordinates":[[[-44.64451133478762,-6.812386827157954],[-44.64041098232868,-6.804344834793541],[-44.636310765629524,-6.796302804952493],[-44.63221068627395,-6.788260737763735],[-44.628110742225914,-6.780218633353502],[-44.624010934164936,-6.772176490945432],[-44.61991126186354,-6.764134312476297],[-44.61581172509704,-6.756092096264476],[-44.6117123245443,-6.748049842438261],[-44.60761305816877,-6.740007552028318],[-44.603513927554935,-6.731965224259085],[-44.599414931571175,-6.723922860161946],[-44.595316070897816,-6.715880458056006],[-44.5912173444026,-6.70783801987724],[-44.587118751860324,-6.6997955448485405],[-44.583020293950646,-6.691753032193636],[-44.578921970446096,-6.683710483849195],[-44.57482378112231,-6.675667898133566],[-44.57072572484791,-6.667625276078052],[-44.56662780230256,-6.659582616906357],[-44.56253001416515,-6.651539920746747],[-44.55843235839963,-6.643497188629725],[-44.55433483568492,-6.63545442068353],[-44.55023744579685,-6.627411615226507],[-44.54614018941268,-6.619368774196093],[-44.54204306449904,-6.611325895908936],[-44.53794607263865,-6.603282981398731],[-44.5338492136049,-6.595240031697521],[-44.52975248627007,-6.587197044218168],[-44.525655890405936,-6.579154021801866],[-44.52155942669312,-6.571110962767706],[-44.517463094906,-6.563067867243144],[-44.51336689391354,-6.555024736259329],[-44.50927082439554,-6.546981569039936],[-44.50517488612554,-6.538938366616974],[-44.50107907887973,-6.530895127308718],[-44.49698340243168,-6.5228518521471095],[-44.49288785655586,-6.514808541259566],[-44.48879244102677,-6.506765194773495],[-44.48469715561891,-6.498721812816239],[-44.48060200101212,-6.490678394611549],[-44.47650697517125,-6.482634941189532],[-44.47241208058493,-6.474591451775742],[-44.46831731431367,-6.466547927399334],[-44.46422267794176,-6.458504367284959],[-44.46012817124378,-6.450460771559982],[-44.456033793090036,-6.442417140350792],[-44.451939544159515,-6.434373473785688],[-44.44784542422685,-6.426329771991996],[-44.44375143216246,-6.418286035096097],[-44.43965756954957,-6.4102422632272456],[-44.43556383435537,-6.4021984556062534],[-44.43147022816209,-6.394154613266954],[-44.427376748937036,-6.386110735430107],[-44.4232833982634,-6.378066822225017],[-44.41919017501075,-6.370022874682536],[-44.4150970789549,-6.3619788920254114],[-44.41100410987071,-6.35393487438089],[-44.406911268437156,-6.345890821877317],[-44.40281855442906,-6.337846734641943],[-44.39872596671719,-6.329802612801001],[-44.394633505077486,-6.32175845557721],[-44.390541171091996,-6.313714264004466],[-44.386448962727464,-6.30567003820794],[-44.38235688066397,-6.297625777411366],[-44.37826492377135,-6.289581482645482],[-44.374173093634816,-6.28153715223052],[-44.370081389123165,-6.273492788101813],[-44.36598981001248,-6.26544838948197],[-44.36189835517382,-6.2574039564971615],[-44.35780702709414,-6.249359489277861],[-44.35371582283661,-6.241314987948],[-44.34962474398531,-6.233270451732424],[-44.34553378941031,-6.225225881661774],[-44.34144295888672,-6.2171812778632685],[-44.33735225399856,-6.209136639561738],[-44.33326167180933,-6.20109196688103],[-44.32917121480468,-6.193047260856252],[-44.32508088095435,-6.18500251980318],[-44.32099067093508,-6.17695774565928],[-44.31690058452324,-6.1689129376471215],[-44.31281062149402,-6.160868095893861],[-44.30872078071891,-6.152823220525515],[-44.3046310637819,-6.144778310766972],[-44.30054146955331,-6.136733367648767],[-44.29645199780843,-6.128688391298048],[-44.2923626492275,-6.120643380938576],[-44.288273421778385,-6.112598336695076],[-44.284184317946384,-6.104553259602827],[-44.28009533479693,-6.096508148880774],[-44.27600647391281,-6.088463004658443],[-44.2719177350706,-6.080417826158374],[-44.26782911713963,-6.072372615315574],[-44.26374062080019,-6.064327371353799],[-44.25965224582893,-6.05628209349557],[-44.25556399200008,-6.048236782772527],[-44.25147585818551,-6.04019143931052],[-44.24738784596912,-6.032146062334553]]]},"properties":{"id_fluxo":165,"agrupamento":"Colinas","origem_aproximada":"São Domingos do Azeitão","destino_aproximado":"Colinas","comprimento_m":96791.4}},{"type":"Feature","geometry":{"type":"MultiLineString","coordinates":[[[-44.385200929712816,-5.580938072210094],[-44.382602686464544,-5.589451803111044],[-44.380004368496024,-5.597965519921582],[-44.37740597473567,-5.606479222584398],[-44.37480750591673,-5.614992911948678],[-44.37220896187142,-5.623506587053481],[-44.3696103415281,-5.632020247841451],[-44.367011646523906,-5.640533894258217],[-44.36441287488319,-5.649047527150007],[-44.36181402824412,-5.6575611455578585],[-44.35921510463093,-5.666074750328007],[-44.35661610568182,-5.6745883405014945],[-44.354017030323966,-5.683101916925538],[-44.351417878389555,-5.691615478639165],[-44.348818650611776,-5.700129026491638],[-44.34621934501668,-5.708642559519924],[-44.34361996414358,-5.7171560785753215],[-44.34102050511436,-5.725669583598384],[-44.33842096956628,-5.734183074534764],[-44.3358213573315,-5.742696550423509],[-44.33322166824006,-5.7512100121128595],[-44.33062190121991,-5.759723459545363],[-44.3280220570052,-5.76823689266569],[-44.32542213452383,-5.776750311416367],[-44.32282213541315,-5.7852637157431746],[-44.32022205860101,-5.79377710558867],[-44.31762190301521,-5.802290480895348],[-44.31502167029313,-5.810803841609006],[-44.3124213584582,-5.8193171885756385],[-44.309820969150046,-5.827830519931905],[-44.307220501294154,-5.836343837429456],[-44.304619955625824,-5.844857140108436],[-44.302019330169436,-5.853370427910217],[-44.299418626561305,-5.861883701685202],[-44.29681784463346,-5.870396960472435],[-44.294216983313476,-5.878910204214367],[-44.29161604243106,-5.887423433759183],[-44.2890150227215,-5.895936648147025],[-44.28641392401451,-5.904449848226092],[-44.283812746142075,-5.912963033035387],[-44.28121148803044,-5.921476203421929],[-44.27861015041376,-5.929989359330437],[-44.27600873312399,-5.938502499799975],[-44.27340723599072,-5.947015625678661],[-44.270805658845866,-5.955528736005536],[-44.268204001517795,-5.964041832533319],[-44.265602264743066,-5.972554913397649],[-44.26300044654424,-5.981067979444272],[-44.26039854855774,-5.9895810315237545],[-44.25779656971318,-5.998094067769319],[-44.25519450983999,-6.006607089029126],[-44.25259236967234,-6.01512009524795],[-44.249990148137336,-6.02363308636815],[-44.24738784596912,-6.032146062334553]]]},"properties":{"id_fluxo":166,"agrupamento":"Colinas","origem_aproximada":"São Domingos do Maranhão","destino_aproximado":"Colinas","comprimento_m":52162.2}},{"type":"Feature","geometry":{"type":"MultiLineString","coordinates":[[[-44.81718678562545,-7.0842528376551455],[-44.82567277143736,-7.087336106831043],[-44.83415886972269,-7.090419219821792],[-44.8426450812715,-7.0935021782325975],[-44.85113140596931,-7.096584980954555],[-44.85961784279574,-7.099667627783072],[-44.86810439344678,-7.102750119419029],[-44.87659105599671,-7.105832454753025],[-44.88507783304715,-7.108914634486106],[-44.89356472176626,-7.111996659317863],[-44.90205172475637,-7.115078527235539],[-44.91053884009099,-7.11816023984359],[-44.91902606946661,-7.121241796033548],[-44.92751341186255,-7.124323196505552],[-44.93600086806951,-7.127404441055481],[-44.94448843706707,-7.130485528574339],[-44.95297611964567,-7.133566460667208],[-44.96146391569054,-7.136647235320632],[-44.96995182508655,-7.139727854139527],[-44.978439848624376,-7.1428083169197345],[-44.98692798528345,-7.145888622552331],[-44.99541623494871,-7.14896877173771],[-45.003904599316485,-7.152048763367086],[-45.01239307736606,-7.155128599045338],[-45.02088166898243,-7.158208277663683],[-45.02937037495629,-7.161287799922405],[-45.03785919426681,-7.164367164712772],[-45.04634812770461,-7.167446371830465],[-45.054837175154674,-7.170525421975878],[-45.06332633650205,-7.173604315849347],[-45.07181561163142,-7.176683051437523],[-45.080305001333606,-7.179761630345214],[-45.088794504587646,-7.182840051463772],[-45.097284123090034,-7.18591831549323],[-45.10577385491396,-7.188996421325175],[-45.114263701755945,-7.192074369659565],[-45.12275366259509,-7.195152160292432],[-45.131243737316424,-7.198229793924176],[-45.13973392761581,-7.201307268540906],[-45.14822423156731,-7.204384586652716],[-45.15671464996062,-7.207461745341413],[-45.16520518358719,-7.210538747116228],[-45.173695831425405,-7.213615589964127],[-45.18218659336028,-7.2166922745855295],[-45.190677471088556,-7.219768801680138],[-45.1991684626826,-7.222845169235324],[-45.20765956983989,-7.225921379759896],[-45.21615079153857,-7.2289974312409155],[-45.22464212766329,-7.232073323474208],[-45.233133579005404,-7.235149058064382],[-45.24162514544872,-7.238224632998049],[-45.25011682687882,-7.24130004988024],[-45.2586086231804,-7.244375308506797],[-45.26710053514289,-7.2474504068638765],[-45.27559256174665,-7.250525347461578],[-45.28408470378107,-7.253600128286077],[-45.2925769611313,-7.256674750037774],[-45.30106933277605,-7.259749212513149],[-45.309561821318155,-7.262823516410804],[-45.31805442392392,-7.265897660623855],[-45.32654714319554,-7.268971644946301],[-45.335039977207096,-7.2720454709844145],[-45.343532926747706,-7.275119136724263],[-45.35202599170254,-7.278192642866306],[-45.3605191719561,-7.2812659892064],[-45.369012468298784,-7.284339175539728],[-45.37750588061583,-7.2874122025667],[-45.38599940879173,-7.290485070083167],[-45.39449305180426,-7.2935577769812285],[-45.402986811350495,-7.2966303239598025],[-45.41148068731488,-7.299702710814708],[-45.41997467776994,-7.302774937343485],[-45.4284687853188,-7.305847004244101],[-45.43696300893906,-7.308918910408702],[-45.44545734761002,-7.311990656538632],[-45.45395180302708,-7.315062241523457],[-45.46244637507644,-7.318133666968156],[-45.470941062734646,-7.321204930860445],[-45.47943586588791,-7.324276034805365],[-45.48793078623157,-7.327346977692334],[-45.49642582274396,-7.330417759318227],[-45.50492097621737,-7.333488381287034],[-45.513416244722116,-7.33655884158761],[-45.521911630861496,-7.339629140917327],[-45.53040713270775,-7.34269927907418],[-45.538902751957174,-7.345769255851967],[-45.54739848758909,-7.348839071952216],[-45.55589433948664,-7.351908726266269],[-45.56439030753515,-7.354978219494668],[-45.57288639343092,-7.358047551431025],[-45.58138259524607,-7.361116721873545],[-45.58987891467689,-7.364185730615846],[-45.59837535070149,-7.367254577454998],[-45.60687190320525,-7.37032326309151],[-45.61536857297717,-7.373391786415533],[-45.6238653599026,-7.376460148127527],[-45.63236226295962,-7.379528348024724],[-45.6408592838445,-7.382596385900483],[-45.64935642244134,-7.385664261550726],[-45.65785367772948,-7.388731975677199],[-45.66635104959168,-7.391799527171364],[-45.67484853881805,-7.3948669158278575],[-45.68334614620012,-7.3979341423457115],[-45.69184387071724,-7.401001207426784],[-45.70034171225065,-7.404068109057993],[-45.70883967159187,-7.407134847938388],[-45.717337747720215,-7.4102014247698715],[-45.72583594142585,-7.413267839346962],[-45.734334253497394,-7.4163340905596105],[-45.74283268291418,-7.419400179109766],[-45.75133122956017,-7.422466104793376],[-45.75982989422389,-7.425531866500408],[-45.768328676793935,-7.4285974667402925],[-45.77682757714954,-7.431662902595493],[-45.78532659517774,-7.434728175670983],[-45.79382573076247,-7.43779328576273],[-45.80232498469378,-7.440858232665075],[-45.810824356855555,-7.443923016173973],[-45.81932384622379,-7.446987635182584],[-45.82782345449971,-7.450052092196982],[-45.83632318065592,-7.453116384301356],[-45.844823024579625,-7.456180513100663],[-45.85332298706084,-7.459244478389164],[-45.86182306798338,-7.462308279962813],[-45.87032326632483,-7.465371917619368],[-45.878823583781355,-7.468435391151249],[-45.887324019330485,-7.471498700356215],[-45.89582457376404,-7.47456184593291],[-45.90432524605766,-7.477624826774671],[-45.91282603700316,-7.4806876435801275],[-45.92132694648613,-7.483750297049702],[-45.929827974386505,-7.4868127851704855],[-45.93832912149606,-7.489875108640983],[-45.94683038679418,-7.492937268163588],[-45.955331771068835,-7.495999262627879],[-45.963833274205605,-7.49906109273429],[-45.97233489608816,-7.502122758278824],[-45.9808366366001,-7.505184259057483],[-45.98933849562301,-7.508245593961826],[-45.99784047485912,-7.511306765497091],[-46.00634257237335,-7.514367770750031],[-46.01484478895964,-7.517428611323482],[-46.023347124501576,-7.520489287013443],[-46.03184957888057,-7.5235497967114835],[-46.040352152890705,-7.526610142020343]]]},"properties":{"id_fluxo":167,"agrupamento":"Balsas","origem_aproximada":"São Félix de Balsas","destino_aproximado":"Balsas","comprimento_m":143599.9}},{"type":"Feature","geometry":{"type":"MultiLineString","coordinates":[[[-47.38699674861739,-5.124350628008373],[-47.38881566527121,-5.133202275424287],[-47.39063463242333,-5.142053914804017],[-47.39245365020646,-5.150905547021461],[-47.39427271784508,-5.159757171146147],[-47.39609183547189,-5.168608788051972],[-47.39791100411781,-5.177460397705571],[-47.39973022300384,-5.186311998272647],[-47.40154949317117,-5.195163592431376],[-47.40336881384078,-5.204015178347511],[-47.4051881851455,-5.2128667568949245],[-47.407007607211284,-5.2217183271398],[-47.4088270810726,-5.230569889952576],[-47.41064660595383,-5.239421444402868],[-47.41246618108624,-5.248272991368044],[-47.41428580840252,-5.257124530811198],[-47.4161054871305,-5.265976062705817],[-47.417925216494524,-5.274827586121604],[-47.419744998430865,-5.283679101925441],[-47.42156483126567,-5.2925306100943725],[-47.423384716931814,-5.301382110591405],[-47.425204652850184,-5.310233602493302],[-47.427024641858914,-5.319085086663382],[-47.42884468228413,-5.327936563078723],[-47.430664775157055,-5.336788031705846],[-47.432484920607294,-5.345639492514768],[-47.434305117862614,-5.354490945479122],[-47.436125367049,-5.363342389665121],[-47.43794566920495,-5.372193826846876],[-47.439766023551094,-5.381045255190393],[-47.4415864311224,-5.389896675565921],[-47.443406891150296,-5.3987480888509385],[-47.44522740375715,-5.4075994932078775],[-47.44704796907619,-5.4164508895106005],[-47.448868588142545,-5.425302278629324],[-47.450689259274846,-5.4341536587337895],[-47.45250998441379,-5.443005031594366],[-47.45433076278351,-5.451856396280915],[-47.4561515936081,-5.460707751863404],[-47.457972478828374,-5.469559100112142],[-47.45979341676655,-5.478410440100728],[-47.46161440935615,-5.487261771791862],[-47.46343545492676,-5.496113096066775],[-47.46525655360061,-5.504964411087973],[-47.46707770731883,-5.513815718625646]]]},"properties":{"id_fluxo":168,"agrupamento":"Imperatriz","origem_aproximada":"São Francisco do Brejão","destino_aproximado":"Imperatriz","comprimento_m":43995.5}},{"type":"Feature","geometry":{"type":"MultiLineString","coordinates":[[[-42.857892244045956,-6.247667467881903],[-42.866802836220025,-6.246297483115172],[-42.8757133814781,-6.244927346566929],[-42.884623880515804,-6.243557059246042],[-42.89353433312908,-6.24218662125365],[-42.9024447400173,-6.240816032694535],[-42.91135510007661,-6.239445292762284],[-42.9202654140028,-6.238074402465655],[-42.92917568159184,-6.236703361905835],[-42.93808590355026,-6.2353321693795145],[-42.94699607786013,-6.233960826788869],[-42.95590620702772,-6.232589334245676],[-42.96481628904923,-6.231217690036036],[-42.97372632552054,-6.229845896076221],[-42.98263631534121,-6.228473950655861],[-42.99154625920381,-6.227101855687729],[-43.00045615691127,-6.225729609464927],[-43.00936600825284,-6.224357213896807],[-43.018275813031444,-6.222984667276452],[-43.02718557104312,-6.2216119697051],[-43.03609528388745,-6.220239122194832],[-43.04500495045714,-6.218866124843496],[-43.053914569648256,-6.217492976844907],[-43.062824143967184,-6.216119678310322],[-43.07173367139991,-6.214746230238417],[-43.08064315264933,-6.213372631829669],[-43.089552587511605,-6.211998883185352],[-43.09846197668636,-6.210624984409969],[-43.107371319969765,-6.209250935604785],[-43.11628061625459,-6.207876736867845],[-43.12518986624368,-6.206502387399506],[-43.1340990706303,-6.205127889112558],[-43.14300822831362,-6.20375324029677],[-43.151917340893604,-6.202378441963944],[-43.16082640636276,-6.201003493304899],[-43.1697354263242,-6.199628394427204],[-43.17864439966765,-6.198253146333183],[-43.18755332618938,-6.196877749124199],[-43.196462207498804,-6.195502201099394],[-43.205371042482575,-6.1941265041653235],[-43.214279831843555,-6.192750657522204],[-43.223188574477604,-6.191374660364109],[-43.23209727107847,-6.189998514603801],[-43.24100592144552,-6.188622219438409],[-43.24991452628157,-6.187245774068065],[-43.25882308447649,-6.185869179495332],[-43.2677315967331,-6.1844924349203145],[-43.27664006284479,-6.183115541348563],[-43.28554848260801,-6.181738498881444],[-43.29445685672552,-6.180361306719038],[-43.30336518499372,-6.178983964962667],[-43.31227346630266,-6.177606474615068],[-43.32118170226148,-6.176228833974892],[-43.33008989175739,-6.174851044949106],[-43.338998035493184,-6.1734731067377115],[-43.34790613326534,-6.172095019442095],[-43.35681418487308,-6.170716782259383],[-43.3657221910108,-6.169338397102252],[-43.374630150577055,-6.167959862260817],[-43.38353806336555,-6.166581178740785],[-43.39244593098255,-6.16520234574478],[-43.401353752318286,-6.16382336427573],[-43.41026152807554,-6.1624442335334955],[-43.419169258048136,-6.161064954523771],[-43.42807694113177,-6.159685526441006],[-43.436984578930016,-6.158305949392005],[-43.44589217033592,-6.156926223475543],[-43.454799716049514,-6.155546348795664],[-43.463707215864815,-6.154166326358132],[-43.472614669583606,-6.152786154455771],[-43.48152207699985,-6.151405834094379],[-43.490429438816264,-6.150025364473665],[-43.499336754824334,-6.1486447475036945],[-43.50824402392225,-6.14726398147481],[-43.5171512486172,-6.145883066496017],[-43.52605842599272,-6.144502003565598],[-43.53496555855856,-6.1431207918881805],[-43.54387264430182,-6.14173943246464],[-43.55277968482872,-6.140357924497065],[-43.5616866790348,-6.138976267180147],[-43.57059362761541,-6.137594462426517],[-43.579500530369685,-6.136212509433298],[-43.58840738709433,-6.13483040830202],[-43.597314197586044,-6.133448159134226],[-43.6062209625451,-6.132065762033781],[-43.615127681770566,-6.130683216197864],[-43.62403435415329,-6.129300522630026],[-43.63294098220297,-6.127917680534387],[-43.6418475630034,-6.126534690909945],[-43.650754099064294,-6.125151552960752],[-43.65966058837304,-6.123768267688163],[-43.6685670325358,-6.1223848342938725],[-43.67747343044579,-6.121001252877216],[-43.68637978280336,-6.119617523541971],[-43.69528608940531,-6.118233646389696],[-43.704192350048444,-6.116849621521964],[-43.7130985645296,-6.115465449040365],[-43.72200473354916,-6.114081129048652],[-43.73091085690399,-6.112696661648403],[-43.73981693439306,-6.111312046036783],[-43.74872296581319,-6.109927282315429],[-43.75762895186062,-6.1085423723968475],[-43.7665348923385,-6.107157313669397],[-43.77544078613599,-6.105772108041435],[-43.78434663485711,-6.104386755618749],[-43.79325243739929,-6.103001254692026],[-43.80215819445893,-6.101615607173807],[-43.811063905836996,-6.100229811356828],[-43.819969571326375,-6.098843869151599],[-43.82887519163156,-6.097457778852874],[-43.837780765641995,-6.096071542369198],[-43.846686294062096,-6.094685157995314],[-43.855591776686886,-6.093298626737312],[-43.86449721331525,-6.091911947792416],[-43.87340260464582,-6.090525122168629],[-43.882307950477454,-6.089138149063187],[-43.89121325060529,-6.087751029482184],[-43.9001185048282,-6.086363762622862],[-43.909023712941334,-6.084976349491384],[-43.91792887564895,-6.0835887883823565],[-43.92683399274621,-6.082201080301924],[-43.93573906402839,-6.080813226256238],[-43.944644090199645,-6.0794252245398654],[-43.953549070149954,-6.0780370770617],[-43.962454004583435,-6.0766487821162345],[-43.971358894198985,-6.0752603407114245],[-43.980263736988256,-6.0738717520410574],[-43.98916853455375,-6.072483017114771],[-43.99807328669424,-6.071094135129817],[-44.006977993205176,-6.069705107092419],[-44.0158826538853,-6.068315932199824],[-44.02478726943367,-6.0669266114599365],[-44.033691838745504,-6.065537144068389],[-44.04259636252307,-6.0641475292240745],[-44.05150084146387,-6.062757768839345],[-44.06040527446309,-6.061367862109855],[-44.069309661319444,-6.059977808232914],[-44.078214003634116,-6.05858760912243],[-44.08711829940024,-6.05719726306806],[-44.09602255022058,-6.055806771079197],[-44.10492675499028,-6.054416132351605],[-44.11383091440859,-6.053025347893089],[-44.12273502827419,-6.051634416900956],[-44.13163909728642,-6.050243340382991],[-44.14054311943679,-6.0488521175336025],[-44.14944709723322,-6.047460748458909],[-44.15835102866443,-6.046069234162438],[-44.16725491533757,-6.04467757293976],[-44.17615875614491,-6.043285765795862],[-44.18506255178593,-6.041893813738501],[-44.19396630115706,-6.040501715059092],[-44.20287000586133,-6.0391094707667365],[-44.211773664793775,-6.03771708005739],[-44.22067727865262,-6.036324544843354],[-44.229580846335516,-6.034931862511525],[-44.23848436854072,-6.033539034974223],[-44.24738784596912,-6.032146062334553]]]},"properties":{"id_fluxo":169,"agrupamento":"Colinas","origem_aproximada":"São Francisco do Maranhão","destino_aproximado":"Colinas","comprimento_m":155623.2}},{"type":"Feature","geometry":{"type":"MultiLineString","coordinates":[[[-44.797611033580885,-2.958431954517789],[-44.80263073095264,-2.9509943430007977],[-44.807650362507495,-2.9435567068368638],[-44.81266992665993,-2.9361190480099326],[-44.81768942452462,-2.928681364885643],[-44.82270885631592,-2.9212436585435344],[-44.82772822224845,-2.9138059282537614],[-44.83274752163676,-2.9063681750957566],[-44.83776675559541,-2.898930397435089],[-44.842785924338614,-2.891492597256023],[-44.84780502718114,-2.8840547738285576],[-44.85282406523728,-2.876616927327677],[-44.85784303872159,-2.8691790570234765],[-44.86286194604881,-2.861741163995306],[-44.867880789232984,-2.854303248418226],[-44.87289956848863,-2.846865309562321],[-44.8779182831304,-2.8394273476023493],[-44.882936933372726,-2.831989362713138],[-44.88795551943,-2.82455135506948],[-44.89297404151666,-2.817113324846231],[-44.89799249984718,-2.8096752713134854],[-44.90301089553553,-2.8022371964555477],[-44.90802922699686,-2.7947990977329726],[-44.91304749624486,-2.787360977130095],[-44.91806570169453,-2.7799228339169066],[-44.92308384445989,-2.7724846691729743],[-44.92810192385572,-2.765046481263644],[-44.93311994189574,-2.757608271268495],[-44.93813789699493,-2.750170038457525],[-44.943155790267234,-2.7427317848150112],[-44.948173621027436,-2.7352935078015586],[-44.95319139038948,-2.7278552094014126],[-44.95820909766803,-2.7204168888846136],[-44.96322674397707,-2.7129785473306853],[-44.96824432863127,-2.7055401831049752],[-44.97326185274461,-2.6981017972869616],[-44.978279314732056,-2.690663389146685],[-44.98329671660723,-2.6832249597636815],[-44.98831405768473,-2.675786509312672],[-44.99333133907854,-2.668348037063751],[-44.998348559203606,-2.660909543191638],[-45.003365719173864,-2.653471027871139],[-45.008382819203575,-2.6460324912769755],[-45.01339986040663,-2.63859393358393],[-45.018416841198,-2.631155354062027],[-45.023433762691575,-2.623716753790752],[-45.02845062420198,-2.616278132944841],[-45.03346742774264,-2.608839489889594],[-45.03848417172862,-2.6014008266092348],[-45.043500856374116,-2.593962142373767],[-45.04851748279293,-2.586523437357917],[-45.05353405119925,-2.579084710831705],[-45.058550560907726,-2.5716459638745963],[-45.06356701303213,-2.564207196661314],[-45.06858340688704,-2.5567684084619007],[-45.073599742686724,-2.549329600355781],[-45.078616020645235,-2.541890770708276],[-45.08363224187642,-2.5344519215034715],[-45.08864840569479,-2.527013051106719]]]},"properties":{"id_fluxo":170,"agrupamento":"Pinheiro","origem_aproximada":"São João Batista","destino_aproximado":"Pinheiro","comprimento_m":57622.6}},{"type":"Feature","geometry":{"type":"MultiLineString","coordinates":[[[-46.258024984267436,-3.5552112240760065],[-46.249093630148074,-3.5563131071268095],[-46.24016225542542,-3.55741490447622],[-46.23123085850635,-3.5585166142370546],[-46.22229944140218,-3.5596182372307825],[-46.21336800252221,-3.5607197733791303],[-46.20443654207615,-3.5618212226014916],[-46.195505061173904,-3.5629225848160466],[-46.18657355822477,-3.564023859944528],[-46.17764203433866,-3.565125047905163],[-46.16871048972642,-3.5662261495218406],[-46.159778923696386,-3.567327163810613],[-46.15084733555807,-3.568428090692009],[-46.14191572732271,-3.5695289309876936],[-46.13298409739958,-3.570629684619333],[-46.12405244599615,-3.571730349697316],[-46.11512077332544,-3.572830928854582],[-46.10618907959495,-3.57393142020157],[-46.097257364115244,-3.575031824563277],[-46.08832562799519,-3.576132140953561],[-46.079393869646125,-3.577232371103054],[-46.070462091076145,-3.578332513120008],[-46.061530290696545,-3.579432568735086],[-46.05259846871494,-3.5805325360586444],[-46.04366662624234,-3.5816324159136608],[-46.03473476168894,-3.5827322091261995],[-46.025802876163695,-3.583831914710158],[-46.016870968976036,-3.5849315325860447],[-46.00793904123596,-3.586031062672321],[-45.9990070913536,-3.5871305057950416],[-45.99007512043796,-3.5882298609681116],[-45.98114312779943,-3.5893291290166176],[-45.97221111454705,-3.5904283089544813],[-45.96327907908996,-3.5915274007031672],[-45.95434702254005,-3.5926264059903525],[-45.945414945105135,-3.593725322926416],[-45.936482846095586,-3.5948241523363875],[-45.92755072572109,-3.59592289413981],[-45.91861858329105,-3.5970215482571266],[-45.909686419914586,-3.5981201137023433],[-45.90075423580324,-3.599218592204204],[-45.89182202936516,-3.6003169827794683],[-45.88288980171039,-3.6014152853467682],[-45.873957553048655,-3.602513499825682],[-45.86502528268934,-3.6036116261366247],[-45.85609299084301,-3.604709665103743],[-45.847160677718556,-3.605807615742037],[-45.83822834352569,-3.606905477971082],[-45.829295987574625,-3.6080032526158736],[-45.82036361007506,-3.609100939596009],[-45.81143121123593,-3.610198537926458],[-45.80249879036737,-3.6112960484322203],[-45.79356634857871,-3.6123934701274996],[-45.78463388518087,-3.6134908047419088],[-45.775701400382005,-3.614588050385826],[-45.766768894392634,-3.615685207883491],[-45.75783636652212,-3.6167822771552687],[-45.74890381788055,-3.6178792581200403],[-45.73997124687692,-3.6189761506989173],[-45.73103865462133,-3.6200729548107926],[-45.72210604132424,-3.621169671279914],[-45.71317340629356,-3.6222662982174247],[-45.70424074974047,-3.6233628373522078],[-45.695308071874685,-3.6244592886039033],[-45.68637537200483,-3.6255556509882316],[-45.67744265124109,-3.6266519244241966],[-45.66850990799304,-3.627748109737411],[-45.65957714427061,-3.6288442059415713],[-45.650644358483355,-3.629940213862331],[-45.64171155084102,-3.6310361334193577],[-45.632778722453786,-3.6321319645316756],[-45.623845871729905,-3.633227706215626],[-45.61491300068061,-3.6343233592942856],[-45.60598010681502,-3.635418924593836],[-45.59704719214248,-3.6365144002234797],[-45.58811425507311,-3.6376097879133917],[-45.57918129761633,-3.638705085772832],[-45.57024831728178,-3.639800295532553],[-45.56131531607951,-3.640895416206469],[-45.552382293318836,-3.641990447714861],[-45.54344924921009,-3.643085390882133],[-45.534516183062024,-3.6441802447238874],[-45.525583095084436,-3.6452750091598736],[-45.51664998638856,-3.6463696859186157],[-45.50771685538172,-3.647464272206926],[-45.49878370317568,-3.648558770658041],[-45.48985052907874,-3.649653179382872],[-45.480917333301164,-3.6507474992058326],[-45.471984116052255,-3.651841729142044],[-45.463050876642285,-3.6529358709210706],[-45.454117616180994,-3.6540299235575535],[-45.44518433397727,-3.655123886067078],[-45.43625103024178,-3.6562177601787305],[-45.4273177042834,-3.657311544908094],[-45.41838435721238,-3.6584052401745177],[-45.40945098833806,-3.659498845898213],[-45.400517597870596,-3.6605923629036647],[-45.391584186019415,-3.6616857902060125],[-45.38265075209381,-3.662779127725459]]]},"properties":{"id_fluxo":171,"agrupamento":"Santa Inês","origem_aproximada":"São João do Carú","destino_aproximado":"Santa Inês","comprimento_m":97950.8}},{"type":"Feature","geometry":{"type":"MultiLineString","coordinates":[[[-47.05658817600703,-6.465055342824907],[-47.06016393657606,-6.456785199483238],[-47.063739582029974,-6.44851502757594],[-47.067315110779184,-6.440244828115676],[-47.07089052394175,-6.431974601200049],[-47.074465821731955,-6.423704346930347],[-47.07804100345668,-6.415434064507449],[-47.08161607023389,-6.40716375402899],[-47.085191022281464,-6.398893416500225],[-47.08876585890993,-6.390623052026067],[-47.09234058032984,-6.382352659803747],[-47.09591518765903,-6.374082239930853],[-47.09948968111161,-6.3658117925086],[-47.10306405909453,-6.357541317645562],[-47.106638323629106,-6.349270815435611],[-47.11021247312232,-6.341000285987315],[-47.11378650959538,-6.332729729394544],[-47.1173604323588,-6.324459145762145],[-47.12093424071948,-6.316188534291033],[-47.124507936702145,-6.307917895979016],[-47.12808151871382,-6.299647230934644],[-47.13165498786836,-6.291376538351419],[-47.13522834347997,-6.283105819238195],[-47.13880158666241,-6.274835072788461],[-47.14237471672623,-6.2665642991070865],[-47.14594773479246,-6.25829349919549],[-47.14952064016426,-6.250022671350579],[-47.15309343396631,-6.241751817477753],[-47.15666611550546,-6.233480936777861],[-47.1602386849919,-6.225210028448044],[-47.16381114264689,-6.216939094397415],[-47.16738348867691,-6.2086681329191284],[-47.17095572239622,-6.200397145021976],[-47.1745278458215,-6.192126129895697],[-47.17809985826699,-6.183855088549078],[-47.1816717590432,-6.17558402108689],[-47.1852435492635,-6.167312926702568],[-47.1888152291453,-6.159041806401161],[-47.19238679799175,-6.150770658479535],[-47.195958256927206,-6.142499484842998],[-47.19952960525847,-6.13422828469233],[-47.20310084319927,-6.125957058128615],[-47.20667197186642,-6.117685805249198],[-47.210242990570464,-6.109414526158841],[-47.21381389952505,-6.101143220958609],[-47.217384698943825,-6.092871889749505],[-47.22095538903672,-6.084600531728635],[-47.224525970021006,-6.076329147900972],[-47.22809644211032,-6.068057738367538],[-47.23166680551449,-6.05978630232541],[-47.23523705954408,-6.051514839879316],[-47.238807205319375,-6.043243352030467],[-47.24237724305014,-6.034971837975954],[-47.24594717205068,-6.0267002987244105],[-47.24951699342997,-6.018428732565224],[-47.25308670650231,-6.0101571405070615],[-47.25665631148488,-6.001885523554793],[-47.26022580948661,-5.993613879997836],[-47.263795199825466,-5.985342211748733],[-47.26736448270744,-5.977070517100555],[-47.270933658345946,-5.968798796154308],[-47.27450272696182,-5.960527050818757],[-47.27807168875727,-5.952255278483097],[-47.28164054395684,-5.943983481959985],[-47.28520929276639,-5.935711659542546],[-47.28877793449653,-5.927439811335434],[-47.29234647026331,-5.919167937435842],[-47.29591490028377,-5.910896038848584],[-47.299483223860996,-5.902624113870474],[-47.303051441215764,-5.894352164410256],[-47.30661955346027,-5.886080189661155],[-47.310187560807755,-5.877808189724076],[-47.31375546166239,-5.8695361638034775],[-47.31732325804642,-5.86126411289665],[-47.3208909492704,-5.85299203710823],[-47.324458535547535,-5.844719936539049],[-47.32802601708725,-5.836447810386104],[-47.331593394106434,-5.828175659654113],[-47.335160665911935,-5.819903483543817],[-47.338727834522,-5.81163128214855],[-47.34229489834835,-5.803359056480523],[-47.345861858502914,-5.795086805732935],[-47.349428714296266,-5.7868145300103695],[-47.35299546684396,-5.778542229409907],[-47.35656211545656,-5.770269904036107],[-47.360128661249604,-5.761997553986035],[-47.36369510353362,-5.7537251793642215],[-47.367261442517915,-5.745452779367616],[-47.37082767932163,-5.737180354997116],[-47.37439381235294,-5.72890790636101],[-47.37795984362958,-5.720635433552592],[-47.381525771552326,-5.712362934872409],[-47.385091598149984,-5.704090413125297],[-47.38865732181962,-5.695817865707962],[-47.39222294368395,-5.687545294525105],[-47.395788463952115,-5.679272698773647],[-47.39935388193845,-5.671000079461921],[-47.40291919875063,-5.662727434879237],[-47.40648441460524,-5.654454766030163],[-47.41004952881284,-5.646182073019169],[-47.413614541586306,-5.637909355946994],[-47.41717945404064,-5.629636614910617],[-47.42074426458053,-5.621363849114402],[-47.42430897522686,-5.613091059555387],[-47.42787358529022,-5.604818246338015],[-47.43143809497963,-5.5965454086591855],[-47.43500250540995,-5.588272546615802],[-47.4385668140913,-5.57999966122365],[-47.44213102393899,-5.571726751668307],[-47.44569513426733,-5.563453818958058],[-47.449259144379475,-5.555180861389646],[-47.4528230553939,-5.546907879963811],[-47.45638686662495,-5.538634875688776],[-47.459950579179846,-5.530361846853829],[-47.463514192372934,-5.522088794467156],[-47.46707770731883,-5.513815718625646]]]},"properties":{"id_fluxo":172,"agrupamento":"Imperatriz","origem_aproximada":"São João do Paraíso","destino_aproximado":"Imperatriz","comprimento_m":114635.0}},{"type":"Feature","geometry":{"type":"MultiLineString","coordinates":[[[-43.811233552616756,-5.1159865701932],[-43.812333755373714,-5.107081224350848],[-43.813433926735634,-5.098175874415445],[-43.814534068586305,-5.089270520404188],[-43.81563418010509,-5.080365161424767],[-43.81673426137005,-5.071459798395508],[-43.81783431246254,-5.062554430425787],[-43.81893433345898,-5.053649059338375],[-43.820034324442354,-5.0447436833381705],[-43.82113428549073,-5.035838303343498],[-43.82223421578348,-5.026932918462102],[-43.823334117202535,-5.018027529615554],[-43.824433988927254,-5.009122135911583],[-43.82553383013217,-5.000216739171367],[-43.826633641802104,-4.9913113376014175],[-43.82773342401669,-4.982405931215596],[-43.828833176853976,-4.973500520932216],[-43.82993289949177,-4.964595106763521],[-43.83103259291317,-4.955689687820474],[-43.8321322571962,-4.946784265021405],[-43.83323189151868,-4.937878838378573],[-43.83433149686366,-4.9289734070029265],[-43.83543107330915,-4.9200679718127995],[-43.83653062003456,-4.911162531915988],[-43.83763013801971,-4.902257088232388],[-43.83872962644402,-4.893351639869791],[-43.83982908538553,-4.884446187746545],[-43.84092851582558,-4.875540731878046],[-43.842027917845336,-4.866635271373678],[-43.843127290622604,-4.857729806245736],[-43.84422663423546,-4.848824337412555],[-43.84532594876348,-4.839918864887975],[-43.84642523518947,-4.831013387782927],[-43.84752449269129,-4.8221079061097205],[-43.84862372134699,-4.8132024207866815],[-43.84972292213778,-4.804296931829201],[-43.85082209334144,-4.79539143834361],[-43.85192123683928,-4.78648594125127],[-43.853020351810706,-4.777580439660048],[-43.85411943833525,-4.768674933583804],[-43.85521849649094,-4.759769423940861],[-43.85631752635882,-4.750863909840607],[-43.85741652801689,-4.741958392201387],[-43.85851550154617,-4.733052870132574],[-43.85961444702469,-4.724147344552493],[-43.860713364533396,-4.715241814570532],[-43.861812254151815,-4.70633628020053],[-43.86291111595796,-4.697430742360853],[-43.86400994912981,-4.68852520106389],[-43.86510875555277,-4.679619654517442],[-43.866207533500415,-4.67071410454145],[-43.867306283953695,-4.661808551151208],[-43.868405006092104,-4.6529029934546315],[-43.86950370089653,-4.643997431467052],[-43.87060236844641,-4.6350918652023285],[-43.8717010088198,-4.6261862955788144],[-43.8727996211961,-4.617280721704421],[-43.873898206554784,-4.608375144498961],[-43.87499676407529,-4.599469563070358],[-43.87609529473845,-4.590563977433919],[-43.877193797720885,-4.581658388506584],[-43.878292274006235,-4.572752794494638],[-43.8793907227697,-4.5638471972195145],[-43.88048914499208,-4.554941596696503],[-43.881587539852816,-4.546035992033566],[-43.88268590743134,-4.537130383244557],[-43.88378424870834,-4.528224770344756],[-43.8848825628619,-4.5193191533466175],[-43.885980849970025,-4.5104135331685296],[-43.887079110113504,-4.501507908919865],[-43.88817734427161,-4.49260228152037],[-43.88927555162516,-4.483696649173515],[-43.89037373225081,-4.474791013702191],[-43.89147188622928,-4.465885374215751],[-43.89257001363994,-4.456979730728081]]]},"properties":{"id_fluxo":173,"agrupamento":"Codó","origem_aproximada":"São João do Soter","destino_aproximado":"Codó","comprimento_m":73416.1}},{"type":"Feature","geometry":{"type":"MultiLineString","coordinates":[[[-43.70572973621849,-6.4963024616680904],[-43.71259222080991,-6.490430653484672],[-43.71945454758587,-6.484558750330896],[-43.72631671485624,-6.478686753361922],[-43.73317872274163,-6.472814662833162],[-43.7400405731755,-6.466942477195715],[-43.74690226446557,-6.461070198509224],[-43.75376379854299,-6.455197826129112],[-43.76062517372221,-6.449325359401895],[-43.76748639102794,-6.443452798585097],[-43.774347450578546,-6.437580144838465],[-43.781208352496776,-6.4317073975129375],[-43.788069096903186,-6.425834556863791],[-43.79492968391832,-6.419961623146374],[-43.80179011366488,-6.414088595711538],[-43.808650387165365,-6.408215475721131],[-43.81551050273632,-6.402342261617357],[-43.8223704623023,-6.396468955468544],[-43.829230264177774,-6.3905955566213954],[-43.83608991029348,-6.384722064430883],[-43.84294940076988,-6.378848479152225],[-43.849808733917406,-6.372974801941044],[-43.8566679116667,-6.36710103215219],[-43.86352693323422,-6.361227170038915],[-43.87038579874249,-6.355353214951985],[-43.87724450921405,-6.349479168053055],[-43.884103063867364,-6.343605028690907],[-43.890961463725006,-6.3377307980271755],[-43.897819708007354,-6.331856474506191],[-43.90467779683297,-6.325982059287629],[-43.911535731226365,-6.3201075526285875],[-43.91839351130991,-6.314232953879754],[-43.925251136300105,-6.308358263294431],[-43.93210860721956,-6.302483482034101],[-43.938965923288535,-6.296608608543181],[-43.94582308643352,-6.290733643984919],[-43.95268009406502,-6.284858587704508],[-43.959536949015295,-6.2789834399625555],[-43.96639364959517,-6.273108201915047],[-43.97325019683085,-6.267232872914413],[-43.98010659084456,-6.261357452311285],[-43.9869628308511,-6.255481941263511],[-43.99381891878045,-6.249606339125205],[-44.00067485294359,-6.243730647052453],[-44.00753063436831,-6.237854863493121],[-44.0143862631733,-6.23197898960676],[-44.02124173947905,-6.226103025648438],[-44.02809706431151,-6.22022697097041],[-44.03495223598178,-6.214350826728888],[-44.04180725551583,-6.208474592276079],[-44.04866212303571,-6.202598266962561],[-44.05551683866022,-6.196721851947876],[-44.06237140341361,-6.190845347488623],[-44.069225816514084,-6.184968752933743],[-44.076080077178325,-6.179092068536674],[-44.0829341873343,-6.173215294555602],[-44.08978814710242,-6.167338431245486],[-44.09664195479713,-6.161461477953722],[-44.103495612344815,-6.155584435842899],[-44.11034911896368,-6.149707304261976],[-44.11720247567637,-6.143830084371916],[-44.12405568170256,-6.137952774617186],[-44.130908737162635,-6.1320753752527475],[-44.13776164307922,-6.126197887439546],[-44.144614398669056,-6.120320311431092],[-44.1514670049591,-6.114442645674693],[-44.1583194611632,-6.108564892232937],[-44.16517176830828,-6.10268704955309],[-44.17202392561103,-6.0968091178887],[-44.17887593409272,-6.090931099305132],[-44.1857277938779,-6.085052991343671],[-44.19257950418191,-6.07917479516242],[-44.19943106602877,-6.073296511017611],[-44.206282478635245,-6.067418139162832],[-44.21313374393028,-6.061539678951064],[-44.21998486022698,-6.055661130634519],[-44.22683582854805,-6.049782495373968],[-44.23368664901642,-6.043903771615146],[-44.24053732084761,-6.038024960516208],[-44.24738784596912,-6.032146062334553]]]},"properties":{"id_fluxo":174,"agrupamento":"Colinas","origem_aproximada":"São João dos Patos","destino_aproximado":"Colinas","comprimento_m":78895.6}},{"type":"Feature","geometry":{"type":"MultiLineString","coordinates":[[[-44.05812033316098,-2.5538389590390738],[-44.06654009631854,-2.551729763849361],[-44.074959832130375,-2.5496205120582456],[-44.083379540445954,-2.547511205612709],[-44.091799222016114,-2.545401843746583],[-44.10021887579217,-2.5432924265970556],[-44.10863850162492,-2.5411829543019255],[-44.117058101163984,-2.5390734270002406],[-44.125477672461884,-2.5369638439239557],[-44.133897217167664,-2.5348542061166905],[-44.14231673423329,-2.5327445128110626],[-44.150736224408966,-2.530634764145456],[-44.159155686645455,-2.5285249611616765],[-44.16757512259304,-2.5264151030941266],[-44.17599453120307,-2.524305190079984],[-44.18441391232634,-2.522195222257076],[-44.19283326581424,-2.5200851988585926],[-44.201252593315346,-2.5179751218327193],[-44.20967189288268,-2.5158649895068668]]]},"properties":{"id_fluxo":175,"agrupamento":"Titara","origem_aproximada":"São José de Ribamar","destino_aproximado":"São José de Ribamar","comprimento_m":17364.5}},{"type":"Feature","geometry":{"type":"MultiLineString","coordinates":[[[-44.58543145816917,-5.052304945042918],[-44.582496609492964,-5.060826245233759],[-44.57956168495443,-5.069347529879348],[-44.57662668256064,-5.077868798907417],[-44.57369160302512,-5.086390052247478],[-44.57075644706084,-5.094911290733623],[-44.56782121357816,-5.103432512484887],[-44.564885902387225,-5.111953719239454],[-44.561950513299955,-5.120474910021531],[-44.55901504702925,-5.1289960856653],[-44.55607950338706,-5.137517245194991],[-44.55314388038017,-5.146038388538248],[-44.55020818052598,-5.154559516530472],[-44.54727240183187,-5.163080628194631],[-44.54433654501072,-5.171601724364891],[-44.541400608971436,-5.180122804969471],[-44.538464595330524,-5.188643869033929],[-44.53552850209389,-5.197164917390433],[-44.532592329975046,-5.205685949968528],[-44.52965607968752,-5.214206966697736],[-44.52671974923775,-5.222727967505616],[-44.52378334024229,-5.231248951417727],[-44.52084685160856,-5.239769920171499],[-44.51791028314904,-5.248290871886581],[-44.51497363467344,-5.256811808301034],[-44.51203690689594,-5.265332728439812],[-44.50910009872523,-5.273853632231069],[-44.50616321087479,-5.282374519604348],[-44.503226243154984,-5.290895391393164],[-44.50028919447507,-5.2994162466209875],[-44.497352065548576,-5.307937085217392],[-44.49441485528325,-5.316457908015139],[-44.491477565295845,-5.324978714039894],[-44.48854019359158,-5.3334995041236555],[-44.485602741787204,-5.34202027729214],[-44.48266520788785,-5.350541034377296],[-44.47972759350953,-5.359061775309455],[-44.476789897560636,-5.3675825000167325],[-44.473852119852836,-5.376103207523306],[-44.470914260196224,-5.384623898662617],[-44.46797631840169,-5.393144573363519],[-44.465038295182694,-5.401665231555612],[-44.46210019035011,-5.4101858731677135],[-44.45916200281293,-5.418706497223256],[-44.45622373328304,-5.427227105461079],[-44.45328538066937,-5.435747696904583],[-44.45034694568456,-5.444268272387981],[-44.44740842814102,-5.452788830030919],[-44.444469827847904,-5.461309371571389],[-44.441531143714045,-5.469829896032773],[-44.43859237735562,-5.478350403345559],[-44.435653527679804,-5.48687089434232],[-44.43271459359453,-5.4953913689510046],[-44.429775576717695,-5.5039118252928985],[-44.426836476857424,-5.51243226601066],[-44.423897292020555,-5.520952689222113],[-44.420958023822415,-5.529473095762409],[-44.418018671171716,-5.537993484654869],[-44.415079234781025,-5.546513856733773],[-44.4121397135581,-5.555034211927017],[-44.40920010821637,-5.563554550164288],[-44.40626041856642,-5.5720748713743795],[-44.40332064351591,-5.580595175485165],[-44.400380783779205,-5.589115461521727],[-44.39744083916498,-5.597635731222052],[-44.394500809484676,-5.606155983610348],[-44.39156069454879,-5.61467621861536],[-44.38862049416781,-5.623196436165879],[-44.38568020815125,-5.631716637095267],[-44.38273983721347,-5.640236820428678],[-44.37979937935898,-5.648756986092938],[-44.37685883620318,-5.657277134923334],[-44.37391820665447,-5.665797265943081],[-44.37097749142624,-5.674317379081903],[-44.36803668942488,-5.682837475172201],[-44.36509580136378,-5.691357554143705],[-44.36215482615023,-5.699877615924178],[-44.3592137644986,-5.708397659538786],[-44.35627261621924,-5.716917684916276],[-44.353331381120434,-5.725437693794602],[-44.35039005811037,-5.733957685196888],[-44.34744864790342,-5.74247765814832],[-44.344507151211964,-5.7509976134832455],[-44.34156556603999,-5.759517551128375],[-44.338623894002936,-5.7680374719190874],[-44.33568213400998,-5.77655737397393],[-44.33274028586918,-5.785077259030774],[-44.32979834939179,-5.793597126113805],[-44.32685632529114,-5.802116975152813],[-44.3239142124742,-5.810636806075456],[-44.32097201074999,-5.819156619715033],[-44.31802972173619,-5.827676415097874],[-44.31508734253318,-5.836196192149417],[-44.3121448756597,-5.844715951706279],[-44.309202319120395,-5.853235692790393],[-44.30625967362637,-5.86175541714074],[-44.303316938991,-5.870275121972298],[-44.30037411502098,-5.878794809927507],[-44.297431201528525,-5.88731447912595],[-44.29448819832251,-5.895834130400923],[-44.29154510521408,-5.9043537627765295],[-44.28860192291422,-5.9128733779918],[-44.285658649428456,-5.921392974163965],[-44.282715286371136,-5.929912553033201],[-44.27977183265112,-5.938432112717913],[-44.27682828897939,-5.946951654957089],[-44.27388465426353,-5.955471178773693],[-44.27094092921688,-5.963990684097603],[-44.26799711364929,-5.972510170857525],[-44.26505320646712,-5.9810296389809645],[-44.262109208382455,-5.989549089302338],[-44.2591651192063,-5.998068520845809],[-44.25622093784494,-6.00658793353881],[-44.25327666591394,-6.015107328217064],[-44.25033230141597,-6.023626704806771],[-44.24738784596912,-6.032146062334553]]]},"properties":{"id_fluxo":176,"agrupamento":"Colinas","origem_aproximada":"São José dos Basílios","destino_aproximado":"Colinas","comprimento_m":114606.7}},{"type":"Feature","geometry":{"type":"MultiLineString","coordinates":[[[-44.30269322361376,-2.52820742205455],[-44.29858078146708,-2.53616947093332],[-44.29446828908718,-2.5441315061188035],[-44.29035574625826,-2.552093526579515],[-44.28624315186406,-2.5600555330927834],[-44.282130507487324,-2.5680175255327478],[-44.27801781291176,-2.575979503772641],[-44.27390506612207,-2.5839414676845727],[-44.26979226870148,-2.591903416238101],[-44.265679419533136,-2.599865351115166],[-44.26156651930025,-2.607827272189439],[-44.25745356688803,-2.6157891775242996],[-44.25334056297863,-2.623751068802697],[-44.249227506456144,-2.631712945897267],[-44.24511439800432,-2.639674807777058],[-44.24100123740627,-2.64763665521988]]]},"properties":{"id_fluxo":177,"agrupamento":"Titara","origem_aproximada":"São Luís","destino_aproximado":"São Luís","comprimento_m":14877.0}},{"type":"Feature","geometry":{"type":"MultiLineString","coordinates":[[[-44.671013542361564,-4.377137843626373],[-44.67737308765937,-4.37076253200437],[-44.68373252550927,-4.3643871654685515],[-44.69009185697061,-4.358011744257944],[-44.6964510803994,-4.351636267705815],[-44.70281019685496,-4.34526073605123],[-44.709169206495424,-4.338885149532795],[-44.715528109478534,-4.332509509293884],[-44.72188690596308,-4.3261338137637795],[-44.72824559700801,-4.319758064086136],[-44.73460418096934,-4.31338225959427],[-44.740962658906334,-4.307006400527135],[-44.747321030976785,-4.300630488028049],[-44.75367929733935,-4.294254520526282],[-44.76003745815183,-4.287878499165144],[-44.76639551357227,-4.281502424183256],[-44.772753464660184,-4.275126294914827],[-44.77911130977104,-4.26875011250258],[-44.78546904996456,-4.262373875376049],[-44.79182668539854,-4.255997584678527],[-44.79818421623104,-4.249621240648606],[-44.80454164262032,-4.243244842620173],[-44.810898964724196,-4.236868391736539],[-44.81725618270093,-4.2304918873315795],[-44.823613297609654,-4.224115329644078],[-44.82997030780617,-4.217738718912206],[-44.8363272143498,-4.211362054470071],[-44.842684017398376,-4.204985337460883],[-44.8490407171101,-4.198608567218556],[-44.8553973136428,-4.192231744886326],[-44.86175380715483,-4.185854868893373],[-44.868110197804,-4.179477940382922],[-44.87446648574847,-4.173100958688837],[-44.880822671146085,-4.166723924954355],[-44.88717875505587,-4.160346839418124],[-44.893534735834,-4.153969700509064],[-44.89989061453926,-4.147592510275167],[-44.90624639132984,-4.141215267145626],[-44.91260206636372,-4.134837971358943],[-44.91895763979875,-4.128460624058329],[-44.925313111793,-4.122083224577579],[-44.93166848250435,-4.115705774059915],[-44.93802375209091,-4.109328270934454],[-44.94437892071058,-4.102950716344379],[-44.95073398852134,-4.096573109623499],[-44.95708895658204,-4.09019545191505],[-44.96344382324879,-4.083817742552694],[-44.969798589580485,-4.077439980870321],[-44.976153255735,-4.071062168915739],[-44.98250782187033,-4.064684305118085],[-44.988862288144375,-4.058306390620496],[-44.99521665471509,-4.051928424756736],[-45.00157092174037,-4.045550408669979],[-45.00792508937814,-4.0391723407893005],[-45.01427915778632,-4.032794222257834],[-45.020633127122785,-4.026416052409325],[-45.02698699754547,-4.020037832386937],[-45.03334077011314,-4.013659562429055],[-45.03969444318191,-4.007281240964796],[-45.04604801781055,-4.000902869137263],[-45.05240149415696,-3.994524447184901],[-45.05875487237904,-3.9881459753461015],[-45.065108152634615,-3.981767452954614],[-45.07146133508154,-3.975388880248854],[-45.07781441987779,-3.969010258371905],[-45.08416740718106,-3.962631585752836],[-45.090520297149325,-3.956252863534704],[-45.09687308994033,-3.949874091051239],[-45.103225786612846,-3.9434952694454117],[-45.10957838552303,-3.937116398051132],[-45.115930887729405,-3.930737476202029],[-45.122283293390076,-3.924358505945828],[-45.12863560266278,-3.9179794866162196],[-45.13498781570507,-3.9116004166422496],[-45.14133993267522,-3.9052212989763118],[-45.14769195373063,-3.898842131142719],[-45.15404387902928,-3.8924629142845575],[-45.160395708729,-3.8860836486401387],[-45.166747443888354,-3.8797043344476942],[-45.17309908286352,-3.873324971041209],[-45.17945062671308,-3.866945558658881],[-45.185802075595,-3.8605660984437233],[-45.192153429666746,-3.854186588824729],[-45.1985046890863,-3.8478070309449044],[-45.20485585401149,-3.8414274250426046],[-45.2112069245999,-3.83504777045146],[-45.21755790191023,-3.828668068314272],[-45.22390878429848,-3.8222883170604316],[-45.23025957282336,-3.8159085178327254],[-45.23661026764263,-3.8095286708695015],[-45.24296086891412,-3.8031487764090253],[-45.249311376795355,-3.796768833784961],[-45.25566179144412,-3.7903888432355957],[-45.26201211391879,-3.784008804998978],[-45.26836234257594,-3.777628719313931],[-45.27471247847366,-3.771248585513809],[-45.28106252177001,-3.764868404741595],[-45.28741247262247,-3.7584881763308693],[-45.293762331189114,-3.7521079014246466],[-45.30011209762709,-3.7457275784518003],[-45.306461772995355,-3.739347209459685],[-45.31281135564957,-3.7329667919731513],[-45.319160846649034,-3.7265863289441934],[-45.3255102461505,-3.720205817897051],[-45.3318595543124,-3.713825260879357],[-45.33820877219267,-3.7074446572243174],[-45.34455789814765,-3.7010640062662348],[-45.35090693323593,-3.6946833091476834],[-45.35725587761494,-3.6883025652022408],[-45.363604731442734,-3.6819217755728446],[-45.369953495776834,-3.6755409386879845],[-45.376302168974696,-3.6691600565960103],[-45.38265075209381,-3.662779127725459]]]},"properties":{"id_fluxo":178,"agrupamento":"Santa Inês","origem_aproximada":"São Luís Gonzaga do Maranhão","destino_aproximado":"Santa Inês","comprimento_m":111692.0}},{"type":"Feature","geometry":{"type":"MultiLineString","coordinates":[[[-44.46809328550764,-4.0315279311896015],[-44.46090306968722,-4.036848714631026],[-44.453712760515366,-4.042169432754024],[-44.4465223570178,-4.047490087113337],[-44.439331860023785,-4.052810676551004],[-44.43214126946049,-4.058131201717715],[-44.42495058435545,-4.0634516614542475],[-44.41775980553674,-4.068772056411933],[-44.41056893113035,-4.074092386335519],[-44.40337796376676,-4.079412650973024],[-44.39618690067042,-4.084732850973091],[-44.388995743571584,-4.090052985178497],[-44.38180449059558,-4.095373054238529],[-44.374613143472,-4.100693057900576],[-44.36742170122773,-4.106012995909987],[-44.36023016378988,-4.11133286891739],[-44.35303853018602,-4.116652675763437],[-44.34584680214582,-4.121972416195617],[-44.33865497779376,-4.127292091767715],[-44.33146305795928,-4.132611701321825],[-44.32427104257021,-4.1379312446039735],[-44.31707893065343,-4.143250721359368],[-44.30988672303689,-4.148570132239405],[-44.30269441874745,-4.153889476989266],[-44.29550201861386,-4.159208755355761],[-44.28830952166298,-4.164527967084018],[-44.28111692872359,-4.169847111920873],[-44.27392423882171,-4.175166190516064],[-44.26673145188513,-4.180485202615562],[-44.25953856784249,-4.185804147060715],[-44.25234558661994,-4.1911230254066725],[-44.24515250904711,-4.19644183649567],[-44.23795933324895,-4.201760580976525],[-44.230766060055146,-4.2070792576914435],[-44.22357268939265,-4.212397867290953],[-44.21637922118925,-4.21771640952103],[-44.20918565537278,-4.223034884127578],[-44.20199199096911,-4.228353291760218],[-44.194798228808004,-4.233671631261196],[-44.18760436881635,-4.238989903281041],[-44.18041041001999,-4.244308108469289],[-44.17321635324965,-4.2496262447636655],[-44.16602219753119,-4.254944312813688],[-44.15882794279045,-4.260262314174399],[-44.15163358985925,-4.2655802458789704],[-44.14443913776142,-4.270898110386022],[-44.137244586425716,-4.276215906536891],[-44.13004993578,-4.281533634077443],[-44.122855186652124,-4.286851293659145],[-44.115660337168805,-4.2921688841212795],[-44.108465388157896,-4.297486406115299],[-44.101270340448295,-4.302803859388135],[-44.094075192165676,-4.308121243683541],[-44.08687994323678,-4.313438559651917],[-44.079684595392685,-4.318755806136717],[-44.07248914675794,-4.324072983786205],[-44.06529359816148,-4.329390092347287],[-44.05809794953113,-4.33470713156585],[-44.05090219899135,-4.340024102090018],[-44.04370634917446,-4.345341002764471],[-44.036510397304916,-4.350657833331594],[-44.02931434601165,-4.355974595349796],[-44.022118192521404,-4.36129128675231],[-44.0149219376608,-4.366607909095207],[-44.00772558225998,-4.37192446122091],[-44.00052912534447,-4.377240943778621],[-43.99333256684206,-4.382557356514136],[-43.98613590668181,-4.387873698268697],[-43.978939143887956,-4.393189970595939],[-43.97174228019188,-4.398506172339572],[-43.96454531371785,-4.403822304147453],[-43.95734824619727,-4.409138364863338],[-43.95015107575439,-4.414454355134999],[-43.94295380231576,-4.419770275612707],[-43.93575642671295,-4.425086124234474],[-43.928558948869934,-4.430401903459615],[-43.92136136781725,-4.435717610319048],[-43.914163683478805,-4.4410332472720535],[-43.906965896684945,-4.446348813161173],[-43.89976800736351,-4.451664307732162],[-43.89257001363994,-4.456979730728081]]]},"properties":{"id_fluxo":179,"agrupamento":"Codó","origem_aproximada":"São Mateus do Maranhão","destino_aproximado":"Codó","comprimento_m":79321.6}},{"type":"Feature","geometry":{"type":"MultiLineString","coordinates":[[[-48.42886161864956,-5.083524062879828],[-48.42064680859874,-5.087208040609822],[-48.412431905851335,-5.090891913341768],[-48.404216908671565,-5.094575679952079],[-48.39600181894035,-5.0982593420072435],[-48.38778663492188,-5.101942898383631],[-48.37957135759171,-5.105626349749487],[-48.371355986114644,-5.109309694976406],[-48.36314052057034,-5.112992935640518],[-48.35492496192023,-5.116676069700839],[-48.3467093084379,-5.120359097839877],[-48.33849356199965,-5.1240420207212685],[-48.330277720869596,-5.12772483722131],[-48.322061786023376,-5.131407548008371],[-48.31384575663049,-5.135090152857178],[-48.30562963276118,-5.138772651537691],[-48.297413414485675,-5.142455043819941],[-48.28919710187424,-5.146137329473902],[-48.28098069500178,-5.149819509172774],[-48.27276419393395,-5.153501581783428],[-48.26454759784946,-5.157183548886888],[-48.2563309068093,-5.1608654084468375],[-48.24811412089302,-5.164547162039689],[-48.23989724106714,-5.1682288085277115],[-48.231680265600254,-5.171910347690184],[-48.22346319547268,-5.175591781098992],[-48.21524603074559,-5.17927310671783],[-48.20702877059297,-5.18295432522455],[-48.19881141508514,-5.186635436389257],[-48.190593964296966,-5.190316440885311],[-48.182376418294226,-5.193997337579551],[-48.17415877715181,-5.197678127145388],[-48.16594104094006,-5.201358809352943],[-48.157723208828365,-5.205039383976889],[-48.14950528088705,-5.208719850787358],[-48.1412872580875,-5.212400209550007],[-48.133069138702574,-5.216080460947259],[-48.12485092460464,-5.219760604740326],[-48.11663261405757,-5.223440639805054],[-48.10841420804174,-5.227120567713747],[-48.10019570571753,-5.230800386434464],[-48.09197710716428,-5.234480097544009],[-48.08375841335346,-5.2381597008081515],[-48.075539622553265,-5.24183919600602],[-48.06732073573081,-5.245518582000029],[-48.05910175296093,-5.249197859463751],[-48.05088267341734,-5.2528770290752],[-48.04266349806721,-5.256556089696869],[-48.03444422607986,-5.260235041103413],[-48.026224857530096,-5.263913883968438],[-48.018005392488384,-5.2675926180622135],[-48.00978583012833,-5.271271244062782],[-48.001566171412875,-5.274949759929295],[-47.99334641642123,-5.278628167238793],[-47.985126564318314,-5.282306464862555],[-47.97690661517891,-5.28598465347429],[-47.96868656817227,-5.289662732848609],[-47.96046642517141,-5.293340702747187],[-47.952246185345565,-5.297018562944711],[-47.94402584696696,-5.300696314123503],[-47.93580541280574,-5.304373955137615],[-47.92758488023275,-5.308051486673681],[-47.91936425111692,-5.3117289075900205],[-47.911143523734616,-5.31540621947249],[-47.902922699053484,-5.319083421183714],[-47.89470177714829,-5.3227605133975455],[-47.886480757184,-5.326437494985136],[-47.87825963923539,-5.330114366620352],[-47.87003842427023,-5.333791127165869],[-47.86181711146609,-5.337467778203307],[-47.85359569998793,-5.341144318603783],[-47.84537419080775,-5.344820748133504],[-47.83715258400036,-5.348497067466406],[-47.82893087873487,-5.352173276377128],[-47.820709075081886,-5.355849374636096],[-47.81248717310787,-5.359525361110198],[-47.80426517379323,-5.363201237372847],[-47.79604307540148,-5.366877002299214],[-47.787820878007324,-5.370552656563341],[-47.77959858258292,-5.374228199931548],[-47.77137618919485,-5.3779036312707635],[-47.76315369611882,-5.381578952166838],[-47.75493110522455,-5.385254161478488],[-47.74670841477954,-5.3889292589843825],[-47.73848562576012,-5.392604245354518],[-47.73026273823291,-5.396279119455846],[-47.72203975137509,-5.39995388287015],[-47.713816665249276,-5.403628533560713],[-47.70559348083584,-5.407303073101263],[-47.69737019639819,-5.410977500366802],[-47.68914681291269,-5.414651816027464],[-47.68092333044606,-5.418326018950165],[-47.672699748175326,-5.422000110716759],[-47.66447606706496,-5.425674089286498],[-47.656252285390224,-5.429347956245277],[-47.648028405021314,-5.43302171045201],[-47.63980442513124,-5.436695352584953],[-47.631580344888974,-5.44036888241866],[-47.62335616526314,-5.444042298816057],[-47.61513188542665,-5.4477156024553945],[-47.60690750635599,-5.451388794007051],[-47.598683027216246,-5.455061872341867],[-47.59045844718029,-5.458734838138076],[-47.58223376812254,-5.4624076911584964],[-47.57400898830628,-5.466080430277844],[-47.56578410871192,-5.469753057070324],[-47.55755912850069,-5.473425569503001],[-47.54933404775114,-5.477097969153952],[-47.54110886653407,-5.480770255793881],[-47.532883584920306,-5.484442429193458],[-47.52465820297688,-5.48811448821959],[-47.516432719880385,-5.491786434454283],[-47.50820713659597,-5.4954582658568825],[-47.49998145320589,-5.499129984909432],[-47.491755667965826,-5.502801588678854],[-47.48352978185988,-5.506473079643416],[-47.47530379495141,-5.510144455766242],[-47.46707770731883,-5.513815718625646]]]},"properties":{"id_fluxo":180,"agrupamento":"Imperatriz","origem_aproximada":"São Pedro da Água Branca","destino_aproximado":"Imperatriz","comprimento_m":116856.6}},{"type":"Feature","geometry":{"type":"MultiLineString","coordinates":[[[-46.52980304850508,-6.825245856956084],[-46.52465861016412,-6.832631419666895],[-46.5195140140401,-6.840016925943775],[-46.5143692608151,-6.84740237469673],[-46.50922434845979,-6.854787765748503],[-46.504079277661944,-6.862173099817593],[-46.49893404820169,-6.8695583767210735],[-46.49378866076119,-6.876943595368868],[-46.48864311331373,-6.884328756487976],[-46.48349740745192,-6.891713860794088],[-46.478351542045395,-6.899098906298449],[-46.47320551778472,-6.906483894623869],[-46.46805933354511,-6.913868825590189],[-46.46291298910381,-6.921253698110109],[-46.45776648514856,-6.928638512902153],[-46.45261982055448,-6.93602326978607],[-46.447472996006525,-6.943407968576088],[-46.44232601128197,-6.950792608184895],[-46.437178865264094,-6.9581771911451495],[-46.4320315586296,-6.965561714558135],[-46.42688409116399,-6.972946180049418],[-46.4217364626472,-6.980330587435977],[-46.41658867195412,-6.987714936537464],[-46.411440720672076,-6.995099226261089],[-46.40629260677627,-7.0024834582378155],[-46.40114433094896,-7.009867631377549],[-46.39599589387515,-7.017251745494496],[-46.390847293524494,-7.0246358004109695],[-46.38569853149247,-7.032019797747143],[-46.38054960664843,-7.039403735513946],[-46.37540051877221,-7.04678761352826],[-46.37025126855416,-7.054171433412944],[-46.36510185396098,-7.061555194085889],[-46.35995227748814,-7.068938895355967],[-46.35480253620234,-7.076322537952333],[-46.3496526325965,-7.083706120779564],[-46.34450256373453,-7.091089643662431],[-46.339352332117286,-7.09847310821856],[-46.334201935708656,-7.105856512461318],[-46.32905137429353,-7.113239858016222],[-46.32390064945711,-7.12062314288621],[-46.31874975917354,-7.128006368701943],[-46.31359870412527,-7.135389534373294],[-46.308447484094536,-7.142772640621409],[-46.303296097955545,-7.150155687265638],[-46.2981445472962,-7.157538673213271],[-46.292992830995814,-7.16492160009236],[-46.28784094882887,-7.17230446591095],[-46.28268890058005,-7.179687272294513],[-46.27753668602635,-7.187070018155428],[-46.27238430494733,-7.194452703310432],[-46.2672317580331,-7.201835329382468],[-46.26207904415011,-7.209217893477689],[-46.25692616308538,-7.216600398125894],[-46.25177311552147,-7.223982842236956],[-46.246619900332284,-7.231365225630031],[-46.241466518202884,-7.238747548119363],[-46.23631296800958,-7.246129810428458],[-46.23115925043497,-7.253512011467185],[-46.22600536435528,-7.260894151959024],[-46.220851310455565,-7.268276231718193],[-46.215697088512805,-7.275658249656978],[-46.21054269831128,-7.283040207400801],[-46.20538813962788,-7.290422103861901],[-46.20023341133624,-7.297803938859354],[-46.19507851412382,-7.305185713111731],[-46.18992344867336,-7.312567425528881],[-46.18476821295496,-7.319949076836605],[-46.17961280855953,-7.3273306668466995],[-46.17445723345468,-7.3347121953805505],[-46.169301489231366,-7.342093662250002],[-46.16414557476297,-7.349475067273967],[-46.15898948983107,-7.356856411173447],[-46.15383323511844,-7.3642376928582545],[-46.14867680950073,-7.371618913051696],[-46.14352021275709,-7.379000071570305],[-46.13836344557033,-7.386381167323899],[-46.133206506818254,-7.39376220194013],[-46.1280493971837,-7.401143174328838],[-46.12289211553976,-7.408524084308832],[-46.1177346625716,-7.415904931694303],[-46.11257703806059,-7.423285717206201],[-46.10741924178582,-7.430666440661032],[-46.102261272620275,-7.438047101877521],[-46.097103131246826,-7.445427699765485],[-46.09194481744902,-7.452808235950228],[-46.086786331003616,-7.460188709343802],[-46.081627672595786,-7.467569119760458],[-46.07646884019447,-7.474949467925488],[-46.07130983448254,-7.4823297527487105],[-46.06615065524119,-7.489709974950961],[-46.06099130224933,-7.497090134348672],[-46.05583177619211,-7.504470230756089],[-46.05067207594442,-7.511850264896213],[-46.04551220128078,-7.519230234776599],[-46.040352152890705,-7.526610142020343]]]},"properties":{"id_fluxo":181,"agrupamento":"Balsas","origem_aproximada":"São Pedro dos Crentes","destino_aproximado":"Balsas","comprimento_m":94532.0}},{"type":"Feature","geometry":{"type":"MultiLineString","coordinates":[[[-45.47863404212076,-7.02201423084047],[-45.4853138684656,-7.028025437690032],[-45.49199386616122,-7.034036546881145],[-45.498674036248104,-7.040047559974167],[-45.50535437795308,-7.046058475817641],[-45.512034892315775,-7.052069295067303],[-45.51871557856298,-7.058080016571732],[-45.52539643682886,-7.06409064098766],[-45.532077468153155,-7.070101168970742],[-45.53875867176261,-7.076111599369582],[-45.545440048695895,-7.082121931935277],[-45.55212159818075,-7.088132166420976],[-45.55880332125804,-7.0941423043868275],[-45.56548521715446,-7.100152344681472],[-45.572167286907636,-7.106162286151338],[-45.5788495297475,-7.112172130358759],[-45.58553194671286,-7.1181818770546625],[-45.59221453793584,-7.124191525086561],[-45.598897302645284,-7.130201075112233],[-45.60558024188122,-7.1362105277870995],[-45.61226335486893,-7.142219881055317],[-45.61894664355528,-7.1482291364756385],[-45.62563010626237,-7.154238293802449],[-45.632313743122225,-7.160247351883305],[-45.638997556080604,-7.166256311372278],[-45.64568154345953,-7.172265172023856],[-45.65236570629922,-7.178273934493337],[-45.65905004473169,-7.18428259762818],[-45.66573455798586,-7.190291162086195],[-45.67241924800641,-7.196299627616755],[-45.679104113115265,-7.202307993974461],[-45.68578915435145,-7.208316260909973],[-45.692474371848235,-7.214324428175251],[-45.69915976574034,-7.220332496426744],[-45.7058453361597,-7.226340464511901],[-45.71253108233667,-7.232348333993101],[-45.71921700621473,-7.23835610371492],[-45.725903107021445,-7.244363773430719],[-45.732589383984354,-7.250371342893841],[-45.73927583904983,-7.256378812757814],[-45.74596247144545,-7.2623861827759715],[-45.75264928130457,-7.268393452700241],[-45.759336267854714,-7.274400622283999],[-45.76602343304089,-7.280407691276117],[-45.77271077609217,-7.286414660334479],[-45.779398298047795,-7.292421529209385],[-45.78608599722944,-7.298428297655813],[-45.792773874674715,-7.304434964519571],[-45.7994619314261,-7.3104415313598885],[-45.80615016670949,-7.316447997025693],[-45.81283858065988,-7.322454362173293],[-45.81952717341068,-7.328460626554545],[-45.826215946001234,-7.334466789919586],[-45.83290489765903,-7.34047285202185],[-45.83959402851743,-7.346478812613181],[-45.846283338711565,-7.352484672349837],[-45.852972829279096,-7.358490430077407],[-45.85966249944919,-7.364496086453839],[-45.86635234935528,-7.3705016412309385],[-45.873042380038555,-7.376507095063188],[-45.87973259163073,-7.382512446797795],[-45.886422982453134,-7.388517696190084],[-45.893113554454914,-7.394522844797188],[-45.899804307765905,-7.400527890561849],[-45.90649524161531,-7.406532834142058],[-45.91318635613844,-7.412537676194025],[-45.919877652372975,-7.418542415563122],[-45.926569130454276,-7.424547052905503],[-45.93326078960781,-7.430551587070254],[-45.939952630876974,-7.436556019616075],[-45.94664465348529,-7.442560348487642],[-45.95333685847819,-7.448564576148062],[-45.960029245077166,-7.4545686996375595],[-45.96672181432776,-7.460572721419197],[-45.97341456635953,-7.466576639435679],[-45.98010750040378,-7.472580455249522],[-45.98680061749619,-7.478584166801477],[-45.993493917774316,-7.484587775652009],[-46.0001874013717,-7.4905912815527085],[-46.00688106751566,-7.496594684257247],[-46.01357491724386,-7.502597982610721],[-46.020268950694,-7.508601178173536],[-46.02696316709128,-7.514604269794985],[-46.033657568383894,-7.5206072581267955],[-46.040352152890705,-7.526610142020343]]]},"properties":{"id_fluxo":182,"agrupamento":"Balsas","origem_aproximada":"São Raimundo das Mangabeiras","destino_aproximado":"Balsas","comprimento_m":83411.9}},{"type":"Feature","geometry":{"type":"MultiLineString","coordinates":[[[-45.07718029959289,-5.106059484144489],[-45.071176397619666,-5.112774443734973],[-45.06517236985611,-5.119489345641481],[-45.0591682170217,-5.126204189639432],[-45.05316393893375,-5.13291897640899],[-45.04715953540942,-5.1396337048210174],[-45.0411550053637,-5.146348375555713],[-45.03515035041836,-5.153062988388489],[-45.02914556858604,-5.159777543094909],[-45.02314066148852,-5.166492039450387],[-45.0171356271384,-5.173206478135155],[-45.01113046625515,-5.179920858019955],[-45.00512517955831,-5.18663517888027],[-44.99911976506037,-5.193349442300894],[-44.99311422348081,-5.200063647152619],[-44.9871085546368,-5.206777792306238],[-44.98110275834544,-5.2134918802511825],[-44.975096835326326,-5.22020590804893],[-44.969090783591724,-5.226919878188835],[-44.9630846047636,-5.233633788637109],[-44.957078296854235,-5.240347640073702],[-44.95107186148557,-5.2470614322741795],[-44.945065297572214,-5.253775165918519],[-44.93905860493133,-5.260488839877503],[-44.93305178337991,-5.2672024548311684],[-44.92704483273515,-5.273916009650256],[-44.921037753716355,-5.280629505919588],[-44.91503054523825,-5.287342942509763],[-44.90902320711788,-5.29405631919619],[-44.90301573917231,-5.300769635754216],[-44.897008142120804,-5.307482893768661],[-44.89100041487832,-5.314196090300794],[-44.884992557261434,-5.320909227839936],[-44.87898456998983,-5.327622305256937],[-44.87297645197785,-5.334335323231645],[-44.86696820304283,-5.34104827973006],[-44.860959823903784,-5.347761177241691],[-44.854951313475496,-5.354474013732357],[-44.84894267247735,-5.361186789882257],[-44.842933899823734,-5.3678995054664815],[-44.836924995331614,-5.374612160260329],[-44.83091595972031,-5.381324754944006],[-44.824906792807035,-5.388037288388184],[-44.81889749350559,-5.3947497621771605],[-44.81288806163343,-5.401462174276953],[-44.80687849790985,-5.408174525367765],[-44.800868802151825,-5.414886815224871],[-44.794858973273264,-5.421599044527908],[-44.788849011994074,-5.428311212147784],[-44.78283891813085,-5.4350233187644115],[-44.77682869059779,-5.441735364152741],[-44.77081833011446,-5.448447348088346],[-44.764807835595036,-5.455159270346109],[-44.75879720775875,-5.461871131606272],[-44.75278644642282,-5.468582930739413],[-44.74677555140374,-5.475294668425427],[-44.74076452161599,-5.4820063435345086],[-44.734753357778395,-5.488717957651513],[-44.72874205970815,-5.4954295096470345],[-44.72273062722212,-5.502140999296279],[-44.71671905923389,-5.508852427278642],[-44.710707357366296,-5.515563792465546],[-44.70469551963008,-5.522275095535949],[-44.698683546744405,-5.52898633717008],[-44.692671438526965,-5.535697515333865],[-44.68665919479359,-5.54240863161174],[-44.68064681536154,-5.549119684874232],[-44.674634300047096,-5.555830675801136],[-44.66862164776462,-5.562541603262443],[-44.6626088601356,-5.56925246884358],[-44.656595936074396,-5.5759632714145555],[-44.650582875397745,-5.582674010750501],[-44.6445696770189,-5.589384687530621],[-44.63855634256096,-5.596095300626471],[-44.63254287093716,-5.602805850717289],[-44.626529261964166,-5.609516337578142],[-44.62051551545869,-5.616226760984146],[-44.61450163214037,-5.622937120710987],[-44.60848761001934,-5.629647417437206],[-44.60247344981582,-5.636357650033812],[-44.59645915224823,-5.643067820085762],[-44.59044471623145,-5.64977792555827],[-44.584430141581514,-5.6564879671310155],[-44.57841542811503,-5.663197944579049],[-44.57240057655101,-5.6699078585827],[-44.566385585803005,-5.676617708916373],[-44.560370455688286,-5.683327494450449],[-44.55435518692585,-5.690037215865284],[-44.54833977752612,-5.696746872934522],[-44.54232422911111,-5.703456466339179],[-44.53630854149812,-5.710165994949657],[-44.53029271360063,-5.716875458540279],[-44.524276745234445,-5.7235848577906285],[-44.51826063621609,-5.730294192475704],[-44.51224438816836,-5.73700346237199],[-44.5062279981984,-5.743712667252208],[-44.50021146792821,-5.750421807797442],[-44.49419479627191,-5.7571308828773065],[-44.4881779839484,-5.763839893172166],[-44.48216103077416,-5.770548838456957],[-44.47614393566249,-5.777257718505847],[-44.47012669842986,-5.783966533093766],[-44.46410931979594,-5.790675281996452],[-44.45809179957633,-5.797383965893482],[-44.45207413668512,-5.804092583654305],[-44.44605633184026,-5.810801136863899],[-44.44003838485992,-5.817509623488017],[-44.43402029465548,-5.824218045109852],[-44.42800206194844,-5.830926399695984],[-44.42198368655246,-5.837634689735124],[-44.41596516738248,-5.8443429131920475],[-44.409946505157244,-5.851051070747134],[-44.40392769969411,-5.857759161270679],[-44.3979087499042,-5.8644671863457765],[-44.39188965741049,-5.8711751457492065],[-44.385870420224656,-5.877883037444726],[-44.3798510390634,-5.884590863921912],[-44.37383151374505,-5.89129862314641],[-44.36781184318157,-5.898006315796666],[-44.36179202899599,-5.904713941649522],[-44.35577206919686,-5.911421501382332],[-44.34975196450486,-5.918128993866346],[-44.34373171563972,-5.924836418877449],[-44.337711320608754,-5.931543777997496],[-44.3316907801338,-5.938251069193161],[-44.32567009403002,-5.944958293143826],[-44.3196492621126,-5.951665450528822],[-44.31362828419884,-5.958372540218372],[-44.307607161007354,-5.965079562892951],[-44.301585890548544,-5.971786517420472],[-44.29556447354096,-5.978493404481397],[-44.28954290979965,-5.985200224755032],[-44.28352120004663,-5.991906976208177],[-44.27749934228874,-5.998613660422314],[-44.27147733814916,-6.005320277174571],[-44.26545518654174,-6.012026825333896],[-44.259432887281456,-6.018733305579555],[-44.25341044108675,-6.02543971859207],[-44.24738784596912,-6.032146062334553]]]},"properties":{"id_fluxo":183,"agrupamento":"Colinas","origem_aproximada":"São Raimundo do Doca Bezerra","destino_aproximado":"Colinas","comprimento_m":137573.4}},{"type":"Feature","geometry":{"type":"MultiLineString","coordinates":[[[-44.992706931679706,-5.022721542051155],[-44.98735366464387,-5.029986946934871],[-44.982000278814674,-5.037252305925741],[-44.97664677397901,-5.044517619734571],[-44.97129314992384,-5.051782887262892],[-44.96593940733813,-5.059048110126256],[-44.96058554510672,-5.066313286321439],[-44.95523156301644,-5.073578416559289],[-44.949877461756344,-5.0808435006460115],[-44.94452324021104,-5.088108539292349],[-44.93916889816746,-5.0953735313997655],[-44.93381443631464,-5.102638476774538],[-44.928459853537134,-5.109903376127316],[-44.92310515052386,-5.117168230169001],[-44.91775032706185,-5.1244330368964315],[-44.91239538203557,-5.13169779702025],[-44.90704031613391,-5.138962511251342],[-44.90168512914379,-5.146227178491172],[-44.89632981994957,-5.15349179945037],[-44.89097439014272,-5.1607563730306385],[-44.885618837705266,-5.168020899942461],[-44.88026316332621,-5.175285379992076],[-44.87490736679213,-5.182549813890183],[-44.86955144789007,-5.18981419963359],[-44.864195406406395,-5.197078538837657],[-44.85883924303013,-5.204342831308664],[-44.85348295574345,-5.211607075947594],[-44.84812654523516,-5.218871273465389],[-44.842770012194315,-5.226135423668272],[-44.83741335550493,-5.233399527266756],[-44.83205657585653,-5.240663582257796],[-44.826699671230436,-5.247927590256264],[-44.82134264321833,-5.255191550164],[-44.8159854916066,-5.262455462691706],[-44.81062821527935,-5.269719327645126],[-44.80527081402319,-5.276983144830257],[-44.799913289429604,-5.284246914053689],[-44.794555638577734,-5.291510635120564],[-44.789197863961576,-5.298774307837722],[-44.78383996356207,-5.3060379338198995],[-44.77848193716666,-5.313301510159092],[-44.773123786365936,-5.320565039375858],[-44.767765509142,-5.327828519466246],[-44.76240710708577,-5.335091952046192],[-44.7570485781793,-5.342355335111666],[-44.7516899231109,-5.349618670278253],[-44.74633114166704,-5.356881957351938],[-44.740972233634515,-5.364145195233973],[-44.73561319879937,-5.371408384634988],[-44.73025403785065,-5.3786715253612805],[-44.72489474876954,-5.385934617218002],[-44.719535333147675,-5.393197660011861],[-44.71417578986882,-5.400460653548387],[-44.7088161187189,-5.407723598538122],[-44.703456320386955,-5.414986494787392],[-44.69809639375709,-5.4222493411970545],[-44.69273633861523,-5.429512138477583],[-44.68737615565034,-5.436774886435375],[-44.68201584464831,-5.444037585780925],[-44.67665540449368,-5.451300234510388],[-44.671294834971285,-5.458562835143521],[-44.665934136771575,-5.465825384772778],[-44.66057330967935,-5.473087885917924],[-44.65521235348188,-5.4803503365755475],[-44.64985126706163,-5.487612738360246],[-44.64449005110862,-5.494875089269124],[-44.6391287063108,-5.502137390917831],[-44.633767229746574,-5.509399642205913],[-44.62840562390995,-5.516661843845501],[-44.623043887684304,-5.5239239956418364],[-44.617682020856385,-5.531186096496123],[-44.612320023211794,-5.5384481471188165],[-44.60695789453608,-5.545710148220302],[-44.60159563551883,-5.55297209870238],[-44.59623324414043,-5.5602339983696245],[-44.59087072199212,-5.567495847933665],[-44.585508067957775,-5.574757646295048],[-44.58014528182281,-5.582019394164158],[-44.57478236427558,-5.589281092252025],[-44.56941931420052,-5.596542738554531],[-44.564056131382365,-5.603804334686655],[-44.5586928174137,-5.611065879550878],[-44.553329369371724,-5.61832737295092],[-44.54796578884695,-5.625588816503103],[-44.5426020756268,-5.632850208203943],[-44.53723822949656,-5.640111548763788],[-44.53187424933921,-5.647372837987663],[-44.52651013584373,-5.6546340756819635],[-44.521145888795324,-5.661895262557051],[-44.515781507077634,-5.66915639751325],[-44.51041699228191,-5.676417481262371],[-44.505052342388,-5.683678513608593],[-44.499687558987866,-5.690939494359139],[-44.494322640062094,-5.698200422413543],[-44.488957587201114,-5.705461299388234],[-44.48359239928771,-5.7127221250881215],[-44.47822707520624,-5.7199828975088245],[-44.4728616165463,-5.727243619171451],[-44.46749602309538,-5.734504288072453],[-44.462130292832214,-5.74176490492038],[-44.45676442734885,-5.749025469522604],[-44.451398425527096,-5.756285982588453],[-44.44603228805757,-5.7635464421152625],[-44.440666013820305,-5.770806850621546],[-44.43529960260365,-5.778067205199126],[-44.42993305509386,-5.785327508368301],[-44.42456637107848,-5.792587758125481],[-44.41919954943817,-5.799847956084549],[-44.41383259086275,-5.807108101147402],[-44.40846549513793,-5.814368193119636],[-44.403098261146134,-5.821628231805896],[-44.39773088957533,-5.828888217917272],[-44.392363380211144,-5.836148151259348],[-44.38699573283921,-5.8434080316376695],[-44.381627947246145,-5.850667857953209],[-44.37626002321557,-5.857927631820703],[-44.370891960534074,-5.865187352141109],[-44.36552375898623,-5.872447019624522],[-44.3601554183586,-5.879706633171891],[-44.35478693843573,-5.886966193493332],[-44.349418319003135,-5.894225700394352],[-44.34404956075077,-5.901485152776933],[-44.3386806616553,-5.908744552253601],[-44.3333116242134,-5.91600389772851],[-44.32794244549934,-5.923263189908493],[-44.322573127106445,-5.930522427696629],[-44.3172036679157,-5.937781611801856],[-44.31183406861594,-5.945040742030757],[-44.3064643280903,-5.952299817283145],[-44.301094447025385,-5.959558839174693],[-44.29572442520776,-5.966817806606352],[-44.29035426151933,-5.974076719382385],[-44.28498395664781,-5.981335578213967],[-44.27961350947504,-5.988594382905351],[-44.27424292159337,-5.995853133264325],[-44.268872190982336,-6.003111828189408],[-44.263501318329574,-6.0103704683917165],[-44.25813030341919,-6.017629054581271],[-44.2527591460377,-6.024887585658887],[-44.24738784596912,-6.032146062334553]]]},"properties":{"id_fluxo":184,"agrupamento":"Colinas","origem_aproximada":"São Roberto","destino_aproximado":"Colinas","comprimento_m":138803.4}},{"type":"Feature","geometry":{"type":"MultiLineString","coordinates":[[[-44.88010263492948,-2.8923821126533094],[-44.88454110942897,-2.884608710291242],[-44.8889795231328,-2.876835288840024],[-44.89341787625858,-2.8690618502528147],[-44.89785617082397,-2.861288391959353],[-44.902294404347195,-2.8535149159125224],[-44.90673257884561,-2.845741422256154],[-44.91117069363738,-2.83796790932449],[-44.915608749839876,-2.83019437907069],[-44.92004674587146,-2.822420829828904],[-44.92448468374928,-2.8146472635523656],[-44.92892256189168,-2.8068736785752475],[-44.93336038231586,-2.7991000759460225],[-44.9377981434401,-2.791326454903597],[-44.94223584728153,-2.78355281649644],[-44.946673492258455,-2.7757791599634314],[-44.95111107948827,-2.768005486353002],[-44.955548608289035,-2.760231793999373],[-44.95998607977808,-2.752458084855671],[-44.96442349417316,-2.744684357256164],[-44.96886085079218,-2.7369106131538734],[-44.973298150752576,-2.729136850883108],[-44.977735393372285,-2.721363070587475],[-44.98217257886896,-2.713589274220091],[-44.986609708359964,-2.705815459210465],[-44.99104678026358,-2.6980416275116865],[-44.99548379659677,-2.690267778362703],[-44.99992075667751,-2.682493912811849],[-45.00435766072342,-2.6747200291933892],[-45.00879450895211,-2.6669461285556646],[-45.01323130068155,-2.6591722110423293],[-45.01766803792863,-2.6513982767969937],[-45.022104719111645,-2.6436243250586404],[-45.026541345347844,-2.6358503568755736],[-45.03097791685479,-2.628076371486749],[-45.03541443295042,-2.62030236903579],[-45.03985089385235,-2.6125283505710777],[-45.04428730157733,-2.6047543153314385],[-45.04872365364406,-2.5969802625558955],[-45.05315995206935,-2.589206194197432],[-45.0575961961711,-2.581432108590285],[-45.06203238706644,-2.573658006782744],[-45.06646852317372,-2.565883888013803],[-45.07090460650963,-2.558109753331682],[-45.07534063549254,-2.5503356019754166],[-45.0797766121391,-2.5425614349931918],[-45.084212535767165,-2.534787250719263],[-45.08864840569479,-2.527013051106719]]]},"properties":{"id_fluxo":185,"agrupamento":"Pinheiro","origem_aproximada":"São Vicente Ferrer","destino_aproximado":"Pinheiro","comprimento_m":46564.8}},{"type":"Feature","geometry":{"type":"MultiLineString","coordinates":[[[-45.23873888397029,-4.037194505934539],[-45.241938312576224,-4.028874469327667],[-45.245137676879025,-4.020554418729225],[-45.24833697617076,-4.012234354221363],[-45.25153620974329,-4.003914274981544],[-45.25473537959124,-3.995594181091111],[-45.25793448500697,-3.9872740735368923],[-45.26113352618312,-3.9789539514960635],[-45.26433250241209,-3.9706338159554795],[-45.26753141478731,-3.9623136660920304],[-45.270730263501655,-3.9539935019875965],[-45.27392904874802,-3.945673323724021],[-45.27712776981848,-3.937353131383481],[-45.28032642780668,-3.929032925047519],[-45.28352502200469,-3.9207127047983135],[-45.28672355350613,-3.912392470717412],[-45.289922021603076,-3.904072222886956],[-45.29312042648836,-3.895751961388817],[-45.29631876835478,-3.8874316863048297],[-45.29951704829558,-3.8791113968118407],[-45.30271526470241,-3.870791093897046],[-45.30591341956915,-3.862470776736915],[-45.30911151218819,-3.8541504463183207],[-45.312309541851285,-3.84583010181875],[-45.315507509652214,-3.8375097442243713],[-45.318705415783384,-3.829189372712355],[-45.321903260437516,-3.8208689873645167],[-45.32510104290668,-3.81254858826302],[-45.32829876428459,-3.804228176394044],[-45.331496424763586,-3.795907750934735],[-45.33469402363539,-3.7875873110625657],[-45.33789156109341,-3.779266858668709],[-45.341089037329944,-3.7709463929303264],[-45.344286453437945,-3.7626259130241837],[-45.34748380871015,-3.7543054208418183],[-45.35068110333851,-3.745984914655672],[-45.35387833841657,-3.737664395451882],[-45.35707551233549,-3.7293438624082884],[-45.3602726261888,-3.7210233165110043],[-45.36346968016911,-3.712702757841853],[-45.366666674468654,-3.704382185577937],[-45.3698636083795,-3.6960615998014466],[-45.373060483895614,-3.6877410014980825],[-45.37625729940818,-3.679420389845712],[-45.37945405511015,-3.6710997658308226],[-45.38265075209381,-3.662779127725459]]]},"properties":{"id_fluxo":186,"agrupamento":"Santa Inês","origem_aproximada":"Satubinha","destino_aproximado":"Santa Inês","comprimento_m":44363.9}},{"type":"Feature","geometry":{"type":"MultiLineString","coordinates":[[[-44.05532737334375,-5.260032668901811],[-44.05353667971587,-5.251208237192651],[-44.05174603674854,-5.242383797977934],[-44.04995544431584,-5.233559350383376],[-44.04816490138551,-5.224734896246921],[-44.04637440963756,-5.215910433792512],[-44.04458396713884,-5.207085963952155],[-44.042793574664366,-5.198261486757481],[-44.0410032320883,-5.189437001334224],[-44.03921293837847,-5.180612509520279],[-44.03742269521484,-5.171788009539604],[-44.03563250156798,-5.1629635014210535],[-44.03384235730798,-5.154138987003903],[-44.03205226321256,-5.145314464510738],[-44.03026221734888,-5.136489934873566],[-44.02847222139544,-5.127665397220833],[-44.026682274321594,-5.118840852485927],[-44.02489237600157,-5.110016299794555],[-44.02310252720899,-5.1011917400828395],[-44.02131272691463,-5.092367173379641],[-44.01952297589483,-5.083542598812027],[-44.01773327311907,-5.074718017313381],[-44.015943619363675,-5.065893428010785],[-44.01415401359815,-5.057068831837583],[-44.01236445659885,-5.048244227920859],[-44.0105749482387,-5.039419616290849],[-44.00878548748727,-5.030594997880891],[-44.00699607602289,-5.021770371819431],[-44.005206711913175,-5.012945739038485],[-44.00341739593445,-5.004121098665079],[-44.001628127959734,-4.995296450729458],[-43.999838907860614,-4.98647179616632],[-43.998049734609594,-4.977647134100016],[-43.9962606098835,-4.968822464563457],[-43.99447153355396,-4.9599977884914095],[-43.99268250369299,-4.951173104102272],[-43.990893521072785,-4.94234841323664],[-43.989104586468265,-4.9335237159261265],[-43.98731569885337,-4.924699010390496],[-43.985526858099824,-4.915874297564449],[-43.983738064981154,-4.907049578384112],[-43.981949318470015,-4.898224851973765],[-43.980160619341305,-4.8894001183649625],[-43.97837196656635,-4.8805753775865535],[-43.97658336092005,-4.871750629670086],[-43.97479480137378,-4.862925874644357],[-43.973006288702436,-4.854101112540961],[-43.971217821877424,-4.8452763433886945],[-43.96942940257537,-4.836451567220469],[-43.967641028865984,-4.827626784063756],[-43.965852701524184,-4.818801993950093],[-43.96406442042313,-4.809977196909641],[-43.96227618543602,-4.8011523929726145],[-43.96048799643607,-4.79232758216917],[-43.9586998523962,-4.783502763623581],[-43.95691175499022,-4.774677939177826],[-43.955123703192434,-4.765853107051661],[-43.95333569687473,-4.757028268179751],[-43.95154773681195,-4.748203422593673],[-43.94975982107417,-4.739378570320819],[-43.94797195133921,-4.730553710489616],[-43.946184126577414,-4.721728844033336],[-43.94439634756361,-4.712903970983547],[-43.94260861326954,-4.704079091369008],[-43.940820923569916,-4.69525420431538],[-43.939033279238195,-4.686429310758725],[-43.93724568014769,-4.677604410729162],[-43.93545812527159,-4.668779503350984],[-43.933670614481905,-4.6599545895588745],[-43.93188314945631,-4.651129668481176],[-43.93009572826384,-4.6423047410498315],[-43.92830835167933,-4.633479807296361],[-43.92652101957753,-4.624654866346397],[-43.92473373092903,-4.615829919133231],[-43.92294648741143,-4.607004964785234],[-43.921159287095314,-4.598180003329813],[-43.919372131655535,-4.589355035704355],[-43.91758502006412,-4.580530061937633],[-43.91579795129448,-4.571705081153911],[-43.914010927022815,-4.562880093386041],[-43.91222394621984,-4.554055099567333],[-43.91043700876038,-4.545230098823384],[-43.90865011541922,-4.536405091185723],[-43.90686326516716,-4.527580077587592],[-43.90507645787905,-4.518755057154646],[-43.90328969432967,-4.509930029918342],[-43.90150297349125,-4.501104995907465],[-43.8997162961372,-4.492279956058005],[-43.89792966124114,-4.483454909494238],[-43.89614306867662,-4.474629856246251],[-43.89435652011965,-4.4658047963468865],[-43.89257001363994,-4.456979730728081]]]},"properties":{"id_fluxo":187,"agrupamento":"Codó","origem_aproximada":"Senador Alexandre Costa","destino_aproximado":"Codó","comprimento_m":90598.2}},{"type":"Feature","geometry":{"type":"MultiLineString","coordinates":[[[-47.29038094524114,-5.444857397285667],[-47.2984117383576,-5.447992998895761],[-47.30644261557562,-5.451128492843874],[-47.31447357500781,-5.454263879853744],[-47.322504618367816,-5.457399158827444],[-47.33053574557223,-5.460534330481784],[-47.33856695562868,-5.463669393729277],[-47.34659824935927,-5.4668043501870995],[-47.354629626670054,-5.469939197860393],[-47.36266108748117,-5.47307393836981],[-47.37069263170218,-5.476208570624411],[-47.378724260151685,-5.479343095337339],[-47.38675597183718,-5.482477511421251],[-47.394787767580915,-5.485611820493129],[-47.402819647288716,-5.48874602055816],[-47.410851610877216,-5.491880112333078],[-47.41888365825944,-5.49501409563077],[-47.42691578934841,-5.498147970264113],[-47.43494800496275,-5.501281736946155],[-47.442980304113526,-5.504415395493447],[-47.451012687612014,-5.507548944811347],[-47.4590451553786,-5.510682386520328],[-47.46707770731883,-5.513815718625646]]]},"properties":{"id_fluxo":188,"agrupamento":"Imperatriz","origem_aproximada":"Senador La Rocque","destino_aproximado":"Imperatriz","comprimento_m":21022.7}},{"type":"Feature","geometry":{"type":"MultiLineString","coordinates":[[[-45.11873278627935,-1.8552882026426112],[-45.1183318292029,-1.8642445754189292],[-45.11793086734333,-1.873200947449996],[-45.11752990157047,-1.8821573178253082],[-45.11712893185519,-1.8911136883485713],[-45.11672795816812,-1.900070057204674],[-45.11632697958084,-1.9090264243879338],[-45.11592599786253,-1.9179827917019867],[-45.1155250111855,-1.926939157331775],[-45.11512402131888,-1.9358955221762013],[-45.11472302643499,-1.9448518853249763],[-45.11432202740389,-1.953808248581731],[-45.11392102419619,-1.9627646101313525],[-45.1135200167826,-1.9717209699680978],[-45.11311900513404,-1.980677329895708],[-45.11271798922106,-1.9896336880990382],[-45.11231696901449,-1.9985900454771135],[-45.111915943585785,-2.0075464011195345],[-45.11151491470423,-2.0165027568299183],[-45.111113881441206,-2.025459110793183],[-45.11071284376753,-2.0344154639083367],[-45.110311800754616,-2.0433718152650138],[-45.10991075417178,-2.0523281666668147],[-45.10950970309041,-2.061284516298674],[-45.109108647481214,-2.0702408641548513],[-45.10870758731507,-2.0791972120390843],[-45.108306522562536,-2.088153558136232],[-45.10790545319443,-2.097109903345285],[-45.107504379181464,-2.106066247660567],[-45.10710330139357,-2.115022590171573],[-45.106702218002994,-2.123978931777435],[-45.106301130778995,-2.1329352724723205],[-45.10590003879302,-2.1418916122505807],[-45.10549894111642,-2.1508479502018543],[-45.10509783951857,-2.159804287225024],[-45.10469673397021,-2.168760623314363],[-45.1042956226434,-2.177716958464321],[-45.10389450730745,-2.1866732917643326],[-45.10349338613448,-2.1956296241135127],[-45.10309226089386,-2.2045859555060616],[-45.102691130656964,-2.2135422859363154],[-45.10228999629377,-2.2224986144937726],[-45.101888856875725,-2.2314549420775345],[-45.10148771147418,-2.24041126868194],[-45.101086562757835,-2.2493675933963613],[-45.10068540799945,-2.2583239180247396],[-45.10028424896833,-2.2672802407517807],[-45.09988308473587,-2.276236562476586],[-45.099481915272705,-2.2851928822886998],[-45.09908074144904,-2.2941492019918135],[-45.09867956233608,-2.3031055197708206],[-45.09827837790457,-2.3120618365247605],[-45.097877189024615,-2.3210181522478295],[-45.09747599476745,-2.329974466029685],[-45.09707479600323,-2.338930778769288],[-45.096673590903826,-2.3478870904610227],[-45.09627238213819,-2.3568434010990105],[-45.09587116697868,-2.365799709773035],[-45.09546994719497,-2.3747560182866576],[-45.095068722757624,-2.3837123248247596],[-45.09466749273789,-2.392668629381699],[-45.09426625710659,-2.4016249337611932],[-45.09386501673372,-2.410581236148064],[-45.09346377069059,-2.4195375374413466],[-45.09306251984734,-2.4284938376352874],[-45.092661264174644,-2.437450136724181],[-45.09226000184419,-2.446406433797732],[-45.09185873552514,-2.45536272975476],[-45.09145746248974,-2.4643190245897446],[-45.09105618540714,-2.473275318296794],[-45.090654902449,-2.482231610870324],[-45.090253613585965,-2.491187901399918],[-45.08985231968825,-2.5001441907845194],[-45.08945102072656,-2.5091004790184224],[-45.08904971577202,-2.518056766095981],[-45.08864840569479,-2.527013051106719]]]},"properties":{"id_fluxo":189,"agrupamento":"Pinheiro","origem_aproximada":"Serrano do Maranhão","destino_aproximado":"Pinheiro","comprimento_m":74322.3}},{"type":"Feature","geometry":{"type":"MultiLineString","coordinates":[[[-46.70210703976919,-5.881177605616978],[-46.71025019440973,-5.87727492766137],[-46.718393235966104,-5.87337213167155],[-46.72653616437691,-5.869469215173435],[-46.734678979594584,-5.865566180214066],[-46.74282168156326,-5.861663026127803],[-46.750964270232664,-5.857759754057476],[-46.759106745544145,-5.853856362433275],[-46.767249108347514,-5.849952851490973],[-46.77539135768964,-5.846049222376244],[-46.78353349442043,-5.842145475324858],[-46.791675518481085,-5.838241608767001],[-46.79981742982433,-5.83433762474974],[-46.80795922839138,-5.8304335217032905],[-46.81610091413213,-5.826529300770483],[-46.8242424878935,-5.822624961282885],[-46.8323839496254,-5.818720504383296],[-46.8405252983691,-5.814815929409102],[-46.8486665349715,-5.810911235691862],[-46.85680765938551,-5.8070064252785745],[-46.86494867155227,-5.803101496599556],[-46.87308957232159,-5.7991964498904975],[-46.881230360737696,-5.795291285393062],[-46.88937103675068,-5.791386004250083],[-46.897511601204386,-5.787480604888915],[-46.90565205405186,-5.783575089356542],[-46.91379239613389,-5.779669455176178],[-46.9219326255981,-5.775763704400873],[-46.93007274329439,-5.771857837266272],[-46.93821275006642,-5.767951852199764],[-46.946352645864344,-5.764045750344155],[-46.95449242973261,-5.76013953194125],[-46.96263210251794,-5.756233196322533],[-46.97077166416744,-5.752326743726758],[-46.97891111553399,-5.748420175293594],[-46.98705045475638,-5.744513490363933],[-46.99518968358388,-5.740606688266125],[-47.00332880106416,-5.736699770146168],[-47.01146780894646,-5.73279273533236],[-47.01960670537591,-5.728885584973882],[-47.02774549119913,-5.724978318402213],[-47.035884166363296,-5.721070935856109],[-47.04402273081243,-5.717163436670266],[-47.05216118539949,-5.713255821984297],[-47.060299529169136,-5.709348092040175],[-47.06843776296792,-5.705440246169386],[-47.076575886739825,-5.701532283706656],[-47.08471390043856,-5.6976242066988645],[-47.09285180400485,-5.69371601357668],[-47.10098959738923,-5.689807705482947],[-47.10912728143817,-5.685899281749121],[-47.11726485519972,-5.6819907435213475],[-47.125402318614604,-5.678082089230391],[-47.133539673438285,-5.674173320012423],[-47.14167691871558,-5.670264436109593],[-47.149814053491404,-5.666355437764027],[-47.15795107951456,-5.662446324303871],[-47.16608799582657,-5.658537095067316],[-47.17422480328387,-5.654627752097808],[-47.182361501830414,-5.650718294730173],[-47.19049809050776,-5.646808722302651],[-47.198634570169034,-5.642899035954691],[-47.20677094166053,-5.638989235017748],[-47.214907203124895,-5.635079319737503],[-47.22304335631417,-5.6311692903460004],[-47.23117940027341,-5.627259147085507],[-47.23931533675115,-5.623348889284028],[-47.24745116299131,-5.61943851809479],[-47.25558688164473,-5.6155280328423265],[-47.2637224917565,-5.611617433768991],[-47.271857993274025,-5.607706721113658],[-47.27999338704346,-5.603795894207808],[-47.28812867211349,-5.5998849541977584],[-47.29626384843155,-5.59597390132244],[-47.30439891774248,-5.592062734005853],[-47.31253387819635,-5.588151454301823],[-47.32066873154147,-5.584240061538258],[-47.32880347591736,-5.580328555057297],[-47.33693811307943,-5.576416935994631],[-47.34507264297154,-5.572505203685307],[-47.353207064639,-5.568593358371845],[-47.361341378931456,-5.564681400289614],[-47.36947558489428,-5.560769329681166],[-47.37760968427559,-5.556857145874373],[-47.38574367612439,-5.552944850015658],[-47.39387756128665,-5.549032441436501],[-47.40201133881146,-5.545119921283338],[-47.41014500863904,-5.541207287987499],[-47.41827857162267,-5.537294542688153],[-47.42641202861192,-5.533381685620569],[-47.434545377746566,-5.529468716127284],[-47.44267861987621,-5.5255556344436245],[-47.45081175585044,-5.521642440804899],[-47.45894478471478,-5.517729135453799],[-47.46707770731883,-5.513815718625646]]]},"properties":{"id_fluxo":190,"agrupamento":"Imperatriz","origem_aproximada":"Sítio Novo","destino_aproximado":"Imperatriz","comprimento_m":93998.1}},{"type":"Feature","geometry":{"type":"MultiLineString","coordinates":[[[-44.189999146017975,-6.480450730497804],[-44.191147890245766,-6.471484775326057],[-44.19229659358356,-6.46251881394155],[-44.19344525611655,-6.453552846359256],[-44.19459387883277,-6.444586873500076],[-44.19574246091313,-6.4356208953775385],[-44.19689100244424,-6.426654911102112],[-44.19803950441549,-6.417688920690122],[-44.19918796510217,-6.408722925058261],[-44.200336386397865,-6.399756924224313],[-44.201484768389086,-6.390790917298687],[-44.20263310935261,-6.3818249042935475],[-44.20378141118049,-6.372858886131173],[-44.20492967215095,-6.363892861919198],[-44.20607789415735,-6.354926831675388],[-44.20722607637927,-6.345960796317839],[-44.208374217997736,-6.336994755860115],[-44.20952232090875,-6.328028708510894],[-44.210670383385114,-6.319062656995963],[-44.21181840732412,-6.310096598619425],[-44.212966391,-6.3011305352025895],[-44.21411433630723,-6.292164465858612],[-44.21526224152146,-6.283198391504244],[-44.216410106729114,-6.274232311249926],[-44.217557933823166,-6.265266225113339],[-44.21870572107936,-6.25630013401128],[-44.219853469487994,-6.247334037055503],[-44.22100117913408,-6.23836793426097],[-44.22214884919735,-6.22940182654586],[-44.223296480668054,-6.220435713021919],[-44.22444407363113,-6.21146959370412],[-44.225591627267704,-6.202503468606098],[-44.22673914166143,-6.19353733864735],[-44.227886617802426,-6.184571202939615],[-44.229034055775635,-6.17560506149787],[-44.230181454760874,-6.166638915240289],[-44.23132881484439,-6.157672763277318],[-44.2324761370149,-6.148706605625204],[-44.23362342045355,-6.139740442297631],[-44.23477066524397,-6.1307742742140885],[-44.23591787237738,-6.121808099581765],[-44.23706504103235,-6.112841920223401],[-44.2382121712938,-6.10387573615397],[-44.23935926324919,-6.09490954557938],[-44.240506317885774,-6.085943349420363],[-44.24165333347982,-6.076977148593923],[-44.24280031192475,-6.068010942213018],[-44.2439472524018,-6.059044730291328],[-44.245094154092186,-6.05007851284256],[-44.24624101888672,-6.041112290788766],[-44.24738784596912,-6.032146062334553]]]},"properties":{"id_fluxo":191,"agrupamento":"Colinas","origem_aproximada":"Sucupira do Norte","destino_aproximado":"Colinas","comprimento_m":49966.6}},{"type":"Feature","geometry":{"type":"MultiLineString","coordinates":[[[-43.54516922184676,-6.41622969122184],[-43.55306504109739,-6.4119194165066515],[-43.56096072775572,-6.407609020320315],[-43.568856281808664,-6.403298502006464],[-43.57675170414704,-6.398987860911177],[-43.584646992944734,-6.394677098181671],[-43.59254215090053,-6.390366213169032],[-43.60043717528682,-6.386055206113691],[-43.60833206789352,-6.381744078172882],[-43.61622682870988,-6.377432827785763],[-43.624121457717855,-6.373121456104584],[-43.63201595490424,-6.3688099624728745],[-43.63991032025104,-6.3644983480428765],[-43.647804554649014,-6.360186612160487],[-43.65569865627467,-6.35587475506883],[-43.66359262692268,-6.351562776116157],[-43.67148646657509,-6.347250676454696],[-43.679380174312456,-6.342938456329961],[-43.68727375102776,-6.3386261141833735],[-43.69516719670083,-6.334313652071575],[-43.70306051131844,-6.330001069338002],[-43.71095369577123,-6.325688365328378],[-43.71884674823358,-6.321375541190419],[-43.72673967050004,-6.317062596272079],[-43.734632461651174,-6.312749530818962],[-43.74252512257538,-6.3084363450811045],[-43.750417653257166,-6.304123039306302],[-43.75831005277715,-6.299809613740232],[-43.76620232292979,-6.295496067730601],[-43.77409446189183,-6.291182401520951],[-43.78198647145554,-6.286868615363333],[-43.78987835070159,-6.2825547095034455],[-43.797770099614546,-6.278240684189109],[-43.80566171908488,-6.273926538765761],[-43.81355320819125,-6.269612274383555],[-43.82144456872799,-6.265297890389967],[-43.82933579887397,-6.260983386124266],[-43.83722689951359,-6.256668763645119],[-43.84511787063546,-6.252354021391441],[-43.8530087122222,-6.248039160515469],[-43.86089942516616,-6.243724179458042],[-43.8687900085442,-6.239409080273837],[-43.87668046324672,-6.235093862308144],[-43.88457078835456,-6.230778525806779],[-43.89246098475805,-6.22646307011499],[-43.900351052441835,-6.222147495480502],[-43.908240991390514,-6.217831802151061],[-43.91613080158691,-6.213515991278872],[-43.9240204830194,-6.209200061302783],[-43.93191003657458,-6.204884013376809],[-43.93979946133518,-6.200567846842386],[-43.94768875818782,-6.196251562853544],[-43.955577927120814,-6.191935159849017],[-43.963466967211495,-6.187618639883735],[-43.971355879351904,-6.183302001398237],[-43.979244663524966,-6.178985245544715],[-43.9871333206209,-6.174668371668124],[-43.99502184881523,-6.170351380917215],[-44.00291024990358,-6.166034271734175],[-44.010798523868964,-6.161717045271136],[-44.018686669792416,-6.157399701774146],[-44.02657468856408,-6.153082240588051],[-44.03446257926336,-6.148764662863433],[-44.042350343685705,-6.144446967042242],[-44.05023798090894,-6.140129155179494],[-44.05812549092107,-6.135811225713913],[-44.06601287370527,-6.131493179797651],[-44.073900130151614,-6.127175016775493],[-44.08178725934122,-6.1228567368935005],[-44.08967426216103,-6.118538341305446],[-44.097561137695266,-6.114219828448407],[-44.10544788683091,-6.1099011994761145],[-44.11333451045793,-6.105582453733193],[-44.12122100675237,-6.101263592368827],[-44.12910737750788,-6.096944614729119],[-44.1369936218071,-6.0926255201557],[-44.144879740535636,-6.088306310706746],[-44.152765732777596,-6.083986984819374],[-44.16065159942147,-6.079667542742672],[-44.168537339547115,-6.075347985627385],[-44.17642295404585,-6.071028311913528],[-44.18430844380338,-6.066708523659122],[-44.19219380790376,-6.062388619301357],[-44.20007904542826,-6.058068599086511],[-44.207964159071274,-6.053748464170772],[-44.21584914610827,-6.049428213893235],[-44.22373400923494,-6.045107848505454],[-44.23161874572548,-6.040787368251137],[-44.239503358276835,-6.036466772477206],[-44.24738784596912,-6.032146062334553]]]},"properties":{"id_fluxo":192,"agrupamento":"Colinas","origem_aproximada":"Sucupira do Riachão","destino_aproximado":"Colinas","comprimento_m":88544.3}},{"type":"Feature","geometry":{"type":"MultiLineString","coordinates":[[[-45.74793291157982,-8.473708545647538],[-45.75059747184419,-8.465099710234695],[-45.753261913476564,-8.456490853318764],[-45.75592623756692,-8.447881974958197],[-45.75859044338661,-8.439273074310494],[-45.76125453111717,-8.430664151435892],[-45.76391850094011,-8.422055206394568],[-45.76658235213036,-8.413446240152979],[-45.76924608668425,-8.404837251863295],[-45.77190970387665,-8.396228242491967],[-45.77457320297716,-8.38761921029202],[-45.777236585079024,-8.379010157130786],[-45.779899850361815,-8.37040108216399],[-45.782562999006835,-8.361791985451807],[-45.78522603028726,-8.353182867056207],[-45.787888944384406,-8.344573727037364],[-45.79055174238591,-8.335964564549192],[-45.79321442356852,-8.327355381462542],[-45.79587698901979,-8.318746176931347],[-45.798539438010984,-8.310136950113085],[-45.80120177072517,-8.301527701972399],[-45.80386398734354,-8.2929184325694],[-45.806526088047264,-8.28430914196425],[-45.80918807301563,-8.27569982931264],[-45.811849943339574,-8.267090495577316],[-45.8145116973824,-8.258481139917619],[-45.81717333623501,-8.249871763296321],[-45.81983485917054,-8.241262365775365],[-45.82249626818398,-8.232652946506729],[-45.825157561640545,-8.224043505554258],[-45.82781874063097,-8.215434043880604],[-45.830479804426524,-8.206824560643343],[-45.833140754115966,-8.198215055900693],[-45.83580158897432,-8.189605530619062],[-45.83846230917874,-8.180995983049684],[-45.841122915821636,-8.172386415059638],[-45.84378340817424,-8.163776825806458],[-45.84644378641741,-8.155167215350223],[-45.84910405163966,-8.146557583749148],[-45.85176420220833,-8.137947931971532],[-45.8544242392081,-8.129338258266651],[-45.85708416372926,-8.120728563597124],[-45.85974397413728,-8.112118848026839],[-45.8624036715186,-8.10350911070948],[-45.86506325605777,-8.094899353514034],[-45.86772272702406,-8.086289574693556],[-45.87038208550761,-8.077679775210633],[-45.873041331689045,-8.069069955125311],[-45.87570046483956,-8.060460113595099],[-45.87835948604916,-8.051850251582591],[-45.881018394589034,-8.043240368245273],[-45.8836771906417,-8.03463046454765],[-45.886335875293156,-8.026020539643334],[-45.888994447818476,-8.017410594498779],[-45.89165290839619,-8.008800628269531],[-45.89431125720876,-8.000190641920073],[-45.89696949534202,-7.991580634603983],[-45.89962762116171,-7.982970606385242],[-45.90228563575563,-7.9743605573218534],[-45.90494353930613,-7.965750488378283],[-45.907601331989596,-7.957140397805623],[-45.91025901308316,-7.948530287474769],[-45.9129165836724,-7.939920156539254],[-45.9155740439356,-7.931310004154637],[-45.91823139405705,-7.9226998321897595],[-45.920888632400725,-7.914089639804195],[-45.923545761866315,-7.905479426147444],[-45.92620277991668,-7.896869193094371],[-45.92885968944934,-7.88825893889007],[-45.93151648792522,-7.879648664504941],[-45.93417317643163,-7.871038369996957],[-45.936829756053726,-7.862428054519596],[-45.9394862260666,-7.853817719039289],[-45.94214258574342,-7.84520736361801],[-45.94479883707623,-7.836596987407208],[-45.94745497934013,-7.827986591373272],[-45.95011101180622,-7.819376174673763],[-45.95276693647044,-7.810765738268953],[-45.955422751696915,-7.802155281318449],[-45.95807845766773,-7.793544804786586],[-45.96073405546566,-7.784934306922373],[-45.963389545274744,-7.77632378959461],[-45.96604492636808,-7.767713252865263],[-45.9687001998283,-7.759102694983319],[-45.97135536493263,-7.7504921178196],[-45.97401042276562,-7.741881520527518],[-45.9766653716916,-7.733270902266673],[-45.979320213708036,-7.7246602649016936],[-45.98197494808595,-7.7160496075901195],[-45.98462957500512,-7.707438930391816],[-45.987284094645375,-7.698828233366688],[-45.98993850718437,-7.690217515670186],[-45.99259281280603,-7.68160677917103],[-45.99524701077929,-7.672996022122348],[-45.99790110309916,-7.664385245484224],[-46.00055508813002,-7.655774448416314],[-46.00320896696236,-7.64716363278523],[-46.00586273886505,-7.6385527968440705],[-46.00851640492425,-7.629941940650596],[-46.011169964415195,-7.621331065171196],[-46.013823418423954,-7.612720170463584],[-46.01647676622151,-7.604109255685297],[-46.01913000889385,-7.595498320894066],[-46.02178314480978,-7.586887367058408],[-46.024436175959536,-7.578276393329457],[-46.02708910161833,-7.569665400673609],[-46.02974192196138,-7.56105438734184],[-46.0323946371724,-7.552443355202809],[-46.03504724742872,-7.543832303411902],[-46.03769975200557,-7.535221232935523],[-46.040352152890705,-7.526610142020343]]]},"properties":{"id_fluxo":193,"agrupamento":"Balsas","origem_aproximada":"Tasso Fragoso","destino_aproximado":"Balsas","comprimento_m":109563.0}},{"type":"Feature","geometry":{"type":"MultiLineString","coordinates":[[[-43.94053151231656,-4.256292960783525],[-43.938446754359575,-4.265018557465145],[-43.936361949703596,-4.27374414745253],[-43.934277098208376,-4.282469728898053],[-43.93219219972993,-4.291195302667672],[-43.9301072532232,-4.299920869626038],[-43.92802225944893,-4.308646427926767],[-43.92593721826182,-4.317371979340346],[-43.92385212862056,-4.326097522017856],[-43.9217669921819,-4.334823057732319],[-43.91968180790326,-4.343548585539317],[-43.91759657564182,-4.3522741054003],[-43.91551129525473,-4.36099961727666],[-43.91342596659916,-4.369725121129807],[-43.91134058953095,-4.378450617825682],[-43.90925516480967,-4.387176106422461],[-43.907169691391324,-4.3959015868802815],[-43.90508416913171,-4.4046270600650415],[-43.90299859879042,-4.413352525034987],[-43.900912979323394,-4.422077981750165],[-43.89882731148757,-4.430803431077865],[-43.89674159424019,-4.439528872073637],[-43.894655828338166,-4.448254305604739],[-43.89257001363994,-4.456979730728081]]]},"properties":{"id_fluxo":194,"agrupamento":"Codó","origem_aproximada":"Timbiras","destino_aproximado":"Codó","comprimento_m":22816.7}},{"type":"Feature","geometry":{"type":"MultiLineString","coordinates":[[[-42.83784963971904,-5.1075783668970764],[-42.83713387359886,-5.116504944174685],[-42.83641808713537,-5.125431519150521],[-42.83570228118435,-5.134358090011908],[-42.834986454789245,-5.143284657652097],[-42.8342706087967,-5.152211222970431],[-42.83355474316093,-5.161137784151219],[-42.83283885692529,-5.170064342087689],[-42.83212295093955,-5.178990896775217],[-42.83140702515178,-5.18791744820611],[-42.830691079513166,-5.196843995468653],[-42.829975113063874,-5.205770540360086],[-42.82925912665678,-5.214697081971774],[-42.82854311934132,-5.22362361938892],[-42.82782709286283,-5.2325501544180675],[-42.82711104536897,-5.24147668614126],[-42.826394977712695,-5.250403213649948],[-42.82567888983893,-5.259329737840455],[-42.824962780790806,-5.268256259605899],[-42.82424665232624,-5.2771827771369155],[-42.8235305025865,-5.2861092913234815],[-42.822814333320146,-5.295035803068263],[-42.822098142677866,-5.303962310549207],[-42.821381931506366,-5.312888814665808],[-42.82066569975367,-5.321815315410373],[-42.81994944826972,-5.330741812778417],[-42.819233175198754,-5.339668306755843],[-42.818516881390686,-5.348594797338192]]]},"properties":{"id_fluxo":195,"agrupamento":"Nazária (PI)","origem_aproximada":"Timon","destino_aproximado":"Timon","comprimento_m":26747.0}},{"type":"Feature","geometry":{"type":"MultiLineString","coordinates":[[[-44.61645660232496,-4.568241807003281],[-44.60762738538313,-4.566889321477351],[-44.59879820160713,-4.565536728225312],[-44.589969051195546,-4.564184025534753],[-44.581139933444,-4.562831214406735],[-44.5723108485506,-4.561478294033489],[-44.563481797613925,-4.560125265417141],[-44.55465277902857,-4.558772128653528],[-44.54582379389417,-4.55741888293548],[-44.536994841506846,-4.556065528359345],[-44.52816592206418,-4.554712065022075],[-44.51933703576317,-4.55335849392525],[-44.510508181900526,-4.5520048142605525],[-44.50167936157528,-4.550651026125557],[-44.49285057408352,-4.5492971296165905],[-44.48402181962285,-4.547943124830648],[-44.47519309839082,-4.546589011864647],[-44.466364409683514,-4.545234790814956],[-44.457535754600634,-4.5438804608745516],[-44.44870713153616,-4.5425260230436955],[-44.439878541589096,-4.541171477420078],[-44.43104998495767,-4.5398168231960225],[-44.422221461839456,-4.538462060468594],[-44.413392970628394,-4.537107190237948],[-44.40456451242419,-4.535752211697177],[-44.39573608742363,-4.53439712584794],[-44.38690769582575,-4.533041930978025],[-44.37807933602374,-4.531686628992153],[-44.3692510100187,-4.530331219084286],[-44.36042271620614,-4.528975700445264],[-44.3515944556834,-4.527620074982165],[-44.34276622774818,-4.526264340981985],[-44.33393803349862,-4.52490849944723],[-44.32510987132941,-4.52355255047329],[-44.316281742340294,-4.522196493253456],[-44.30745364582655,-4.5208403287885615],[-44.29862558198654,-4.519484056271041],[-44.2897975510169,-4.518127676702578],[-44.280969553116016,-4.516771189275669],[-44.27214158848136,-4.515414594087399],[-44.2633136555077,-4.514057891233069],[-44.25448575619529,-4.512701080811575],[-44.2456578898393,-4.5113441638237335],[-44.23683005573772,-4.509987138556502],[-44.22800225408614,-4.5086300069161895],[-44.21917448598531,-4.5072727671916715],[-44.21034674983002,-4.5059154194781526],[-44.20151904761851,-4.504557965683907],[-44.19269137684613,-4.503200404093926],[-44.183863739512084,-4.501842735711932],[-44.1750361349135,-4.500484959729481],[-44.1662085623465,-4.499127076242695],[-44.15738102290887,-4.497769086254351],[-44.14855351679911,-4.496410988957057],[-44.139726042412015,-4.495052784445839],[-44.1308986017477,-4.493694472820032],[-44.1220711931999,-4.492336055079246],[-44.11324381696823,-4.4909775295114835],[-44.104416473249046,-4.48961889711853],[-44.09558916314114,-4.4882601579986945],[-44.08676188503931,-4.486901312246943],[-44.077934640043445,-4.4855423590570425],[-44.06910742654725,-4.48418329942849],[-44.060280246550754,-4.482824133460796],[-44.05145309935126,-4.481464860345482],[-44.04262598424491,-4.48010548017861],[-44.03379890232926,-4.478745993963154],[-44.024971852901636,-4.477386400890615],[-44.01614483525819,-4.4760267010570285],[-44.00731785049764,-4.474666894560862],[-43.99849089881742,-4.473306981499371],[-43.989663979512436,-4.4719469628731305],[-43.98083709278258,-4.470586836970335],[-43.97201023882402,-4.469226604792817],[-43.96318341693421,-4.467866265532032],[-43.95435662730803,-4.466505821094352],[-43.94552987104666,-4.465145269769262],[-43.93670314654507,-4.463784611651498],[-43.927876454899284,-4.462423848648705],[-43.91904979631063,-4.4610629781446445],[-43.91022316917144,-4.4597020020430085],[-43.901396575482885,-4.458340919539283],[-43.89257001363994,-4.456979730728081]]]},"properties":{"id_fluxo":196,"agrupamento":"Codó","origem_aproximada":"Trizidela do Vale","destino_aproximado":"Codó","comprimento_m":81246.1}},{"type":"Feature","geometry":{"type":"MultiLineString","coordinates":[[[-45.63501009706329,-3.673477070269301],[-45.626307950984774,-3.6731093654458213],[-45.61760581197926,-3.6727415761179496],[-45.60890367934753,-3.672373701407418],[-45.60020155509233,-3.672005741338765],[-45.59149943761465,-3.6716376959390233],[-45.58279732621643,-3.6712695661391646],[-45.57409522289987,-3.670901351059175],[-45.56539312696692,-3.6705330516300583],[-45.55669103771782,-3.6701646660689207],[-45.54798895535555,-3.6697961962108265],[-45.53928688098186,-3.669427641176378],[-45.53058481299764,-3.6690590009924784],[-45.52188275250574,-3.6686902765890417],[-45.51318069880646,-3.6683214661831047],[-45.50447865210268,-3.6679525716098],[-45.495776612595705,-3.667583591990256],[-45.487074580487366,-3.6672145273503367],[-45.47837255597949,-3.6668453777158407],[-45.469670537472965,-3.6664761431135973],[-45.460968526970554,-3.6661068235684615],[-45.4522665237736,-3.6657374191067564],[-45.443564527183455,-3.6653679297547774],[-45.43486253740192,-3.6649983555383585],[-45.42616055553129,-3.6646286964829233],[-45.41745858087249,-3.6642589517100728],[-45.408756612727686,-3.6638891230554322],[-45.40005465219874,-3.6635192096397917],[-45.39135269858698,-3.6631492114893933],[-45.38265075209381,-3.662779127725459]]]},"properties":{"id_fluxo":197,"agrupamento":"Santa Inês","origem_aproximada":"Tufilândia","destino_aproximado":"Santa Inês","comprimento_m":28050.2}},{"type":"Feature","geometry":{"type":"MultiLineString","coordinates":[[[-44.647138610223514,-5.260224975934693],[-44.64302274219246,-5.268184397294968],[-44.638906768916854,-5.276143790446051],[-44.63479069108102,-5.284103153452265],[-44.63067450756284,-5.292062487090823],[-44.626558219948066,-5.300021791235835],[-44.62244182621199,-5.307981066663936],[-44.61832532703844,-5.315940312344098],[-44.61420872220818,-5.323899528149361],[-44.610092011501436,-5.331858714857428],[-44.605975194699504,-5.33981787143672],[-44.60185827158254,-5.347776998664906],[-44.59774124193125,-5.355736096415027],[-44.59362410642951,-5.36369516365607],[-44.589506863954234,-5.371654202069751],[-44.585389514286675,-5.379613210624463],[-44.58127205811071,-5.3875721882892185],[-44.577154494303144,-5.395531136745675],[-44.57303682354784,-5.403490054962837],[-44.56891904472214,-5.411448943717733],[-44.564801159412575,-5.419407801980008],[-44.56068316559378,-5.427366630526019],[-44.55656506304695,-5.43532542832413],[-44.552446853357345,-5.443284196153285],[-44.54832853540282,-5.451242933885824],[-44.54421010806117,-5.459201641394054],[-44.54009157291834,-5.467160318552303],[-44.535972928852104,-5.475118965232911],[-44.531854175642934,-5.483077581308817],[-44.527735313973324,-5.491036167558358],[-44.52361634181965,-5.4989947220438085],[-44.51949726166847,-5.506953247354155],[-44.51537807059332,-5.514911741550976],[-44.51125877108297,-5.522870204509394],[-44.50713936020792,-5.5308286379093845],[-44.503019840458464,-5.538787039816914],[-44.49890020980856,-5.546745411008056],[-44.494780468941386,-5.554703751356477],[-44.49066061763726,-5.562662060735138],[-44.48654065567571,-5.570620339921579],[-44.48242058193493,-5.578578587883356],[-44.47830039800096,-5.586536804494937],[-44.474180102751184,-5.594494989628476],[-44.47005969596423,-5.602453144966118],[-44.465939178325684,-5.610411267667751],[-44.46181854780745,-5.618369360318479],[-44.457697805997235,-5.6263274209836425],[-44.453576952673565,-5.6342854513453435],[-44.44945598671535,-5.642243449466465],[-44.44533490790099,-5.650201417029081],[-44.441213716915364,-5.658159352097737],[-44.43709241353683,-5.666117256354527],[-44.432970997545524,-5.674075129672355],[-44.42884946782026,-5.682032970113987],[-44.4247278259445,-5.689990780267901],[-44.42060606989402,-5.697948558195953],[-44.4164842003519,-5.705906303771936],[-44.41236221709635,-5.713864018677882],[-44.40824012081136,-5.721821701883006],[-44.40411791037479,-5.729779352354616],[-44.39999558466161,-5.737736971773825],[-44.39587314616301,-5.745694558207118],[-44.39175059194673,-5.753652114238255],[-44.38762792360181,-5.761609637028219],[-44.38350514090626,-5.76956712825903],[-44.3793822427378,-5.7775245868979725],[-44.37525922977847,-5.785482013723425],[-44.371136101808155,-5.793439408608213],[-44.367012857703486,-5.801396771424166],[-44.3628894981475,-5.809354102045083],[-44.35876602382426,-5.817311399440224],[-44.35464243270507,-5.825268665289508],[-44.350518725473954,-5.833225898562197],[-44.34639490191067,-5.841183099131048],[-44.342270961795,-5.8491402668689085],[-44.33814690580888,-5.857097402554154],[-44.33402273282874,-5.865054506058543],[-44.329898442635354,-5.873011576350261],[-44.32577403591063,-5.880968614207755],[-44.321649511530914,-5.888925619502695],[-44.31752487018029,-5.896882591204376],[-44.31340011073285,-5.9048395309936135],[-44.30927523387264,-5.912796437839687],[-44.30515023937929,-5.920753311615367],[-44.301025127032396,-5.92871015219342],[-44.29689989570812,-5.93666695944544],[-44.29277454608827,-5.944623734149886],[-44.288649078855784,-5.952580476180642],[-44.2845234919845,-5.960537184503563],[-44.28039778705963,-5.968493859898291],[-44.27627196205372,-5.976450502235184],[-44.272146018554366,-5.984407110484782],[-44.26801995633868,-5.9923636863289245],[-44.26389377338023,-6.000320228733372],[-44.259767471266706,-6.008276736668675],[-44.25564104977385,-6.016233212721233],[-44.251514507781174,-6.02418965404884],[-44.24738784596912,-6.032146062334553]]]},"properties":{"id_fluxo":198,"agrupamento":"Colinas","origem_aproximada":"Tuntum","destino_aproximado":"Colinas","comprimento_m":96132.8}},{"type":"Feature","geometry":{"type":"MultiLineString","coordinates":[[[-45.37045163804182,-1.6655963664952345],[-45.36766291570019,-1.6741255208973922],[-45.364874169276916,-1.682654671402834],[-45.36208539769477,-1.6911838161374497],[-45.35929660257435,-1.6997129568455207],[-45.35650778283854,-1.708242092557639],[-45.35371893830952,-1.7167712232089631],[-45.35093006970862,-1.7253003496392059],[-45.34814117595858,-1.7338294699742658],[-45.34535225688204,-1.7423585868634297],[-45.34256331319967,-1.7508876975275558],[-45.33977434383485,-1.7594168037113902],[-45.33698534950876,-1.7679459053499043],[-45.334196329144284,-1.776475001473727],[-45.33140728436185,-1.7850040929223698],[-45.328618213185216,-1.793533178726622],[-45.32582911543678,-1.8020622606310261],[-45.323039992736526,-1.8105913367610118],[-45.32025084400745,-1.81912040705187],[-45.31746166817281,-1.8276494732483395],[-45.31467246685262,-1.836178533475828],[-45.31188323897015,-1.84470758947904],[-45.30909398434712,-1.8532366393837023],[-45.30630470280579,-1.8617656840296823],[-45.303515395067485,-1.870294724256669],[-45.300726060054814,-1.8788237581905305],[-45.29793669759015,-1.8873527875758178],[-45.29514730839451,-1.89588181144284],[-45.29235789228995,-1.9044108297266857],[-45.28956844819934,-1.9129398423626942],[-45.28677897684403,-1.9214688501905215],[-45.283989477146726,-1.9299978522407442],[-45.28119994982877,-1.9385268493530696],[-45.2784103956112,-1.9470558405577718],[-45.27562081251769,-1.955584825790264],[-45.27283120126955,-1.964113805890252],[-45.27004156168879,-1.9726427807928637],[-45.267251893597276,-1.9811717495285017],[-45.264462197716334,-1.989700712936872],[-45.26167247206955,-1.998229670953374],[-45.25888271827732,-2.0067586235128605],[-45.25609293526225,-2.0152875696458716],[-45.253303123745695,-2.0238165101921317],[-45.25051328265041,-2.032345445086853],[-45.24772341269755,-2.0408743742650644],[-45.24493351281002,-2.0494032985667032],[-45.24214358370871,-2.057932216117345],[-45.239353625215706,-2.0664611277567997],[-45.23656363625372,-2.074990033420338],[-45.23377361844331,-2.0835189339475146],[-45.23098356980778,-2.0920478283689836],[-45.2281934910683,-2.100576716619743],[-45.22540338204681,-2.109105598634887],[-45.22261324256533,-2.11763447525427],[-45.21982307334495,-2.1261633455081306],[-45.217032872409135,-2.1346922102365427],[-45.21424264137821,-2.1432210684696833],[-45.21145237917494,-2.1517499210474624],[-45.20866208652038,-2.160278767000149],[-45.205871762337225,-2.168807607167719],[-45.20308140644737,-2.1773364414852394],[-45.20029102047117,-2.1858652689828766],[-45.19750060153269,-2.194394090500788],[-45.19471015215174,-2.2029229059737325],[-45.191919670351545,-2.2114517153370454],[-45.18912915685328,-2.219980518525708],[-45.186338611478675,-2.2285093145700907],[-45.183548033150466,-2.237038105214858],[-45.18075742348906,-2.245566889490116],[-45.177966781416934,-2.2540956673311245],[-45.175176106755835,-2.262624437768229],[-45.17238539932788,-2.271153203450676],[-45.169594658954566,-2.279681961599417],[-45.1668038863573,-2.288210713958861],[-45.16401308045829,-2.296739458654762],[-45.16122224197903,-2.305268198336256],[-45.15843136984163,-2.3137969302243975],[-45.15564046386805,-2.322325656063677],[-45.152849524779484,-2.3308543757891127],[-45.150058552397624,-2.339383088431042],[-45.147267545644894,-2.3479117948293733],[-45.14447650614182,-2.3564404940142682],[-45.14168543191142,-2.3649691868257436],[-45.13889432367485,-2.373497873198749],[-45.13610318125377,-2.3820265521636674],[-45.13331200447009,-2.3905552254649995],[-45.1305207931454,-2.3990838912283974],[-45.127729547101474,-2.40761255029363],[-45.12493826705952,-2.416141202595722],[-45.12214695104231,-2.4246698480698776],[-45.1193556006705,-2.4331984866510195],[-45.11656421576581,-2.4417271182742026],[-45.11377279525045,-2.450255742874613],[-45.11098133894616,-2.458784361291992],[-45.108189847574,-2.4673129716519413],[-45.10539832095579,-2.4758415756989183],[-45.102606758013636,-2.4843701724633656],[-45.09981516036827,-2.4928987627849013],[-45.097023526042285,-2.5014273456940503],[-45.09423185485732,-2.5099559211258344],[-45.09144014843413,-2.5184844899199303],[-45.08864840569479,-2.527013051106719]]]},"properties":{"id_fluxo":199,"agrupamento":"Pinheiro","origem_aproximada":"Turiaçu","destino_aproximado":"Pinheiro","comprimento_m":100238.8}},{"type":"Feature","geometry":{"type":"MultiLineString","coordinates":[[[-45.306697363667936,-2.220360258223836],[-45.30150681542724,-2.227661924061631],[-45.29631621664332,-2.2349635714526666],[-45.29112556620744,-2.242265198404268],[-45.285934864810486,-2.2495668074469988],[-45.28074411134375,-2.256868396588207],[-45.275553305598365,-2.264169966549205],[-45.2703624482645,-2.271471516241671],[-45.26517153913346,-2.2787730472916574],[-45.259980577996075,-2.286074558610998],[-45.2547895637439,-2.293376050016474],[-45.24959849706746,-2.3006775222292095],[-45.24440737685829,-2.307978975065908],[-45.239216204705976,-2.315280407438179],[-45.23402497950224,-2.3225818200674118],[-45.22883370013861,-2.3298832127703624],[-45.223642368204835,-2.3371845853633024],[-45.21845098169302,-2.344485937663076],[-45.213259542193065,-2.3517872703906875],[-45.20806804769691,-2.3590885824582535],[-45.20287649979446,-2.3663898745867686],[-45.19768489827664,-2.3736911465928165],[-45.19249324113548,-2.380992398293212],[-45.18730152996064,-2.388293628599526],[-45.18210976364381,-2.395594839137871],[-45.17691794197577,-2.4028960288200674],[-45.17172606564698,-2.4101971983672694],[-45.16653413444821,-2.4174983466913185],[-45.16134214727101,-2.42479947451356],[-45.156150103906214,-2.4321005816505297],[-45.15095800504419,-2.4394016679186916],[-45.14576585047579,-2.446702733134549],[-45.14057363999197,-2.454003778019348],[-45.13538137248393,-2.461304800580326],[-45.130189049541684,-2.4686058024432147],[-45.12499666915708,-2.4759067834247355],[-45.11980423202045,-2.4832077433413042],[-45.11461173792265,-2.4905086820094597],[-45.10941918575488,-2.4978095983410844],[-45.10422657710719,-2.5051104939619595],[-45.09903391087079,-2.5124113677839497],[-45.09384118773609,-2.519712220528226],[-45.08864840569479,-2.527013051106719]]]},"properties":{"id_fluxo":200,"agrupamento":"Pinheiro","origem_aproximada":"Turilândia","destino_aproximado":"Pinheiro","comprimento_m":41672.5}},{"type":"Feature","geometry":{"type":"MultiLineString","coordinates":[[[-43.40055607095183,-3.2091209306258364],[-43.40911347960792,-3.206390999927219],[-43.41767084246032,-3.203660997006587],[-43.42622816027431,-3.2009309220498374],[-43.43478543201439,-3.1982007761444797],[-43.44334265934833,-3.1954705576690565],[-43.451899841240625,-3.1927402677110566],[-43.46045697845795,-3.190009905551982],[-43.46901406996482,-3.1872794722793594],[-43.47757111652794,-3.184548967174692],[-43.48612811711316,-3.181818390421141],[-43.49468507338427,-3.17908774311026],[-43.50324198520953,-3.1763570236177667],[-43.51179885155352,-3.173626233031251],[-43.52035567318292,-3.1708953706320977],[-43.528912449062325,-3.168164437507948],[-43.537469180858174,-3.1654334329414655],[-43.546025867535114,-3.1627023580202662],[-43.55458250985983,-3.159971212025716],[-43.56313910769923,-3.1572399942378824],[-43.57169566001675,-3.1545087066488473],[-43.58025216848007,-3.1517773476367794],[-43.58880863115537,-3.149045917383662],[-43.597365050606385,-3.1463144169821122],[-43.6059214249005,-3.143582845709761],[-43.61447775480322,-3.1408512037522813],[-43.62303403927928,-3.1381194921974433],[-43.63159028089608,-3.1353877094244],[-43.64014647681886,-3.1326558565185496],[-43.64870262871409,-3.1299239327622663],[-43.6572587364463,-3.1271919392444936],[-43.66581480078218,-3.124459875246428],[-43.67437081978795,-3.1217277409502144],[-43.68292679422801,-3.1189955374459783],[-43.69148272576992,-3.1162632631115366],[-43.70003861247877,-3.1135309190335696],[-43.70859445512014,-3.110798505397688],[-43.717150253560916,-3.1080660214839004],[-43.725706007666865,-3.105333467476672],[-43.734261719102236,-3.102600844467164],[-43.74281738503464,-3.0998681517320894],[-43.75137300803022,-3.0971353885546957],[-43.75992858705293,-3.094402556927347],[-43.7684841219707,-3.0916696552255316],[-43.77703961354807,-3.0889366845392967],[-43.78559506075215,-3.0862036441475453],[-43.79415046434854,-3.083470534235806],[-43.80270582510185,-3.080737355894069],[-43.81126114108043,-3.078004107495743],[-43.81981641394764,-3.0752707910363624],[-43.82837164357137,-3.072537404891367],[-43.836926829817465,-3.069803949245213],[-43.845481971651054,-3.0670704251858916],[-43.85403707073758,-3.0643368328998517],[-43.86259212604509,-3.061603170761525],[-43.871147138337314,-3.058869440765403],[-43.87970210748113,-3.0561356421914216],[-43.888257032443605,-3.053401774318579],[-43.89681191488928,-3.0506678382377297],[-43.90536675378518,-3.0479338332278676],[-43.91392154989612,-3.045199760378949],[-43.92247630218917,-3.0424656189699544],[-43.93103101143002,-3.0397314091862593],[-43.93958567838442,-3.036997131213232],[-43.9481403020185,-3.0342627852344175],[-43.95669488219825,-3.0315283714343098],[-43.965249419690274,-3.0287938890936905],[-43.97380391435966,-3.0260593393015545],[-43.98235836607409,-3.0233247204332443],[-43.99091277469783,-3.0205900344823595],[-43.99946714099752,-3.0178552807296404],[-44.008021463939336,-3.0151204593586765],[-44.01657574518884,-3.0123855705556317],[-44.02512998281331,-3.0096506135987013],[-44.03368417847747,-3.0069155895785897],[-44.042238330248594,-3.0041804977735334],[-44.05079244069202,-3.001445338370409],[-44.05934650787421,-2.9987101115520742],[-44.06790053346076,-2.995974817504562],[-44.07645451551812,-2.993239456410768],[-44.085008455711936,-2.9905040284566895],[-44.093562353908965,-2.987768532922199],[-44.10211620907549,-2.9850329699909857],[-44.1106700219766,-2.982297340752852],[-44.11922379337887,-2.9795616444884008],[-44.127777521349536,-2.9768258804760066],[-44.13633120845257,-2.9740900507115136],[-44.14488485185611,-2.9713541535680443],[-44.1534384541249,-2.9686181901367434],[-44.16199201422594,-2.9658821596967853],[-44.170545532024626,-2.9631460633372235],[-44.17909900828752,-2.960409900338582],[-44.187652442880726,-2.957673670885326],[-44.196205834771234,-2.9549373742566],[-44.20475918472364,-2.952201012446793],[-44.21331249350512,-2.9494645838317557],[-44.22186576008202,-2.9467280885952927],[-44.23041898431985,-2.9439915278264936],[-44.2389721678849,-2.941254900806443],[-44.24752530884378,-2.9385182077183525]]]},"properties":{"id_fluxo":201,"agrupamento":"Titara","origem_aproximada":"Urbano Santos","destino_aproximado":"Rosário","comprimento_m":98772.2}},{"type":"Feature","geometry":{"type":"MultiLineString","coordinates":[[[-43.91745092881286,-3.545370496243092],[-43.92174020741152,-3.5374900594735235],[-43.926029414605374,-3.5296096018330467],[-43.93031854881347,-3.5217291234556156],[-43.934607610256315,-3.5138486235727706],[-43.93889660095377,-3.505968102322632],[-43.94318551932487,-3.498087559839213],[-43.94747436558906,-3.4902069962585465],[-43.951763140864934,-3.4823264126222764],[-43.95605184447374,-3.474445807256343],[-43.96034047753405,-3.4665651812023555],[-43.964629039365086,-3.458684534595329],[-43.96891753018723,-3.4508038666668],[-43.973205950218855,-3.442923178457344],[-43.97749429967934,-3.4350424701029905],[-43.981782579690105,-3.427161739931669],[-43.98607078866829,-3.4192809898865937],[-43.99035892773433,-3.4114002192001758],[-43.994646997107516,-3.4035194280084626],[-43.99893499700718,-3.3956386164474965],[-44.003222926752535,-3.387757784652338],[-44.00751078746386,-3.3798769318554216],[-44.01179857935952,-3.37199605909729],[-44.016086301758705,-3.364115166513078],[-44.02037395578167,-3.3562342533351415],[-44.02466154074669,-3.3483533206031506],[-44.02894905687479,-3.340472366643978],[-44.03323650528348,-3.3325913934036953],[-44.03752388529282,-3.3247104001128354],[-44.041811197122016,-3.3168293869074086],[-44.046098440990264,-3.308948353923423],[-44.05038561711762,-3.301067300392311],[-44.05467272572242,-3.2931862273546293],[-44.058959766123785,-3.2853051349455606],[-44.06324674034181,-3.2774240223982147],[-44.067533646795574,-3.2695428898468863],[-44.071820487503416,-3.2616617383338107],[-44.07610725998529,-3.253780567087928],[-44.08039396716031,-3.245899376247687],[-44.084680606547614,-3.238018165946634],[-44.08896718106628,-3.2301369363231776],[-44.09325368823544,-3.222255687510878],[-44.097540130074954,-3.214374418742749],[-44.10182650590311,-3.2064931310585516],[-44.10611281683973,-3.1986118236904635],[-44.110399061303184,-3.190730497677474],[-44.11468524131319,-3.182849152252518],[-44.11897135618884,-3.1749677875507962],[-44.12325740524844,-3.1670864046121223],[-44.127543389612526,-3.1592050017640143],[-44.13182931039921,-3.151323580047782],[-44.13611516602768,-3.1434421395979064],[-44.14040095671694,-3.1355606805503418],[-44.14468668448651,-3.1276792021379167],[-44.14897234685492,-3.119797705398986],[-44.15325794674084,-3.111916190471709],[-44.15754348166499,-3.1040346556806284],[-44.16182895454454,-3.096153102973085],[-44.16611436289948,-3.0882715315782665],[-44.170399708748505,-3.08038994163355],[-44.1746849905108,-3.072508333273469],[-44.178970210204994,-3.0646267066353534],[-44.18325536805067,-3.0567450609505356],[-44.18754046246632,-3.0488633972581667],[-44.191825493670855,-3.0409817156942327],[-44.19611046368349,-3.0331000154913794],[-44.20039537182326,-3.025218296784853],[-44.20468021740851,-3.017336560614568],[-44.20896500155859,-3.00945480621247],[-44.21324972449298,-3.001573032809862],[-44.2175343855294,-2.9936912423512863],[-44.22181898578712,-2.9858094340686447],[-44.22610352458578,-2.9779276071926444],[-44.23038800304336,-2.9700457627644266],[-44.23467241957907,-2.962163900918664],[-44.23895677621189,-2.954282020887893],[-44.2432410731606,-2.9464001228080257],[-44.24752530884378,-2.9385182077183525]]]},"properties":{"id_fluxo":202,"agrupamento":"Titara","origem_aproximada":"Vargem Grande","destino_aproximado":"Rosário","comprimento_m":76456.8}},{"type":"Feature","geometry":{"type":"MultiLineString","coordinates":[[[-45.00223358518583,-3.2110459260305064],[-45.00335654000581,-3.202162480099155],[-45.00447947465319,-3.193279032314527],[-45.00560239010852,-3.184395580881752],[-45.00672528645231,-3.175512126720129],[-45.007848163765075,-3.1666286707489117],[-45.00897102212728,-3.1577452111732436],[-45.010093861619424,-3.1488617489124273],[-45.01121668142196,-3.139978283981021],[-45.012339482515415,-3.1310948163935652],[-45.01346226498025,-3.1222113461646592],[-45.01458502799694,-3.113327873308848],[-45.015707772545966,-3.104444397840718],[-45.01683049870776,-3.0955609188700968],[-45.01795320566285,-3.086677438221006],[-45.01907589349166,-3.0777939540985884],[-45.02019856317465,-3.06891046742208],[-45.02132121479226,-3.0600269782060803],[-45.02244384752497,-3.0511434864651363],[-45.02356646235319,-3.0422599922138285],[-45.02468905755747,-3.033376495466729],[-45.02581163591803,-3.0244929953336714],[-45.02693419481559,-3.0156094936386575],[-45.02805673613036,-3.0067259885868176],[-45.02917925904287,-2.997842481097459],[-45.03030176363357,-2.9889589711851143],[-45.03142425088272,-2.9800754579596513],[-45.03254671997089,-2.9711919423403295],[-45.0336691709785,-2.962308425246437],[-45.0347916039859,-2.9534249039784375],[-45.03591401907357,-2.944541381264979],[-45.037036416321904,-2.9356578562159363],[-45.038158795811256,-2.926774327941185],[-45.03928115762204,-2.9178907973599597],[-45.04040350183464,-2.9090072635821373],[-45.0415258285295,-2.900123728431691],[-45.04264813778694,-2.8912401901137725],[-45.04377042968735,-2.8823566495476505],[-45.0448927043111,-2.8734731058431815],[-45.04601496173858,-2.8645895599196534],[-45.04713720115038,-2.855706011791628],[-45.04825942352664,-2.8468224614736526],[-45.04938162894771,-2.8379389080755817],[-45.05050381749396,-2.829055352516683],[-45.05162598834597,-2.8201717939068343],[-45.0527481424839,-2.811288234070007],[-45.05387027998803,-2.802404671211333],[-45.05499240003898,-2.7935211053454125],[-45.056114502717115,-2.7846375373915184],[-45.05723658990225,-2.7757539673641265],[-45.05835865897549,-2.7668703943732025],[-45.05948071271637,-2.7579868193379182],[-45.06060274850609,-2.749103242272953],[-45.06172476822435,-2.7402196622880526],[-45.0628467719515,-2.731336080302518],[-45.06396875886812,-2.7224524954262166],[-45.065090729054575,-2.713568908578452],[-45.066212682591186,-2.704685319773752],[-45.067334620457885,-2.695801728121952],[-45.06845654183532,-2.686918133637629],[-45.06957844680381,-2.6780345372400696],[-45.070700336343336,-2.6691509389437993],[-45.07182220873485,-2.6602673378587394],[-45.07294406585795,-2.6513837349040714],[-45.074065906893274,-2.6425001291897],[-45.07518773192114,-2.6336165216349094],[-45.07630954012217,-2.6247329113495725],[-45.077431333375856,-2.6158492983481554],[-45.078553110863,-2.6069656844546927],[-45.07967487266369,-2.598082066969597],[-45.0807966188583,-2.5891984477168815],[-45.08191834862753,-2.5803148267111453],[-45.083040063850746,-2.5714312030621227],[-45.08416176280905,-2.56254757678449],[-45.085283446482336,-2.5536639487974386],[-45.08640511495079,-2.5447803182108513],[-45.08752676829474,-2.535896685943981],[-45.08864840569479,-2.527013051106719]]]},"properties":{"id_fluxo":203,"agrupamento":"Pinheiro","origem_aproximada":"Viana","destino_aproximado":"Pinheiro","comprimento_m":76215.6}},{"type":"Feature","geometry":{"type":"MultiLineString","coordinates":[[[-48.1380626430627,-5.1819529266815385],[-48.129982746006924,-5.185955618361341],[-48.121902747289404,-5.189958206018633],[-48.113822646959605,-5.193960690314926],[-48.10574244416151,-5.197963071012862],[-48.097662139836736,-5.201965346962873],[-48.08958173313372,-5.205967518830894],[-48.081501224101906,-5.209969587278495],[-48.07342061277751,-5.213971550257181],[-48.0653398992188,-5.217973410235232],[-48.05725908346202,-5.22197516516416],[-48.04917816555229,-5.2259768148022205],[-48.04109714464231,-5.229978360718732],[-48.033016020772756,-5.233979801768588],[-48.024934794894214,-5.237981138609069],[-48.01685346524513,-5.241982370103742],[-48.008772033677246,-5.245983496905586],[-48.00069049933454,-5.249984518777205],[-47.9926088613609,-5.253985435481241],[-47.98452711980144,-5.257986246775948],[-47.9764452756068,-5.261986953318714],[-47.96836332881783,-5.2659875539644325],[-47.96028127768149,-5.269988049383437],[-47.95219912404541,-5.273988439325446],[-47.94411686615648,-5.277988724460807],[-47.9360345049526,-5.281988902736674],[-47.927952040487476,-5.285988975718269],[-47.91986947190497,-5.289988943168201],[-47.91178679925023,-5.293988804844806],[-47.903704023469764,-5.297988560502215],[-47.8956211428061,-5.301988209907233],[-47.887538159107145,-5.305987752809764],[-47.87945507061959,-5.309987189880112],[-47.87137187828999,-5.31398652087246],[-47.86328858125801,-5.31798574464586],[-47.85520518047863,-5.321984862761548],[-47.847121675091486,-5.325983874078578],[-47.839038065145985,-5.329982779258876],[-47.8309543506832,-5.333981577157313],[-47.8228705308511,-5.337980268440019],[-47.81478660749784,-5.341978852857067],[-47.80670257886577,-5.345977330175209],[-47.79861844500013,-5.349975700152841],[-47.79053420595033,-5.3539739634519705],[-47.78244986266313,-5.35797211982694],[-47.77436541428233,-5.361970169040302],[-47.7662808599476,-5.365968109951009],[-47.75819620061394,-5.369965944120615],[-47.750111436322584,-5.373963670404002],[-47.742026566221355,-5.3779612894673],[-47.733941591253114,-5.381958800161316],[-47.725856509668084,-5.385956204059894],[-47.717771323306714,-5.389953499106165],[-47.70968603041921,-5.393950686873936],[-47.701600632850145,-5.397947766210075],[-47.69351512794396,-5.401944737788728],[-47.68542951845096,-5.405941601356391],[-47.677343801711544,-5.409938356683617],[-47.66925797957045,-5.413935002617249],[-47.66117205118331,-5.417931541630803],[-47.653086016583615,-5.421927970771805],[-47.644999875828624,-5.425924292509845],[-47.63691362805414,-5.429920504800036],[-47.62882727421124,-5.433916608300673],[-47.620740813447526,-5.437912603677931],[-47.61265424580058,-5.441908488883004],[-47.60456757222933,-5.445904266381622],[-47.59648079096787,-5.449899934132804],[-47.58839390296729,-5.453895492794889],[-47.58030690827308,-5.4578909421264905],[-47.57221980693456,-5.461886282789939],[-47.56413259809152,-5.465881513643974],[-47.55604528178942,-5.469876634447183],[-47.54795785897947,-5.4738716458580665],[-47.539870327907224,-5.47786654854667],[-47.53178268951242,-5.481861340460272],[-47.52369494384817,-5.485856023165011],[-47.515607090956216,-5.489850595515751],[-47.50751912998395,-5.493845058178726],[-47.49943106097687,-5.497839410912555],[-47.49134288488246,-5.501833653472123],[-47.48325459994234,-5.505827785623597],[-47.47516620800601,-5.509821807118112],[-47.46707770731883,-5.513815718625646]]]},"properties":{"id_fluxo":204,"agrupamento":"Imperatriz","origem_aproximada":"Vila Nova dos Martírios","destino_aproximado":"Imperatriz","comprimento_m":82998.8}},{"type":"Feature","geometry":{"type":"MultiLineString","coordinates":[[[-44.87212981235818,-3.4672344613354995],[-44.86526245080217,-3.4614265572569765],[-44.85839517256391,-3.4556186030972995],[-44.851527977531404,-3.4498105982049023],[-44.84466086649284,-3.4440025428331102],[-44.83779383843598,-3.4381944363302366],[-44.83092689324856,-3.4323862798541485],[-44.82406003081849,-3.426578073658],[-44.817193251934064,-3.420769817090405],[-44.810326554682675,-3.414961510404193],[-44.803459940752724,-3.4091531538528455],[-44.79659340913185,-3.4033447476893532],[-44.789726959708126,-3.397536291262152],[-44.782860592369474,-3.391727784824399],[-44.77599430700357,-3.385919229533912],[-44.76912810349852,-3.3801106247391512],[-44.76226198174242,-3.3743019697885472],[-44.75539594162298,-3.3684932658399407],[-44.74852998212808,-3.3626845122415236],[-44.741664104045626,-3.356875710151338],[-44.734798308163924,-3.3510668589180828],[-44.727932592570724,-3.3452579578896957],[-44.72106695715369,-3.3394490082239723],[-44.71420140360109,-3.333640010174558],[-44.70733593000071,-3.3278309630893506],[-44.700470536240466,-3.3220218672214505],[-44.693605224008586,-3.316212722824535],[-44.68673999049248,-3.310403530150844],[-44.6798748382808,-3.3045942885496795],[-44.67300976546085,-3.29878499917826],[-44.666144771920834,-3.29297566138496],[-44.6592798584491,-3.287166274518526],[-44.6524150240328,-3.2813568406410853],[-44.64555026946057,-3.275547358196712],[-44.638685592819776,-3.2697378283425227],[-44.63182099669896,-3.2639282504278935],[-44.62495647828572,-3.2581186247049487],[-44.61809203926814,-3.2523089514274006],[-44.61122767863404,-3.246499230848015],[-44.60436339627166,-3.240689462315204],[-44.597499192068554,-3.234879646986688],[-44.59063506681304,-3.2290697842112612],[-44.58377101859327,-3.2232598733365614],[-44.576907049096526,-3.217449916425777],[-44.57004315641133,-3.211639911921848],[-44.563179342225325,-3.2058298609832896],[-44.55631560462708,-3.200019762053066],[-44.5494519453038,-3.1942096171943346],[-44.542588362343714,-3.188399425754711],[-44.53572485653514,-3.1825891870829754],[-44.5288614277656,-3.1767789023368582],[-44.52199807592338,-3.170968570864728],[-44.5151348008964,-3.1651581929196766],[-44.50827160167254,-3.159347768754296],[-44.50140847903972,-3.153537298622071],[-44.49454543288582,-3.1477267827760547],[-44.487682462199636,-3.141916219659502],[-44.48081956776774,-3.136105612239926],[-44.473956749479356,-3.1302949580563433],[-44.467094006322405,-3.1244842573613605],[-44.46023133818392,-3.1186735122173146],[-44.45336874585264,-3.1128627210683906],[-44.44650622921649,-3.1070518841676336],[-44.43964378636347,-3.1012410017671077],[-44.432781419880826,-3.0954300750259476],[-44.4259191269576,-3.0896191023864206],[-44.41905690928158,-3.0838080841025035],[-44.41219476584025,-3.0779970213314067],[-44.405332697421905,-3.0721859134219938],[-44.398470703014524,-3.066374760626755],[-44.39160878160664,-3.0605635622935905],[-44.384746934884916,-3.054752320485806],[-44.37788516273879,-3.0489410327424733],[-44.37102346325536,-3.043129701124884],[-44.36416183722292,-3.037318324981896],[-44.35730028452938,-3.031506904566537],[-44.3504388059625,-3.025695440132338],[-44.34357739961097,-3.019883931026599],[-44.33671606626257,-3.014072377502846],[-44.32985480580521,-3.008260779814083],[-44.322993618126226,-3.002449139117972],[-44.31613250311461,-2.9966374538582152],[-44.3092714606577,-2.990825725192469],[-44.30241048974413,-2.985013952468487],[-44.29554959116164,-2.979202135939867],[-44.28868876479813,-2.9733902758595887],[-44.28182801054088,-2.9675783733853],[-44.27496732737974,-2.961766426055484],[-44.26810671520147,-2.9559544359323744],[-44.261246175693515,-2.950142403270198],[-44.254385706944774,-2.9443303274160693],[-44.24752530884378,-2.9385182077183525]]]},"properties":{"id_fluxo":205,"agrupamento":"Titara","origem_aproximada":"Vitória do Mearim","destino_aproximado":"Rosário","comprimento_m":90727.8}},{"type":"Feature","geometry":{"type":"MultiLineString","coordinates":[[[-45.24615173711112,-4.289097280545056],[-45.24807572601961,-4.280276126932372],[-45.249999671036626,-4.2714549672110484],[-45.25192357139572,-4.262633799606265],[-45.25384742903503,-4.253812625960999],[-45.25577124228695,-4.244991444500702],[-45.25769501128734,-4.236170257068958],[-45.259618737072266,-4.22734906279502],[-45.26154241977695,-4.218527861713086],[-45.26346605863554,-4.209706653857714],[-45.26538965468399,-4.200885438358094],[-45.26731320715709,-4.192064217058142],[-45.26923671709077,-4.183242989087079],[-45.27116018281782,-4.174421753575047],[-45.27308360627613,-4.165600512365006],[-45.27500698760025,-4.1567792636818],[-45.27693032512392,-4.14795800936965],[-45.27885362078371,-4.139136747652757],[-45.280776872913066,-4.130315479470639],[-45.28270008344881,-4.12149420395223],[-45.28462325072474,-4.112672922941687],[-45.28654637667729,-4.103851634663249],[-45.28846945963999,-4.095030340056421],[-45.29039250064856,-4.08620903825043],[-45.29231549983842,-4.077387730184153],[-45.294238457344676,-4.06856641589179],[-45.29616137240148,-4.059745095407858],[-45.2980842460445,-4.050923767861572],[-45.30000707840914,-4.042102434191805],[-45.30192986872921,-4.033281093528398],[-45.30385261714012,-4.024459746810242],[-45.305775324677455,-4.015638393166526],[-45.30769799147657,-4.006817033536099],[-45.309620615870465,-3.9979956670491807],[-45.31154320069701,-3.989174294643617],[-45.31346574338837,-3.9803529154499495],[-45.315388244980745,-3.971531530406692],[-45.31731070650959,-3.962710138643031],[-45.31923312720907,-3.953888740193484],[-45.32115550721451,-3.9450673359969324],[-45.32307784666055,-3.9362459251828925],[-45.32500014478139,-3.927424507785885],[-45.32692240351351,-3.9186030838394124],[-45.328844622091424,-3.9097816542826833],[-45.33076679974901,-3.900960218245563],[-45.33268893752226,-3.8921387766665396],[-45.334611035545436,-3.8833173277704636],[-45.33653309395411,-3.874495873400848],[-45.338455111981794,-3.865674411782902],[-45.34037709066481,-3.856852944759791],[-45.34229902923698,-3.848031471461368],[-45.3442209287339,-3.8392099919214626],[-45.34614278838976,-3.830388506174601],[-45.348064609240105,-3.8215670142546263],[-45.34998638961884,-3.812745517101086],[-45.351908132362034,-3.803924012937707],[-45.35382983490298,-3.795102502704457],[-45.35575149917778,-3.7862809864347695],[-45.35767312442065,-3.777459464163166],[-45.359594710766395,-3.768637935923854],[-45.36151625834948,-3.759816400846278],[-45.363437767305456,-3.750994860773987],[-45.365359237768374,-3.742173313931802],[-45.36728066897323,-3.733351762163612],[-45.36920206285515,-3.724530203693466],[-45.37112341864838,-3.7157086385559204],[-45.37304473558788,-3.7068870685948476],[-45.374966014708214,-3.6980654920347047],[-45.37688725524401,-3.689243909814704],[-45.37880845913101,-3.680422321968227],[-45.38072962470256,-3.6716007276255396],[-45.38265075209381,-3.662779127725459]]]},"properties":{"id_fluxo":206,"agrupamento":"Santa Inês","origem_aproximada":"Vitorino Freire","destino_aproximado":"Santa Inês","comprimento_m":70870.2}},{"type":"Feature","geometry":{"type":"MultiLineString","coordinates":[[[-45.653986679013144,-3.278855018175237],[-45.648869124324776,-3.2860996087042382],[-45.643751496417366,-3.293344171180317],[-45.63863379418718,-3.3005887063316846],[-45.633516018330155,-3.3078332139807705],[-45.62839816774196,-3.3150776939511304],[-45.62328024311908,-3.322322146969823],[-45.6181622433566,-3.3295665719557936],[-45.61304416915043,-3.336810968731423],[-45.60792601939676,-3.344055338024898],[-45.6028077947915,-3.351299679658651],[-45.59768949513041,-3.3585439934556574],[-45.592571120208696,-3.3657882783342234],[-45.58745266982322,-3.3730325359266313],[-45.582334142868994,-3.3802767651517405],[-45.57721554004246,-3.3875209667365973],[-45.572096862039004,-3.3947651395989875],[-45.56697810685398,-3.402009283562938],[-45.56185927518434,-3.40925340026015],[-45.55674036772496,-3.416497487703754],[-45.5516213833724,-3.423741547526534],[-45.546502321021066,-3.430985577742634],[-45.54138318226815,-3.4382295799832456],[-45.536263966909345,-3.445473554071328],[-45.53114467293932,-3.4527174989261753],[-45.52602530285454,-3.4599614143691753],[-45.52090585375086,-3.4672053020341123],[-45.515786327223495,-3.4744491599335534],[-45.51066672216881,-3.481692989700247],[-45.50554703928175,-3.488936789347293],[-45.500427278358956,-3.4961805605069287],[-45.49530743829573,-3.5034243030025283],[-45.490187519787554,-3.510668015751884],[-45.48506752263052,-3.5179116994825286],[-45.47994744571945,-3.525155353113181],[-45.47482728975122,-3.532398978275607],[-45.4697070545205,-3.5396425729833365],[-45.464586739823815,-3.5468861388686044],[-45.45946634545673,-3.5541296757542953],[-45.45434587121397,-3.561373181653939],[-45.44922531689243,-3.5686166591044457],[-45.444104682286785,-3.575860106119337],[-45.438983967193046,-3.5831035234261472],[-45.43386317230717,-3.590346910847312],[-45.428742295623906,-3.5975902682065377],[-45.423621338739615,-3.6048335953258595],[-45.418500300549816,-3.6120768929332105],[-45.41337918175008,-3.619320159946356],[-45.408257981235906,-3.6265633970932316],[-45.4031366988028,-3.633806604196676],[-45.3980153351467,-3.64104978107913],[-45.39289388916228,-3.648292926659158],[-45.387772361546276,-3.6555360425685404],[-45.38265075209381,-3.662779127725459]]]},"properties":{"id_fluxo":207,"agrupamento":"Santa Inês","origem_aproximada":"Zé Doca","destino_aproximado":"Santa Inês","comprimento_m":52051.8}},{"type":"Feature","geometry":{"type":"MultiLineString","coordinates":[[[-44.18351055946004,-2.546214763244803],[-44.18496498808335,-2.5551308157272525],[-44.18641943569084,-2.5640468654747886],[-44.187873904186034,-2.5729629124669353],[-44.18932839277409,-2.5818789566814417],[-44.19078290156015,-2.5907949971920474],[-44.1922374306477,-2.599711035786315],[-44.19369198014249,-2.608627070633342],[-44.195146550148586,-2.617543102616105],[-44.196601140770596,-2.6264591317129242],[-44.198055752112566,-2.6353751588067595],[-44.199510383380755,-2.644291182066138],[-44.2009650364783,-2.653207202375166],[-44.20241970971135,-2.662123218806389],[-44.20387440408292,-2.6710392331479844],[-44.20532911969824,-2.6799552444736503],[-44.206783855762424,-2.6888712527611474],[-44.20823861327968,-2.697787257989378],[-44.20969339235468,-2.706703260136673],[-44.21114819219252,-2.715619259180792],[-44.212603013797434,-2.724535255100638],[-44.214057856374545,-2.7334512478739468],[-44.2155127209281,-2.742367237479657],[-44.21696760666321,-2.7512832238954856],[-44.21842251368395,-2.7601992080043827],[-44.21987744299583,-2.7691151879760367],[-44.22133239380273,-2.7780311655974286],[-44.22278736620995,-2.7869471399422228],[-44.22424236122186,-2.795863110989373],[-44.22569737714386,-2.8047790787159923],[-44.22715241587998,-2.813695043101613],[-44.228607476635275,-2.822611004123943],[-44.2300625595139,-2.8315269626659454],[-44.23151766462118,-2.8404429178012975],[-44.23297279206183,-2.8493588695083174],[-44.23442794194062,-2.858274817765324],[-44.23588311346198,-2.8671907634546763],[-44.23733830853068,-2.8761067056512704],[-44.23879352635177,-2.885022644332803],[-44.240248766130286,-2.893938579476983],[-44.241704028870124,-2.9028545119673588],[-44.24315931467666,-2.9117704408776346],[-44.24461462275491,-2.920686366185516],[-44.246069954108826,-2.929602288774515],[-44.24752530884378,-2.9385182077183525]]]},"properties":{"id_fluxo":208,"agrupamento":"Titara","origem_aproximada":"Paço do Lumiar","destino_aproximado":"Rosário","comprimento_m":43946.3}},{"type":"Feature","geometry":{"type":"MultiLineString","coordinates":[[[-44.18351055946004,-2.546214763244803],[-44.18496498808335,-2.5551308157272525],[-44.18641943569084,-2.5640468654747886],[-44.187873904186034,-2.5729629124669353],[-44.18932839277409,-2.5818789566814417],[-44.19078290156015,-2.5907949971920474],[-44.1922374306477,-2.599711035786315],[-44.19369198014249,-2.608627070633342],[-44.195146550148586,-2.617543102616105],[-44.196601140770596,-2.6264591317129242],[-44.198055752112566,-2.6353751588067595],[-44.199510383380755,-2.644291182066138],[-44.2009650364783,-2.653207202375166],[-44.20241970971135,-2.662123218806389],[-44.20387440408292,-2.6710392331479844],[-44.20532911969824,-2.6799552444736503],[-44.206783855762424,-2.6888712527611474],[-44.20823861327968,-2.697787257989378],[-44.20969339235468,-2.706703260136673],[-44.21114819219252,-2.715619259180792],[-44.212603013797434,-2.724535255100638],[-44.214057856374545,-2.7334512478739468],[-44.2155127209281,-2.742367237479657],[-44.21696760666321,-2.7512832238954856],[-44.21842251368395,-2.7601992080043827],[-44.21987744299583,-2.7691151879760367],[-44.22133239380273,-2.7780311655974286],[-44.22278736620995,-2.7869471399422228],[-44.22424236122186,-2.795863110989373],[-44.22569737714386,-2.8047790787159923],[-44.22715241587998,-2.813695043101613],[-44.228607476635275,-2.822611004123943],[-44.2300625595139,-2.8315269626659454],[-44.23151766462118,-2.8404429178012975],[-44.23297279206183,-2.8493588695083174],[-44.23442794194062,-2.858274817765324],[-44.23588311346198,-2.8671907634546763],[-44.23733830853068,-2.8761067056512704],[-44.23879352635177,-2.885022644332803],[-44.240248766130286,-2.893938579476983],[-44.241704028870124,-2.9028545119673588],[-44.24315931467666,-2.9117704408776346],[-44.24461462275491,-2.920686366185516],[-44.246069954108826,-2.929602288774515],[-44.24752530884378,-2.9385182077183525]]]},"properties":{"id_fluxo":209,"agrupamento":"Titara","origem_aproximada":"Paço do Lumiar","destino_aproximado":"Rosário","comprimento_m":43946.3}},{"type":"Feature","geometry":{"type":"MultiLineString","coordinates":[[[-44.20967189288268,-2.5158649895068668],[-44.210477015967776,-2.524857653166191],[-44.21128215075105,-2.5338503158862435],[-44.212087296393456,-2.5428429758474764],[-44.212892453852696,-2.551835634849943],[-44.21369762138969,-2.5608282919781455],[-44.21450280086277,-2.5698209472234574],[-44.215307991431736,-2.5788136005755753],[-44.216113193155984,-2.5878062520247314],[-44.216918406094265,-2.5967989024658165],[-44.21772363120656,-2.605791550080373],[-44.218528866752074,-2.6147841966667955],[-44.219334114589756,-2.6237768413118316],[-44.22013937387944,-2.6327694840051503],[-44.22094464378096,-2.641762124736449],[-44.22174992615274,-2.650754763497109],[-44.222555220154604,-2.6597474002767933],[-44.22336052584536,-2.668740035970395],[-44.22416584238536,-2.6777326696629604],[-44.224971171633136,-2.6867253013458643],[-44.225776511848906,-2.695717931008223],[-44.22658186489121,-2.704710558641433],[-44.227387229020245,-2.713703184234571],[-44.22819260519443,-2.7226958086831035],[-44.22899799347372,-2.731688431072648],[-44.22980339301789,-2.7406810513928526],[-44.230608805685556,-2.7496736696351416],[-44.23141422973632,-2.758666286693206],[-44.23221966613035,-2.767658900748636],[-44.23302511492587,-2.77665151360093],[-44.23383057528327,-2.7856441243351173],[-44.23463604816155,-2.794636732942012],[-44.23544153361958,-2.8036293403165025],[-44.23624703081766,-2.812621945543597],[-44.23705254071489,-2.821614548614145],[-44.23785806247102,-2.830607149517798],[-44.23866359704515,-2.839599748245372],[-44.239469144496105,-2.8485923456917566],[-44.24027470398422,-2.857584940941969],[-44.24108027646863,-2.866577533986848],[-44.24188586110907,-2.875570124816019],[-44.24269145796435,-2.884562714324349],[-44.243497067994234,-2.893555301598085],[-44.244302690358445,-2.9025478866268313],[-44.24510832601557,-2.9115404703060617],[-44.245913974125905,-2.9205330517208146],[-44.2467196347489,-2.929525630861296],[-44.24752530884378,-2.9385182077183525]]]},"properties":{"id_fluxo":210,"agrupamento":"Titara","origem_aproximada":"São José de Ribamar","destino_aproximado":"Rosário","comprimento_m":46910.3}},{"type":"Feature","geometry":{"type":"MultiLineString","coordinates":[[[-44.24100123740627,-2.64763665521988],[-44.241198889810676,-2.656451268772386],[-44.241396546077766,-2.6652658818641766],[-44.24159420442367,-2.6740804926804564],[-44.2417918648614,-2.6828951030260417],[-44.24198952920535,-2.691709711088402],[-44.24218719656897,-2.700524318671798],[-44.24238486606737,-2.7093389248665956],[-44.24258253861427,-2.718153529668967],[-44.24278021422383,-2.726968133074457],[-44.24297789201056,-2.735782735078089],[-44.24317557288821,-2.7445973356760085],[-44.243373257769996,-2.7534119357690123],[-44.24357094397231,-2.762226533541664],[-44.243768634207626,-2.7710411298958926],[-44.24396632669023,-2.779855725730787],[-44.24416402323414,-2.788670320138434],[-44.24436172115514,-2.797484912208042],[-44.24455942316516,-2.806299503746171],[-44.24475712747962,-2.8151140938426384],[-44.24495483591202,-2.823928682494158],[-44.24515254577747,-2.832743269694581],[-44.245350259789184,-2.8415578554412124],[-44.245547976161916,-2.8503724397284693],[-44.24574569580893,-2.859187023457146],[-44.24594341874558,-2.8680016048135677],[-44.24614114408571,-2.8768161846973404],[-44.2463388727426,-2.8856307640092673],[-44.24653660473099,-2.894445341840299],[-44.24673433916593,-2.9032599172807836],[-44.2469320769601,-2.912074492136139],[-44.24712981812828,-2.92088906549735],[-44.24732756178487,-2.929703637359355],[-44.24752530884378,-2.9385182077183525]]]},"properties":{"id_fluxo":211,"agrupamento":"Titara","origem_aproximada":"São Luís","destino_aproximado":"Rosário","comprimento_m":32162.9}},{"type":"Feature","geometry":{"type":"MultiLineString","coordinates":[[[-42.540458795456196,-2.7205922736999737],[-41.86620284013399,-3.1725090442616475]]]},"properties":{"id_fluxo":212,"agrupamento":"Buriti dos Lopes (PI)","origem_aproximada":"Paulino Neves","destino_aproximado":"Araioses","comprimento_m":90161.3}},{"type":"Feature","geometry":{"type":"MultiLineString","coordinates":[[[-42.274510440627935,-2.7627508824922526],[-41.86620284013399,-3.1725090442616475]]]},"properties":{"id_fluxo":213,"agrupamento":"Buriti dos Lopes (PI)","origem_aproximada":"Tutóia","destino_aproximado":"Araioses","comprimento_m":64194.7}},{"type":"Feature","geometry":{"type":"MultiLineString","coordinates":[[[-42.11675674210798,-2.837950040142033],[-41.86620284013399,-3.1725090442616475]]]},"properties":{"id_fluxo":214,"agrupamento":"Buriti dos Lopes (PI)","origem_aproximada":"Água Doce do Maranhão","destino_aproximado":"Araioses","comprimento_m":46353.5}},{"type":"Feature","geometry":{"type":"MultiLineString","coordinates":[[[-41.90330007524144,-2.8910516955045678],[-41.86620284013399,-3.1725090442616475]]]},"properties":{"id_fluxo":215,"agrupamento":"Buriti dos Lopes (PI)","origem_aproximada":"Araioses","destino_aproximado":"Araioses","comprimento_m":31428.9}},{"type":"Feature","geometry":{"type":"MultiLineString","coordinates":[[[-42.42313501238273,-3.368589870608433],[-41.86620284013399,-3.1725090442616475]]]},"properties":{"id_fluxo":216,"agrupamento":"Buriti dos Lopes (PI)","origem_aproximada":"São Bernardo","destino_aproximado":"Araioses","comprimento_m":65640.6}},{"type":"Feature","geometry":{"type":"MultiLineString","coordinates":[[[-42.56054814503617,-3.498522849686932],[-41.86620284013399,-3.1725090442616475]]]},"properties":{"id_fluxo":217,"agrupamento":"Buriti dos Lopes (PI)","origem_aproximada":"Santa Quitéria do Maranhão","destino_aproximado":"Araioses","comprimento_m":85237.3}},{"type":"Feature","geometry":{"type":"MultiLineString","coordinates":[[[-42.60727240868482,-3.582184917619594],[-41.86620284013399,-3.1725090442616475]]]},"properties":{"id_fluxo":218,"agrupamento":"Buriti dos Lopes (PI)","origem_aproximada":"Milagres do Maranhão","destino_aproximado":"Araioses","comprimento_m":94063.3}},{"type":"Feature","geometry":{"type":"MultiLineString","coordinates":[[[-42.7541158154059,-3.679861051449643],[-41.86620284013399,-3.1725090442616475]]]},"properties":{"id_fluxo":219,"agrupamento":"Buriti dos Lopes (PI)","origem_aproximada":"Brejo","destino_aproximado":"Araioses","comprimento_m":113582.2}},{"type":"Feature","geometry":{"type":"MultiLineString","coordinates":[[[-42.41397992258566,-3.1120857663699235],[-41.86620284013399,-3.1725090442616475]]]},"properties":{"id_fluxo":220,"agrupamento":"Buriti dos Lopes (PI)","origem_aproximada":"Santana do Maranhão","destino_aproximado":"Araioses","comprimento_m":61305.1}},{"type":"Feature","geometry":{"type":"MultiLineString","coordinates":[[[-42.20466735020295,-3.396428081173279],[-41.86620284013399,-3.1725090442616475]]]},"properties":{"id_fluxo":221,"agrupamento":"Buriti dos Lopes (PI)","origem_aproximada":"Magalhães de Almeida","destino_aproximado":"Araioses","comprimento_m":45076.6}}]}