{"type":"FeatureCollection","features":[{"type":"Feature","geometry":{"type":"Polygon","coordinates":[[[-46.062443585000025,-6.245805541999979],[-46.054803751999934,-6.247204355999899],[-46.04627185200001,-6.256152732],[-46.037666460999965,-6.256845944999974],[-46.03452340099987,-6.261513120999958],[-46.022915458999904,-6.26392721499995],[-46.010576718000046,-6.262943233999981],[-46.00069366499997,-6.256227879999906],[-45.997220704000036,-6.258102103999904],[-45.98147251899998,-6.25674379699996],[-45.970809147,-6.258964865999968],[-45.9545214579999,-6.264997877999986],[-45.932583614000016,-6.279789990999981],[-45.91472112799982,-6.284647435999898],[-45.903050470999986,-6.295241276999982],[-45.886350775999986,-6.343734312999968],[-45.875609257999855,-6.34540690299998],[-45.859857660999964,-6.332732391999959],[-45.847776627000016,-6.331148852999942],[-45.841250609999975,-6.322550557999947],[-45.8393775979999,-6.301621520999952],[-45.821968377,-6.379018365999941],[-45.83558656100002,-6.492374021999955],[-45.8314415359999,-6.49125555399996],[-45.84062310699993,-6.600038031999952],[-45.85003225299987,-6.600157292999961],[-45.85007417099996,-6.60526345999994],[-45.85967912900002,-6.615447163999929],[-45.874183852999955,-6.623138281],[-45.87908758499997,-6.630519687999944],[-45.88667546499976,-6.63129396099997],[-45.8941601089999,-6.64394042799998],[-45.910832797999795,-6.641565989999983],[-45.92772231299987,-6.647212963999945],[-45.931317904,-6.650902556999957],[-45.93303344700002,-6.660185290999917],[-45.948077036000036,-6.674022242999929],[-45.84686134799987,-6.722934521999965],[-45.82630603099989,-6.715428978999967],[-45.800221415,-6.718983365999983],[-45.779720790999924,-6.712089275999952],[-45.77302246900002,-6.704844130999917],[-45.746498250999906,-6.70013170799992],[-45.73544676899997,-6.712939684999971],[-45.72733660099986,-6.715834253999927],[-45.72085383500002,-6.712397027999924],[-45.70539008299988,-6.722709953999947],[-45.6781858429999,-6.728060741],[-45.661388695,-6.741889529999963],[-45.647692447999916,-6.749053608999952],[-45.638742627999875,-6.766981003999924],[-45.630046953,-6.778476565999921],[-45.62208326699993,-6.797868823999949],[-45.61817089999987,-6.798447036],[-45.6089965109999,-6.805849543],[-45.60185669999997,-6.815724083],[-45.59665820599999,-6.812391762999966],[-45.59207637299987,-6.815688159999952],[-45.581720047,-6.815991974999954],[-45.572775738999965,-6.819865033999958],[-45.560607919999946,-6.814619072999958],[-45.56082577400003,-6.811444691999943],[-45.55580104599986,-6.806481543999984],[-45.55055165999993,-6.811759193999941],[-45.549161085999984,-6.80702979399996],[-45.543410063999936,-6.802777990999972],[-45.54138463399986,-6.806195634999953],[-45.53274529200002,-6.808166491999953],[-45.523027768999974,-6.802586232999915],[-45.51487808199988,-6.805468840999947],[-45.50547136699996,-6.804885046999961],[-45.49360558799998,-6.795867009999964],[-45.49007506799998,-6.796996366999971],[-45.465987310999935,-6.79194969299994],[-45.455770978,-6.785466239999956],[-45.454322721999986,-6.780457700999972],[-45.449158081999876,-6.777828276999927],[-45.43318491400004,-6.777065062999928],[-45.42549170699988,-6.773772521],[-45.416135243000035,-6.764657778],[-45.411268924999916,-6.765564752999983],[-45.408962659999965,-6.760488980999942],[-45.40041086299991,-6.757620741999944],[-45.39358307899986,-6.760971636],[-45.38335386599992,-6.757251086999912],[-45.379913416,-6.759373077999983],[-45.368634422999904,-6.759272987999961],[-45.36710546999996,-6.763826842999983],[-45.361886513999885,-6.765879789999937],[-45.36085211400001,-6.771452767],[-45.35507515400004,-6.775250282999964],[-45.354359857,-6.780371767999967],[-45.34949502599992,-6.781832269999929],[-45.34779920800003,-6.779433467999959],[-45.34402373300002,-6.78310492699998],[-45.33094077899987,-6.779601132999976],[-45.32660280800003,-6.775767023999909],[-45.322101582,-6.781599152],[-45.31188524799999,-6.784700110999982],[-45.311494889000016,-6.78777813499993],[-45.30557134799991,-6.789132455999987],[-45.297548423,-6.795597938],[-45.28374656199996,-6.796765311999949],[-45.27921961700004,-6.79199871199991],[-45.275665575999874,-6.792901105999968],[-45.270918668999954,-6.789638992999888],[-45.26194041699987,-6.791842130999922],[-45.253163542000024,-6.787896634999965],[-45.24790822799996,-6.796216696999942],[-45.23685241600002,-6.795687410999936],[-45.234496899,-6.798879800999932],[-45.23205320400004,-6.795949328999936],[-45.21999147799991,-6.794964539999989],[-45.220129911,-6.799813255999983],[-45.21799330199996,-6.797906550999962],[-45.20987772199994,-6.802284391999899],[-45.19510607900004,-6.803762100999951],[-45.19385135799996,-6.80000296999996],[-45.187764175,-6.802305224999935],[-45.18357583100001,-6.799353285999939],[-45.170078799999885,-6.797795305999906],[-45.16596219099989,-6.79385162800001],[-45.16604592599998,-6.798152550999888],[-45.16293792499986,-6.800366858999959],[-45.163013108000044,-6.808169671999949],[-45.16048872899999,-6.811012947999925],[-45.143574983000036,-6.80724794599998],[-45.13863155099993,-6.809867513],[-45.125436442,-6.811004678999951],[-45.1193562139999,-6.815389829999959],[-45.11076849899998,-6.808127750999945],[-45.105411940999886,-6.808620255999927],[-45.09423813699987,-6.799721477999939],[-45.0920164789999,-6.789304613999932],[-45.0844927049999,-6.786799767999981],[-45.081438808,-6.782669241],[-45.07534924399992,-6.786061678999929],[-45.071540458999905,-6.784535807999888],[-45.06894144799998,-6.779349327000014],[-45.06152000299993,-6.773584684999908],[-45.06183933599988,-6.761533093],[-45.04830080399996,-6.756230574999941],[-45.043461167,-6.750246086999941],[-45.04001999299994,-6.750424881],[-45.04004837499998,-6.746843147999933],[-45.03294313799997,-6.743073009999919],[-45.026952183999974,-6.742201168],[-45.02084852799988,-6.737797886],[-45.015575910999985,-6.739122758999923],[-45.010349415,-6.736597474999969],[-45.010802542,-6.731191213999939],[-44.996709452999944,-6.730569628999935],[-44.99007569099996,-6.735621896999896],[-44.98042909399991,-6.732855199999951],[-44.97443663499996,-6.736007725999934],[-44.97304670399998,-6.739180705000011],[-44.96712725200003,-6.740786981999954],[-44.963600837999934,-6.736325360000014],[-44.95694091099991,-6.736890630999977],[-44.9564963289999,-6.733616403999961],[-44.953065093000035,-6.731329253],[-44.949319523000014,-6.734151615000013],[-44.944856489000045,-6.731988509999916],[-44.943013225999856,-6.722082702],[-44.941301528999894,-6.722281897999967],[-44.93987892499996,-6.717218506999886],[-44.934633208999976,-6.714536561999936],[-44.93147320899991,-6.715899157999968],[-44.926803157999956,-6.71378424099995],[-44.92348536799989,-6.715795966999957],[-44.92315321300003,-6.711300304999953],[-44.917941249,-6.711563187999944],[-44.91688493,-6.709562618999972],[-44.911254218999865,-6.711611423999938],[-44.909730533,-6.707707760999978],[-44.906285193000045,-6.708848777999973],[-44.90255688299994,-6.705772128999961],[-44.893577348999926,-6.711824330999968],[-44.88977459899997,-6.706544576999925],[-44.886311845999984,-6.706874968999906],[-44.884751149,-6.703169116999971],[-44.87300067499996,-6.703866325999926],[-44.86855164499999,-6.709124706999977],[-44.86371711000002,-6.70793189799996],[-44.86234480599998,-6.704175179],[-44.858216634,-6.705447879999956],[-44.85802155900003,-6.703312425000015],[-44.85412383600003,-6.702816509999928],[-44.846666859999964,-6.710518810999951],[-44.838898726,-6.706969413],[-44.83830878100004,-6.703421985999932],[-44.833122504,-6.708179252],[-44.82416151800002,-6.707734314999954],[-44.81559469399996,-6.712139336999919],[-44.800477733,-6.70915468499997],[-44.79721487900004,-6.712204464999979],[-44.79258477199993,-6.71173645099998],[-44.76864641199998,-6.884880831999959],[-44.76178986699986,-6.889497629999949],[-44.75409304800002,-6.890793569999972],[-44.74981538299994,-6.915274560999959],[-44.739149607999856,-6.927611626999949],[-44.719382685,-6.940156911999936],[-44.70991719200002,-6.941035569999984],[-44.71015980999993,-6.963463116999976],[-44.70537448600003,-6.965054944999967],[-44.699751823000035,-6.97420449500001],[-44.69733766199986,-6.974438768999943],[-44.699489488,-7.011894797999948],[-44.70807016199996,-7.030884717999904],[-44.70746233800003,-7.035960714999963],[-44.71040342500002,-7.038269025],[-44.71068054999994,-7.044263213],[-44.718987979000026,-7.048928435999909],[-44.72282185399999,-7.048253625999942],[-44.722739889000046,-7.053420487999969],[-44.73034829999994,-7.055348141999947],[-44.72762430899997,-7.060124012999954],[-44.74067855899988,-7.06294153499993],[-44.742517017999944,-7.06787131399997],[-44.75376342200002,-7.075388367999943],[-44.754153952,-7.086190128999911],[-44.760296390999926,-7.090088559999971],[-44.763854549999984,-7.088238643999941],[-44.76715744799998,-7.093732378999925],[-44.77199277099993,-7.09280128499998],[-44.775539293,-7.097843616],[-44.77838067399991,-7.096702811999941],[-44.78308714299986,-7.099350738999918],[-44.784513476000015,-7.105871428999962],[-44.779791216,-7.117421914999974],[-44.77243605400001,-7.124760889999956],[-44.747209324999965,-7.134655402999909],[-44.73673812,-7.149128375999966],[-44.717787511,-7.150394761999942],[-44.7171529619999,-7.156650500999914],[-44.70499232000003,-7.163372834999945],[-44.707463983999986,-7.168223492000011],[-44.71701261600001,-7.166637261999949],[-44.720352885999894,-7.168955488999914],[-44.71948567499991,-7.185643542000016],[-44.715244373,-7.188941609999962],[-44.70934958200004,-7.189314741000016],[-44.702744373000016,-7.181139591999949],[-44.69848490899993,-7.179534911999959],[-44.68935426500003,-7.182752604],[-44.68579999600002,-7.188789428999983],[-44.691822283999954,-7.199223131999962],[-44.692932385999875,-7.217572587999951],[-44.70493234700004,-7.236359511999987],[-44.697653533999976,-7.255050939999937],[-44.787493184,-7.248704670999936],[-45.003582561000016,-7.496858894999933],[-45.011723493,-7.494878309999928],[-45.01958249900002,-7.49639870799996],[-45.049232791999884,-7.513209820999942],[-45.06797473900002,-7.504113473999949],[-45.08430869999996,-7.50215694399998],[-45.107279718999976,-7.508240355999904],[-45.109530247999935,-7.512363974999944],[-45.11359636299992,-7.51032674499996],[-45.12671628100003,-7.514202292999903],[-45.13867459700003,-7.522422333999954],[-45.147507808999926,-7.521178191999953],[-45.155528029999964,-7.512914521999933],[-45.1747989149999,-7.529644260999932],[-45.18100391300002,-7.541959894999925],[-45.19006813899993,-7.548523604999977],[-45.203847718,-7.551672213],[-45.21740740999998,-7.568165699999982],[-45.22246480800001,-7.567414908999945],[-45.22273355899986,-7.560803047],[-45.232326316999895,-7.54907136],[-45.251612038,-7.559277217999957],[-45.261707413999865,-7.571184333999989],[-45.28539631400004,-7.566422787999924],[-45.28900763499997,-7.571522533999905],[-45.298838857000014,-7.575237603999982],[-45.31579457999988,-7.574317293999952],[-45.33468042100002,-7.577659461999906],[-45.34069066300002,-7.581752371999892],[-45.342269458,-7.593363194999922],[-45.35930775299986,-7.605485636],[-45.37218178699987,-7.618383750999966],[-45.38325099299994,-7.612096810999988],[-45.39546693200003,-7.614518461999984],[-45.39822773399993,-7.623042562999968],[-45.39920500899997,-7.641058853999924],[-45.40245722299994,-7.643438162999969],[-45.41554504399988,-7.645024667999964],[-45.41444602099989,-7.655318942999953],[-45.420362601999955,-7.659815866999972],[-45.43253067599991,-7.661539009],[-45.437431289999935,-7.667830134999962],[-45.43485111799997,-7.674086745999917],[-45.437510006999965,-7.678051248999937],[-45.45583810099996,-7.670018932999964],[-45.459600609999875,-7.672803451999963],[-45.46026026999992,-7.677888178999945],[-45.456424465999895,-7.68110847499994],[-45.44881782799997,-7.682128315999945],[-45.44881458599997,-7.685356286999953],[-45.451196105000015,-7.68816404800001],[-45.47008188499997,-7.689897577999913],[-45.468102902999924,-7.712874292999958],[-45.48232182600001,-7.715842004999926],[-45.487208630999866,-7.728659467999963],[-45.48245402299993,-7.739810510999964],[-45.48212680099986,-7.749673171999946],[-45.486330666999876,-7.751348100999975],[-45.49019371100003,-7.745745387999944],[-45.49643029399993,-7.74776712399998],[-45.49468478599992,-7.753812844999983],[-45.48444782899997,-7.762818308999917],[-45.49232440500002,-7.774482436999916],[-45.489511149000045,-7.786256890999985],[-45.49346739,-7.788317533999953],[-45.49913639800001,-7.784247488999904],[-45.50137702099986,-7.78648499599994],[-45.498554526,-7.797272373999961],[-45.51063374899998,-7.80136232899997],[-45.5112007349999,-7.823467005999893],[-45.517230605000016,-7.834737027999969],[-45.52704251299998,-7.839451608999967],[-45.52505984099997,-7.856431238999948],[-45.53260305899989,-7.858174768999968],[-45.54075405399991,-7.864056191999966],[-45.534945619,-7.875018048999946],[-45.52253712599997,-7.881892491999951],[-45.52042095300002,-7.88560936999991],[-45.52237969399991,-7.888260176999948],[-45.53867669499989,-7.891570198],[-45.54326948999994,-7.897269250999914],[-45.524867554999965,-7.906751275000021],[-45.523729926999984,-7.910768919999908],[-45.531213373999925,-7.922406244999911],[-45.539465318999866,-7.918358441999926],[-45.54447695200002,-7.920080009],[-45.54143696499993,-7.928793661999942],[-45.54311837399996,-7.934453860999932],[-45.547961228,-7.947130440999947],[-45.55647114399988,-7.953691856999987],[-45.55208226900001,-7.957397399999897],[-45.54584555000001,-7.95773166000002],[-45.547541576,-7.967996434999966],[-45.55545543900004,-7.971111665999972],[-45.568109783,-7.994122060999961],[-45.566166402999954,-7.999019417999895],[-45.551107391,-8.00876416899998],[-45.551097235999954,-8.01451883199997],[-45.555826791999856,-8.017073853999898],[-45.56376310399997,-8.014192562999975],[-45.577655440999855,-8.028331269],[-45.563038766,-8.045643614999973],[-45.56409053199997,-8.049595337],[-45.56876223799998,-8.052432167999976],[-45.57008155899998,-8.073955612999947],[-45.579707718999934,-8.086437304999913],[-45.58141794999986,-8.093161776999944],[-45.58630432599986,-8.096403028999896],[-45.58571796000002,-8.10278870399996],[-45.57636273100001,-8.114744487999934],[-45.587814092,-8.129945825999949],[-45.5885031939999,-8.136892292999962],[-45.58372779800002,-8.15693624499991],[-45.59295899099989,-8.17308632799991],[-45.602023424,-8.175151503999897],[-45.609451825,-8.18548830099994],[-45.613057437999906,-8.186514198999914],[-45.61508047999996,-8.193333722],[-45.60978199499988,-8.205418109999949],[-45.62097667099994,-8.21624872],[-45.6357404139999,-8.225198371999928],[-45.648282500999976,-8.244049479999946],[-45.663626412999974,-8.250530774999929],[-45.667124976,-8.288654172999907],[-45.67837818999992,-8.304201078999915],[-45.68035703299996,-8.320812324999968],[-45.69038167100002,-8.335974901999974],[-45.688507672000036,-8.342046110999954],[-45.69057957799996,-8.355811213999973],[-45.69375071199988,-8.361905988999949],[-45.701770270999866,-8.364180161],[-45.70620554600003,-8.368703363999972],[-45.703100804,-8.380708284000013],[-45.70636257099987,-8.387620959999984],[-45.71398477500002,-8.387934311999976],[-45.724675466000036,-8.394824044999913],[-45.72119216300004,-8.400027786999972],[-45.72259494500002,-8.405313399999967],[-45.73226036099994,-8.411065685999938],[-45.73506522299993,-8.419080773],[-45.73050126499987,-8.429569801999934],[-45.744916073,-8.44915429799997],[-45.74266834,-8.473320248999913],[-45.74791680300004,-8.494104142999978],[-45.74681757500004,-8.496866569999925],[-45.73867779599988,-8.500655582],[-45.75327685299988,-8.518209100999938],[-45.757090154,-8.526937378999941],[-45.75383731199998,-8.54206325999993],[-45.761594811000045,-8.549947549],[-45.761828356,-8.56183220699995],[-45.77077961699998,-8.573297080999984],[-45.78358691699998,-8.58078776],[-45.794586823,-8.583711479999964],[-45.794803066000036,-8.591797439999935],[-45.78278778200003,-8.597403637999987],[-45.76619058399998,-8.609545618],[-45.777473537999974,-8.617433386],[-45.798565965999984,-8.61362854299996],[-45.798298570999975,-8.620591298999988],[-45.80550754199986,-8.622763543999953],[-45.81532874399988,-8.63190767],[-45.81950721399993,-8.639632777999948],[-45.82202158199986,-8.647843379999928],[-45.82091811299987,-8.652788827999933],[-45.81778669700003,-8.654971759999983],[-45.813687004000016,-8.653916182999952],[-45.812479615000036,-8.656467560999934],[-45.821832281999924,-8.66592701699995],[-45.84002957800002,-8.715123723999982],[-45.85022517300002,-8.710193314999978],[-45.86422732300002,-8.715523029999892],[-45.86370386099996,-8.729964734999937],[-45.874844797000016,-8.731510257],[-45.88988468799991,-8.73926217699996],[-45.89189824699998,-8.762757397],[-45.897810760999974,-8.75971489999998],[-45.90870737899997,-8.758893905],[-45.91936960700003,-8.768792922999966],[-45.92419655299991,-8.770300833999942],[-45.92728936200002,-8.776195478999968],[-45.936886733999984,-8.78016166899995],[-45.93889793499986,-8.795211036999914],[-45.95301177299996,-8.806271631999982],[-45.959784206999956,-8.81551795599995],[-45.959481416999864,-8.824973126999966],[-45.94701656199987,-8.829782575],[-45.945315525,-8.838864407999944],[-45.94981057800003,-8.845025592999908],[-45.95836951999997,-8.840409326999962],[-45.960128722999954,-8.8516379559999],[-45.972399107999934,-8.862837702999935],[-45.97374043899998,-8.868229773999944],[-45.96733804799987,-8.876361441999967],[-45.978631412,-8.88221597699996],[-45.983297693999916,-8.888573969999955],[-45.97965755,-8.903669720999938],[-45.98649847599999,-8.909974644999982],[-45.985919972,-8.918969002999974],[-45.994906696999976,-8.926317498999945],[-45.994051490999915,-8.937244398999963],[-45.99016785500001,-8.944044375000024],[-45.991191344999876,-8.950212022],[-45.986058702000015,-8.959983195999952],[-45.967926265999864,-8.976728093999961],[-45.95815749799992,-9.002407836999923],[-45.94377902999996,-9.015114875999972],[-45.94593654900004,-9.025138448999945],[-45.9358572689999,-9.039692665999974],[-45.940796247999984,-9.049262639999897],[-45.940974072000046,-9.055107127999948],[-45.93832985300002,-9.063188401999975],[-45.929285783,-9.07009409699999],[-45.930940387000035,-9.07513109699993],[-45.928144609,-9.08046340599997],[-45.93311862599996,-9.0856248069999],[-45.931282433,-9.08868968],[-45.923219914000015,-9.089992434999969],[-45.92270684399993,-9.09805011],[-45.928091818999974,-9.102005716],[-45.92412389299994,-9.108881847999958],[-45.92949890599987,-9.12762552899997],[-45.928741518,-9.137587984999948],[-45.922144910999975,-9.14537925199996],[-45.913960232,-9.167087762999968],[-45.900620427,-9.178616855999985],[-45.89768860199999,-9.185297768999964],[-45.89923047299993,-9.190813647],[-45.904431799999884,-9.18935405299994],[-45.906093168000034,-9.19125501199993],[-45.898862768999884,-9.208944108],[-45.90234376399996,-9.218702976],[-45.900817090000025,-9.2242794119999],[-45.90394874699997,-9.230554306999947],[-45.89692678900002,-9.235098932],[-45.899160231999986,-9.237803258999941],[-45.898605727000025,-9.246046387999948],[-45.902211810999965,-9.250993649999925],[-45.89826263799988,-9.262189722999922],[-45.90443816799996,-9.266257996],[-45.896570196,-9.278863184999972],[-45.89731956799992,-9.289593878999922],[-45.90008706000002,-9.292000951999954],[-45.9060594329999,-9.291116560999965],[-45.907922572999965,-9.296109578],[-45.90072735299997,-9.31256216299998],[-45.90327866500004,-9.316408020999953],[-45.89782211999994,-9.318056976999964],[-45.89672994699998,-9.327771572999952],[-45.89140221399997,-9.330730449999988],[-45.89440012099986,-9.341194518999904],[-45.88846601499986,-9.348526315999914],[-45.879744987,-9.346180855999917],[-45.875915902,-9.353697955999982],[-45.864090929000014,-9.358992366999905],[-45.848002230000034,-9.355884610999984],[-45.841198586000026,-9.364116033999911],[-45.837567083999936,-9.364097815],[-45.82981031600002,-9.372756578999939],[-45.82414702099987,-9.375261043999947],[-45.81874804499991,-9.389524508999989],[-45.81477637599991,-9.390660772999945],[-45.81419299899987,-9.395600452999917],[-45.80993363499988,-9.398314585999954],[-45.80561193499988,-9.410367700999897],[-45.79916317700002,-9.416340103999962],[-45.803366556,-9.424676554999964],[-45.801623969999966,-9.436007975999969],[-45.795141833999914,-9.437481082],[-45.798523492999934,-9.442336220999989],[-45.794003789999984,-9.445207410999965],[-45.795657005,-9.44914931699998],[-45.788633368,-9.457918126999962],[-45.79594738600004,-9.459759032999957],[-45.78925643000003,-9.464269692999958],[-45.79061678299996,-9.469534799999943],[-45.783435308999955,-9.479477093999941],[-45.786356057000035,-9.483441228999931],[-45.790839481,-9.480995444999982],[-45.79236937199993,-9.485416265999921],[-45.797624685,-9.487262137999972],[-45.798718596,-9.495185989999941],[-45.803958354000024,-9.497341800999967],[-45.80551981999999,-9.502067191999972],[-45.811538976000016,-9.504009473999917],[-45.82092673499987,-9.51704670599993],[-45.82373676500003,-9.521903150999941],[-45.82158864300001,-9.526831499999952],[-45.82810562000002,-9.529509714999948],[-45.827233715,-9.53215389699997],[-45.832332949000026,-9.536663141999943],[-45.82829004,-9.542991134999943],[-45.82888085699986,-9.54739368499997],[-45.84193248899991,-9.562889914999959],[-45.84261387199997,-9.576035255999946],[-45.83362632599992,-9.58752971199994],[-45.838175277999895,-9.594542668999948],[-45.8367433029999,-9.60212663799995],[-45.83196173999986,-9.602860935999955],[-45.82832020199992,-9.608219538999949],[-45.82577825100001,-9.606992674999956],[-45.82468844199999,-9.614311437999953],[-45.82038686699997,-9.61791282199995],[-45.82175239599997,-9.622137650999926],[-45.81978363099997,-9.62444025199993],[-45.82664069399987,-9.626715350999968],[-45.82573975500002,-9.637402934],[-45.827673668999985,-9.63704950599997],[-45.8278981359999,-9.64411078599998],[-45.83351151900002,-9.652277203999946],[-45.83072936799986,-9.657990841999917],[-45.83310257100002,-9.666801000999945],[-45.829824937,-9.680888708999921],[-45.83322466499991,-9.68410379299993],[-45.83345032800002,-9.690711182999953],[-45.838567824999956,-9.69631766599994],[-45.82872414299986,-9.704402591],[-45.832530602000034,-9.712554281999905],[-45.82640852600002,-9.716146371999931],[-45.829262548,-9.724579432999933],[-45.825233867999906,-9.734916183999973],[-45.8210097469999,-9.739214223999968],[-45.82754975800003,-9.746049285],[-45.82115777999998,-9.755878702999984],[-45.82312480400002,-9.763251308999907],[-45.821420602999964,-9.773127066],[-45.828480019,-9.791702327999927],[-45.83873553899998,-9.79689859399999],[-45.845731993000044,-9.808565213999929],[-45.85314774599989,-9.837971676999954],[-45.851420828,-9.838812553999984],[-45.85610350900003,-9.842139255],[-45.855369993,-9.847918520999974],[-45.86029113300003,-9.852081157999956],[-45.86627766000002,-9.870719021999916],[-45.861564504999876,-9.874442858999918],[-45.86354697099986,-9.881421832999957],[-45.85981353599986,-9.884168641999944],[-45.858049962999964,-9.907514296999961],[-45.852554879000046,-9.915832523999965],[-45.852656962999966,-9.919796798999966],[-45.84649670799999,-9.924547039999984],[-45.84758282899997,-9.928439150999965],[-45.842286152000035,-9.941557877999971],[-45.84533021999993,-9.9433829609999],[-45.845392551000025,-9.949692475999969],[-45.849009805,-9.956292936999953],[-45.847014639999855,-9.962283235999989],[-45.85267872999999,-9.982169255999926],[-45.85703323500004,-9.984756150999916],[-45.854056317000015,-9.990076138999912],[-45.85481910099998,-9.996336504999912],[-45.866217070999895,-10.008506403999926],[-45.86587980699988,-10.014899709],[-45.871548224000016,-10.02637680399989],[-45.87232530599992,-10.03627832699989],[-45.87546858799994,-10.040282619],[-45.87699495200002,-10.050970868],[-45.87485413399999,-10.054966001999974],[-45.88019606300003,-10.058593978000038],[-45.87605250600002,-10.065656173000034],[-45.86993625199987,-10.069292033999863],[-45.870570487999856,-10.080186023999913],[-45.87444437200001,-10.085217777000041],[-45.873340868999925,-10.088623640000025],[-45.87843918699997,-10.103536845],[-45.877344511999986,-10.10658648],[-45.87854391799993,-10.110299336999981],[-45.882919535000035,-10.110542297999922],[-45.883012860999855,-10.11360305900004],[-45.88627505599994,-10.114062428999857],[-45.89774490199994,-10.136570916999974],[-45.900021346999914,-10.152768621999916],[-45.91350642500003,-10.158387064],[-45.91541046299992,-10.164164977999965],[-45.92426702199997,-10.171158082000018],[-45.931187393000044,-10.190825667999912],[-45.93831001499998,-10.190892262],[-45.945619009999966,-10.196442471000042],[-45.943917460000044,-10.201381188000022],[-45.94573167199996,-10.206820540000036],[-45.952362340999954,-10.213391655],[-45.956073529999976,-10.221077473999982],[-45.9499345409999,-10.234152147999984],[-45.946265268999966,-10.258549947999926],[-45.97394709100003,-10.248369918999975],[-45.99624805400003,-10.250314766000043],[-46.00297130799996,-10.261764701999907],[-46.006324314,-10.25962833699998],[-46.01772410699989,-10.240391918999878],[-46.01807936799998,-10.218742507999876],[-46.02322065800002,-10.183380770999959],[-46.03124746599998,-10.176110777],[-46.039006704,-10.176734155999975],[-46.058410616999936,-10.185563251999971],[-46.099725953999965,-10.212900487000029],[-46.13591297400004,-10.206354292999917],[-46.16330344199997,-10.213632627000033],[-46.17150216999986,-10.209163950999864],[-46.183196949,-10.19313155],[-46.191195471000015,-10.18758786699989],[-46.20200981099996,-10.174009091999922],[-46.210869045999964,-10.169734972000041],[-46.24083409699993,-10.171885765],[-46.273003128,-10.181615413],[-46.30144481799987,-10.178325888999959],[-46.31308180000003,-10.172823787],[-46.32752531099987,-10.183694439999977],[-46.34821182899996,-10.17309271900004],[-46.36788952999998,-10.16881414599988],[-46.379002738999866,-10.13012324100002],[-46.383969118,-10.120142426000031],[-46.39972656100002,-10.105774569999879],[-46.4206950079999,-10.080879244999894],[-46.44520039199987,-10.07738727099998],[-46.450978554999935,-10.058613217999943],[-46.45652934799993,-10.04992368699986],[-46.4570849849999,-10.01801737800003],[-46.47107767099992,-9.995075158999908],[-46.47758388800001,-9.988301375999972],[-46.47186562699992,-9.973654525999917],[-46.477008116999976,-9.952748926],[-46.465723733999866,-9.937057410999925],[-46.47020095100003,-9.92950334999991],[-46.47861145400003,-9.923868728],[-46.47422505,-9.901404613],[-46.47083987199987,-9.898047231999938],[-46.472899250999916,-9.877440286999947],[-46.48497557199991,-9.874524996999964],[-46.49164507400001,-9.870070051999955],[-46.490139230999944,-9.861150334999921],[-46.48125307100002,-9.85772290599993],[-46.48033354099988,-9.855255256999948],[-46.4960599,-9.84600642199995],[-46.493643888000015,-9.827424176999974],[-46.50195026599993,-9.820154149999924],[-46.50886998100004,-9.809262325999965],[-46.509448501999856,-9.80136666199993],[-46.514307652,-9.797751087999915],[-46.54238994699989,-9.810311846999939],[-46.56247810500003,-9.81068946899992],[-46.571592430999914,-9.808037151999935],[-46.577005774,-9.805178591999939],[-46.579664975999926,-9.796345491999967],[-46.570031462999985,-9.777498645999946],[-46.569341610000016,-9.76972414699999],[-46.575086459,-9.758575445999915],[-46.59613859399996,-9.747251273999977],[-46.623666606,-9.75021020799993],[-46.63222873199993,-9.74887687199992],[-46.64439361199988,-9.74033325499992],[-46.64741994199991,-9.73035040099994],[-46.64562029599986,-9.716587284],[-46.65333744199996,-9.693442106999958],[-46.65124981899998,-9.690044346999935],[-46.613057521999984,-9.665808211999957],[-46.606863878,-9.651887162],[-46.60611844099996,-9.63016340799989],[-46.591332181,-9.60534127700001],[-46.59238805799997,-9.587200512999969],[-46.589813799999874,-9.584537491999987],[-46.57930540900002,-9.584076848999887],[-46.536755466999985,-9.557109331999955],[-46.54047902899996,-9.5501623499999],[-46.55702053600002,-9.540765103999968],[-46.558036893,-9.534179905],[-46.56845295800003,-9.527131567],[-46.57568947499988,-9.517548889999913],[-46.57578187399998,-9.508250287999973],[-46.55919761599994,-9.49299255099991],[-46.56097594499991,-9.484032967999953],[-46.56400625,-9.480426543999984],[-46.573255582999856,-9.477761657999936],[-46.58317316099994,-9.47898625899992],[-46.5926609269999,-9.483459481999931],[-46.59537317099987,-9.481872179999959],[-46.60047951500004,-9.470455408],[-46.61345461599998,-9.465281768999942],[-46.627591400000014,-9.465722913999938],[-46.64000511300004,-9.457721147],[-46.64956435899997,-9.444091039999966],[-46.64792436699999,-9.427145042999927],[-46.64375686299996,-9.419613830999937],[-46.6327833789999,-9.411588342],[-46.643455224999954,-9.410287788999947],[-46.65158439899986,-9.406067217999967],[-46.665975707,-9.391918603999924],[-46.674923023,-9.390784732999988],[-46.70022756899992,-9.398969547999966],[-46.7233118679999,-9.3963645539999],[-46.737950230999964,-9.404852648000015],[-46.741035523999976,-9.412021958],[-46.74602828899999,-9.414393961999965],[-46.75431342799992,-9.413802931],[-46.76567749999996,-9.406330940999938],[-46.758674330999966,-9.381217506999937],[-46.768314995999965,-9.365504565999958],[-46.779671201999975,-9.358500826999913],[-46.783337700999944,-9.351088312999975],[-46.79917155099998,-9.338843225999957],[-46.809848038999974,-9.317789466999946],[-46.811062718999935,-9.306748910999938],[-46.818751652999914,-9.303437734999973],[-46.83531230099987,-9.308218568999946],[-46.84225665799988,-9.304445870999897],[-46.845142353,-9.299823975000018],[-46.847063197999944,-9.292422228],[-46.844644164999984,-9.284174078999927],[-46.832731162,-9.27959096799997],[-46.83175126299992,-9.268722415999983],[-46.82275994799992,-9.266324362999987],[-46.81894536999987,-9.260057259999963],[-46.82217657399997,-9.249936741999962],[-46.82889436599998,-9.240089781999947],[-46.826866582999976,-9.22332702499997],[-46.819613524,-9.211618535999941],[-46.82278368300002,-9.199044748],[-46.827812312999974,-9.194269214999926],[-46.831004760999974,-9.193470637999932],[-46.83928646099998,-9.197585258999938],[-46.85070516000001,-9.191839192999948],[-46.852367272999956,-9.186136140999965],[-46.84780963199997,-9.16801034899992],[-46.852032837,-9.161958976999893],[-46.85242026599999,-9.154449376999915],[-46.86111702199996,-9.146422799999973],[-46.870951335,-9.147010585000023],[-46.89167435699991,-9.140492489999927],[-46.88878259099992,-9.128705486999975],[-46.889921806000025,-9.124364689999906],[-46.895966378000026,-9.12253879],[-46.905649034000035,-9.131052248999902],[-46.906734698999976,-9.135488425999958],[-46.91028534600004,-9.13278644499995],[-46.91336102399997,-9.134342287999983],[-46.917676984000025,-9.132093030999952],[-46.92630867000003,-9.134943818999927],[-46.93180267299986,-9.128065679999972],[-46.931481667000035,-9.120788819999978],[-46.92619723199987,-9.117643058999933],[-46.93025659599992,-9.105980645999987],[-46.92355869499987,-9.097888955999986],[-46.92512165199996,-9.095271145999925],[-46.93058941000002,-9.095663639999982],[-46.92831108399998,-9.09257600699995],[-46.93153818199991,-9.085888053999922],[-46.92909550199987,-9.083337666999933],[-46.918974155999884,-9.087188401999954],[-46.912149417,-9.082724309999987],[-46.921624833,-9.06681290699993],[-46.94028832399986,-9.063741122999966],[-46.95420235099986,-9.069500099999958],[-46.96564296400001,-9.07860572899992],[-46.975926382,-9.081729536999925],[-46.98933771299987,-9.075171704],[-46.998702107000014,-9.076393996999974],[-47.00042443399997,-9.081478325000012],[-47.007341472999855,-9.082193415999937],[-47.01361636,-9.078084200000022],[-47.01042603,-9.074745909999946],[-47.01020590399998,-9.070299637999943],[-47.01686857699996,-9.071360606999976],[-47.018533551999965,-9.075618878999967],[-47.02356464199986,-9.07604555399992],[-47.034375071999925,-9.069463850999979],[-47.04567479699988,-9.068511124999931],[-47.048421899999894,-9.071309426],[-47.070551640000026,-9.061954214],[-47.06799136400002,-9.056012520999987],[-47.064143702999985,-9.056549823999946],[-47.05772741699997,-9.052954454],[-47.061732142000025,-9.04813292799995],[-47.05425448599994,-9.048164683],[-47.05203805899996,-9.038928291999968],[-47.05445434799996,-9.034384889999922],[-47.043483405000025,-9.026548976999946],[-47.04531036299993,-9.025539160999971],[-47.04400829100002,-9.022910123999958],[-47.04875887799989,-9.021805268000024],[-47.04725797099996,-9.016552660999919],[-47.05128431500003,-9.015545440999981],[-47.05648092900004,-9.018871512999935],[-47.05767260599996,-9.016595387999901],[-47.066798328999894,-9.01487903899991],[-47.06747748999987,-9.01038630199997],[-47.049150427999955,-9.005212748999922],[-47.04403298200002,-9.006866633999985],[-47.03661654300002,-8.999500121999946],[-47.03586388299992,-8.989814001],[-47.032423524000016,-8.986278614999962],[-47.035700435999985,-8.97894307599991],[-47.03178852899997,-8.979934579999968],[-47.031789476999954,-8.988366661999978],[-47.026402672000025,-8.990085393999989],[-47.021561477000034,-8.988640631999909],[-47.021561926999894,-8.980479877999967],[-47.01536968200002,-8.976316503999923],[-47.013178638999925,-8.966802216999989],[-47.018279637,-8.952935813999938],[-47.01301029500003,-8.952307457],[-47.01373545899999,-8.949493101000014],[-47.01125522199994,-8.946604361],[-46.99467716699997,-8.945526006999957],[-46.997060054000045,-8.93263446099992],[-46.99528252199996,-8.930574091999974],[-46.98392365199991,-8.931902465999928],[-46.98239030999996,-8.919971964999915],[-46.970288683,-8.914491676999978],[-46.97562199500003,-8.903036697999964],[-46.979121366999934,-8.901273627000014],[-46.9827878299999,-8.902939250999983],[-46.98639773699989,-8.89872471899997],[-46.984143788,-8.894858358999988],[-46.988945201,-8.892618515999937],[-46.98606880300003,-8.88839404199999],[-46.99181513500004,-8.883615930999975],[-46.99292192999996,-8.878889431999967],[-46.983118497,-8.873949684],[-46.98133771999991,-8.869445030999954],[-46.97214324399988,-8.866581317999975],[-46.96556206499998,-8.867667574999968],[-46.95972824400001,-8.875449834999946],[-46.949726631,-8.870154037999908],[-46.94155784399992,-8.859478975999943],[-46.930533473,-8.857281425999927],[-46.92492659099999,-8.859527918],[-46.92123661400003,-8.856228203999914],[-46.918146785,-8.856995046999947],[-46.91489556399993,-8.853058218999907],[-46.916034078999985,-8.850591524],[-46.9134513779999,-8.847826058999983],[-46.91831453399993,-8.84367629299991],[-46.918087257000046,-8.83969664299997],[-46.91428270200002,-8.83521998699994],[-46.909810190999984,-8.835276106999965],[-46.907285094000045,-8.828425204999954],[-46.91367684199999,-8.822819431999937],[-46.902806691999956,-8.814535924999964],[-46.90656121500001,-8.796556361999938],[-46.9026675649999,-8.790900785999975],[-46.905227663999895,-8.786424950000013],[-46.904230674,-8.778559912999937],[-46.90720386199998,-8.770096655000012],[-46.91128158199996,-8.768772429999958],[-46.90959158499992,-8.764532275999956],[-46.9173126169999,-8.76244099799994],[-46.917948311,-8.751285145999896],[-46.92486794000002,-8.744221192999932],[-46.92611363799988,-8.735326695999943],[-46.93128143899999,-8.726752412999891],[-46.92859765799989,-8.723421174999954],[-46.92256096900001,-8.727675390999964],[-46.917256992,-8.72611143199997],[-46.91403525499989,-8.72244441199996],[-46.91436854800002,-8.708583113999977],[-46.904533231999906,-8.70101245900001],[-46.90062022599988,-8.694451686999935],[-46.8907565489999,-8.691232764999965],[-46.88694928400002,-8.686489758999924],[-46.889173743000036,-8.669788541999976],[-46.896232316,-8.665262483999944],[-46.89569578200002,-8.659740821999959],[-46.90389479600002,-8.66171215699991],[-46.90261802899989,-8.653216679999984],[-46.906176435999974,-8.654341282999953],[-46.907870703,-8.651327044999954],[-46.91639414000002,-8.648406829999919],[-46.911695257,-8.639685945999906],[-46.91709464099989,-8.632911406999908],[-46.911893914,-8.626816724999939],[-46.91273293499996,-8.620736734999943],[-46.907256514,-8.619711011999895],[-46.90789666699993,-8.61401069399996],[-46.905034999999856,-8.616404101999928],[-46.90189860199996,-8.613188147999937],[-46.905367483,-8.608790878],[-46.898731718000036,-8.608157724999918],[-46.89778785499992,-8.605090593999895],[-46.903759996999966,-8.603018925],[-46.89772785199993,-8.601016469999953],[-46.90396284399996,-8.595767749999903],[-46.90978344499999,-8.598586571999897],[-46.91055903599986,-8.595590327999966],[-46.916280157,-8.594783773999934],[-46.91270058700004,-8.591844416],[-46.91381825199988,-8.586579048],[-46.90653597699997,-8.592658099999914],[-46.90318145199997,-8.593239429999963],[-46.903035185000036,-8.590710160999945],[-46.900615355999925,-8.592277908999987],[-46.89917408199987,-8.588402000999926],[-46.90225577300003,-8.586275502999927],[-46.900474744000014,-8.583318764999978],[-46.89756679200001,-8.583442442],[-46.897838291,-8.576737416999977],[-46.89358920199989,-8.578425232999917],[-46.893035701,-8.570553668999922],[-46.89048402799992,-8.570675795999902],[-46.889035922999916,-8.576941853999928],[-46.88334276699986,-8.566789189999932],[-46.88266959799994,-8.57096645499997],[-46.87876096199992,-8.572523016999975],[-46.876893380000034,-8.568956279],[-46.878673676999895,-8.565579247999919],[-46.87478598599993,-8.567524797999956],[-46.87692150199996,-8.563517058999912],[-46.872895535999916,-8.562753239999951],[-46.87545335799999,-8.55529877],[-46.86284313399987,-8.559086995],[-46.862421197999865,-8.55537002099995],[-46.85828926200002,-8.551536674999946],[-46.86012007399998,-8.545261904],[-46.85300031299993,-8.544626332999902],[-46.852087583999904,-8.537035133999924],[-46.846340779999856,-8.534937632000014],[-46.85083546599996,-8.525821041999945],[-46.843351758,-8.522853691999918],[-46.85045296600001,-8.519207042999907],[-46.85216234299996,-8.515911408999985],[-46.846927498,-8.510925673999933],[-46.85100346699991,-8.503715473999948],[-46.84634174000002,-8.501417379999962],[-46.847172342,-8.493449792000016],[-46.851038686999985,-8.489671953999986],[-46.848900159999964,-8.487976344999934],[-46.852249940000014,-8.481047965],[-46.851087272,-8.476157277],[-46.84112056000003,-8.473500032999956],[-46.84181421799996,-8.465888982999934],[-46.835132867000034,-8.469058331999976],[-46.83233075,-8.464954617999984],[-46.8284501049999,-8.472881661999951],[-46.823483302999904,-8.474496178999955],[-46.82078742899987,-8.465476687000015],[-46.81553276800004,-8.470355961999962],[-46.80989392399986,-8.461203042999907],[-46.800509499000015,-8.454093399999982],[-46.796563284999905,-8.446630813999986],[-46.80197635999997,-8.444005188],[-46.795480413999925,-8.42996895399992],[-46.799610437999874,-8.422719989999925],[-46.79872276899988,-8.412764819999927],[-46.806752817000024,-8.402378302999944],[-46.80683498099998,-8.398970711999906],[-46.80456022899988,-8.398374019999919],[-46.80262430100002,-8.40194001],[-46.79500162499993,-8.404858021999948],[-46.78701686499989,-8.399099250999972],[-46.785730262000016,-8.39536813299999],[-46.791726796000034,-8.386150132999967],[-46.786652107,-8.382237282999958],[-46.78653034099987,-8.37444450899991],[-46.78243366200002,-8.368083661999945],[-46.77689069099986,-8.368431856999978],[-46.771139804,-8.374409408999936],[-46.76121488099994,-8.378439988999917],[-46.75267159499997,-8.374138252999971],[-46.74700008500002,-8.374701630999956],[-46.7365292819999,-8.37921042399998],[-46.73436804599996,-8.385387840999956],[-46.72809885100003,-8.38638488899994],[-46.72396885299999,-8.370449942999889],[-46.712744895999904,-8.361384347999953],[-46.711476084,-8.354658088999953],[-46.702598769,-8.348165537999927],[-46.687104663999925,-8.34457166299993],[-46.680427307999885,-8.336762941999984],[-46.67308153799996,-8.33438257199994],[-46.662174435999894,-8.335016919999935],[-46.65520337599998,-8.329189700999981],[-46.646239232,-8.325738975999927],[-46.644496558999876,-8.322559626999945],[-46.63388658499996,-8.31835462000001],[-46.611720529000024,-8.327710990999934],[-46.60050987299998,-8.32525953499996],[-46.590621308999985,-8.327165314],[-46.57996139700003,-8.32202499099994],[-46.55963357400004,-8.322757850999915],[-46.55151047600002,-8.318632818999935],[-46.546887957,-8.318979792999956],[-46.53211096000001,-8.298935694],[-46.51941103500002,-8.29193195099995],[-46.51678804399997,-8.288137918999913],[-46.506868534,-8.26588473599996],[-46.509102388,-8.235597376999968],[-46.504134952999856,-8.227692112999938],[-46.50337958599989,-8.220976838999958],[-46.48916238800003,-8.207717475999951],[-46.48723976600002,-8.200858089999949],[-46.49351787299998,-8.190810303999926],[-46.51093262599991,-8.181368647999962],[-46.515222698999864,-8.172859281999953],[-46.51389515599989,-8.164658044999948],[-46.506296489,-8.155283905999974],[-46.50616330299991,-8.145355562999976],[-46.49081789399996,-8.118107537999927],[-46.48485711299997,-8.092948268999953],[-46.482561372,-8.08876679500001],[-46.46851236500003,-8.083691432],[-46.47099848200003,-8.077853837],[-46.46559317499999,-8.07192883699994],[-46.46899638400002,-8.062800141999935],[-46.47249078199996,-8.061409343999967],[-46.47503790900003,-8.053509409999934],[-46.47766240899993,-8.052416299999907],[-46.48003194699988,-8.042155028999984],[-46.47799246299998,-8.040084469],[-46.47637057499998,-8.01471646199998],[-46.478354564,-8.010453447999952],[-46.484741706000015,-8.006299376999968],[-46.485583138,-7.995575779999983],[-46.490516699,-7.989969071999978],[-46.48922130400002,-7.987504654],[-46.49550362199988,-7.983232865999954],[-46.50109692500002,-7.973290219999926],[-46.508268383,-7.970737682999937],[-46.510266378000026,-7.965830552999906],[-46.51943569699993,-7.958428161],[-46.52224396899994,-7.959834225999904],[-46.52674183999986,-7.956066275999982],[-46.52952871099996,-7.956879033],[-46.53118359199993,-7.95271957699992],[-46.53924640700003,-7.952536651999973],[-46.543938079,-7.949322894999986],[-46.54970438499997,-7.951119699999973],[-46.55177212,-7.944489640999938],[-46.55982175699998,-7.940880401],[-46.5642562529999,-7.930662332999924],[-46.56961979100003,-7.927560679999976],[-46.57466081599986,-7.920440889999922],[-46.57769704,-7.91116588999998],[-46.58754110800003,-7.905176203999906],[-46.59046474,-7.906696235],[-46.59419089100001,-7.902241694999931],[-46.59860772799989,-7.902703303999933],[-46.60916612299997,-7.892959180999989],[-46.61463379500002,-7.897129597],[-46.631075693,-7.899463925999958],[-46.64028346499998,-7.903491748999977],[-46.64208542700004,-7.907733512999934],[-46.649408083,-7.910020455999886],[-46.660084549,-7.901327414999956],[-46.66821861400004,-7.904931374999899],[-46.668103231,-7.912810423999892],[-46.67530235999986,-7.91460630399998],[-46.68424003399996,-7.912752160999956],[-46.69451302899988,-7.916797923999949],[-46.70753721899997,-7.909795212],[-46.70927998600001,-7.913484161999948],[-46.715527347,-7.912728878999895],[-46.721862785,-7.915860583999931],[-46.72551831200003,-7.923644265999938],[-46.72892533600002,-7.923594260999975],[-46.73359862299998,-7.919376438999956],[-46.734949260999905,-7.923904142999946],[-46.74299891099998,-7.923786823999921],[-46.74613335599998,-7.92738598599991],[-46.7562024069999,-7.922934813999946],[-46.760049626999894,-7.927676117999935],[-46.75904051599998,-7.930888949999934],[-46.76232462199992,-7.937893234999935],[-46.766447106999955,-7.939613096999951],[-46.767478801999964,-7.936083191],[-46.770609291,-7.937289907999931],[-46.77347583599994,-7.943386791],[-46.78097641699997,-7.944849369999949],[-46.78276697799997,-7.951640302999971],[-46.78617492300004,-7.952883950999931],[-46.78932611999991,-7.946928199999912],[-46.79255738400001,-7.953909005999924],[-46.79677564599998,-7.95497682],[-46.801416417,-7.954985414],[-46.79967028800003,-7.951854460999927],[-46.802354635,-7.950039126],[-46.80933831199999,-7.952477471999961],[-46.813901174000044,-7.951151451999936],[-46.83027097699993,-7.964222001999952],[-46.837808051000046,-7.959390071999925],[-46.84036072999996,-7.962521998999891],[-46.83908064699991,-7.964958069000014],[-46.842802239,-7.965467810999913],[-46.847179045000026,-7.959047052999965],[-46.85161259599986,-7.957812104000014],[-46.85980028799999,-7.960076681999981],[-46.86670172800001,-7.969505574999955],[-46.871596282999974,-7.961996300999916],[-46.869682093999955,-7.955780744999982],[-46.872832664999954,-7.955268991],[-46.88325737599999,-7.964248546999928],[-46.883830753,-7.973144402999941],[-46.88840110999997,-7.974544469999964],[-46.89604157400003,-7.986063121],[-46.90487210699997,-7.987098954],[-46.90921795,-7.980419516999968],[-46.917040667999956,-7.98148846399995],[-46.92193909199989,-7.985283382999972],[-46.92076325999986,-7.995536205],[-46.92499408499997,-7.99201461999994],[-46.94163672399996,-7.997907136999968],[-46.94769728499986,-8.007376452],[-46.95083131199991,-8.008399753999937],[-46.95369011299993,-8.0060516679999],[-46.953236838,-8.010636811999936],[-46.956912713999934,-8.016575350999952],[-46.953737115,-8.025957333999953],[-46.96618931099992,-8.033413508999951],[-46.96351025300003,-8.04021464799993],[-46.96730997399992,-8.039880733999924],[-46.97715760899999,-8.046314380999961],[-46.98039012600002,-8.044815808999958],[-46.98224731100003,-8.050433830999923],[-46.98937913200001,-8.047612743999919],[-46.996716881999895,-8.059907337999947],[-46.99524228500001,-8.062629322999923],[-46.997433620999956,-8.066583209999953],[-47.000385467999855,-8.067358807999911],[-47.003152276999984,-8.063881831999906],[-47.00032817399991,-8.059609363999895],[-47.002695351999925,-8.05772479499993],[-47.009384999,-8.062454449999931],[-47.01588337199998,-8.056528965999929],[-47.02020497199988,-8.060774776999954],[-47.025670799999865,-8.055734468],[-47.04558564599988,-8.05309070099993],[-47.04555136699997,-8.046259814999887],[-47.05138605799993,-8.045962815999916],[-47.05415176399997,-8.042389965999972],[-47.05148423499997,-8.034940822999934],[-47.05612275599998,-8.033501694999964],[-47.05985706299996,-8.027876604999948],[-47.0605434039999,-8.011685411999922],[-47.06244653799998,-8.004596147],[-47.06753595899991,-7.99805219599998],[-47.07050538899993,-7.998175317999953],[-47.071681085999955,-8.001067430999973],[-47.07507416100003,-8.000170208999988],[-47.07376850299992,-7.995366478999896],[-47.077085254999986,-7.995281646999983],[-47.08470446699989,-7.987703191],[-47.088086658000044,-7.990360123],[-47.107471991999944,-7.990323913999939],[-47.10572474199988,-7.98717691299988],[-47.099754514,-7.984688758999978],[-47.09885642500003,-7.979842837999948],[-47.10778589099989,-7.969412503999981],[-47.10326694,-7.967056870999942],[-47.10327257599994,-7.962050908],[-47.106010087000044,-7.960653389999914],[-47.103115573,-7.958786963999939],[-47.103637185,-7.95404267299997],[-47.10621624899987,-7.952164032999962],[-47.11375110999998,-7.958810646999945],[-47.117522363,-7.952230898999987],[-47.11440788899988,-7.943945055],[-47.10829027999988,-7.936886996999901],[-47.11767324199996,-7.939078],[-47.12208902299993,-7.930505072999969],[-47.12215371299986,-7.921829950999923],[-47.12716260199988,-7.924434689999968],[-47.13312206800003,-7.921749422999921],[-47.139013142999936,-7.925349832999926],[-47.14299711699988,-7.924769700999976],[-47.141544021,-7.919324101999978],[-47.14675822200003,-7.908950831999936],[-47.14401611399999,-7.904717273999948],[-47.14320409399986,-7.895178568999947],[-47.147084348000014,-7.896866329999972],[-47.15702778500002,-7.893772931999907],[-47.15766896199987,-7.889751607999893],[-47.16270587399998,-7.886927351999892],[-47.16519944699998,-7.879352012999982],[-47.17124684100003,-7.877153875],[-47.17654841099992,-7.871627478999896],[-47.17727962800003,-7.865589553999916],[-47.181339002,-7.861672487999913],[-47.17521763299986,-7.857901518999919],[-47.17572578299998,-7.855997523999944],[-47.180815149,-7.855052747999933],[-47.182993327,-7.858801096999921],[-47.187712746999956,-7.858661743999937],[-47.186733386000014,-7.855761007],[-47.189748414999904,-7.85030673699991],[-47.1873201769999,-7.8441417829999],[-47.18922425799997,-7.842266407999896],[-47.19864398299998,-7.849384982999938],[-47.2017656909999,-7.845099621000015],[-47.199057368,-7.843162225999942],[-47.20138638699996,-7.840014643999924],[-47.20966998499994,-7.839074398000021],[-47.20737567399991,-7.833777068999945],[-47.213646232999956,-7.833151053999929],[-47.21500005099988,-7.836099948999939],[-47.219186834,-7.830553345999933],[-47.222033946999936,-7.831535634999939],[-47.221171613,-7.829014668999987],[-47.22432294099997,-7.826314701999967],[-47.235475270999984,-7.823751765999917],[-47.23416832700003,-7.820418331999976],[-47.22980188299988,-7.818917336999951],[-47.230651012999886,-7.816243858],[-47.235302598,-7.819698981999965],[-47.240307246000015,-7.813803570999964],[-47.245505852,-7.815957055999975],[-47.247216185999946,-7.80887376800001],[-47.23575304399996,-7.804299714999916],[-47.24812773199987,-7.800402854999986],[-47.24077911099989,-7.794343371],[-47.248083057,-7.786642141999975],[-47.24579594800003,-7.781337853999945],[-47.25562819699998,-7.763656656999915],[-47.255095898,-7.762048877999936],[-47.25110905,-7.763277963999935],[-47.246592895999974,-7.758174389],[-47.25619362699996,-7.759202736],[-47.260305741000025,-7.754882345999922],[-47.26718057699997,-7.760668868999973],[-47.26789332999988,-7.755695436999963],[-47.26320393600001,-7.75200211899991],[-47.26069089899992,-7.742905716999912],[-47.26478326400004,-7.739923036999949],[-47.273993698999966,-7.745710084999955],[-47.27211340799991,-7.734872221999931],[-47.275024102000046,-7.730398937999913],[-47.28151429299987,-7.735300343999915],[-47.29380720300003,-7.72784953],[-47.297070022,-7.728252886999984],[-47.29772986599988,-7.733223595999947],[-47.305813405,-7.734806176999973],[-47.313950296,-7.730818067999953],[-47.31616738799987,-7.717509624999883],[-47.30626785000003,-7.71343788099996],[-47.316722899,-7.705047202999912],[-47.31727163300002,-7.702353861999908],[-47.311280553,-7.698356635999934],[-47.30890400800001,-7.702195776999973],[-47.303356595000025,-7.702656107999958],[-47.30298991899998,-7.690246373],[-47.33167109800003,-7.685440124999962],[-47.33468138499997,-7.679182168999896],[-47.33205728900001,-7.672739588999919],[-47.33874941300003,-7.666904067999988],[-47.336851945999975,-7.664020767999899],[-47.32988062600003,-7.662599794000011],[-47.320301137999856,-7.664253798999907],[-47.314932752999944,-7.660037884999957],[-47.32300065999993,-7.655917037999968],[-47.336988197999965,-7.636219836999933],[-47.34954559799998,-7.631368922000023],[-47.351997062999864,-7.622168337999932],[-47.35812518599994,-7.616024179999956],[-47.36733244699996,-7.618041634999903],[-47.37382897499996,-7.621735271999983],[-47.37413764099992,-7.624022796999983],[-47.366237116000015,-7.635474863999933],[-47.352561379999926,-7.641786305999984],[-47.353785043,-7.648131157999957],[-47.366001806,-7.655410582999897],[-47.38227884199993,-7.654598069],[-47.38696987799993,-7.646441584999961],[-47.38840706699992,-7.632468266999945],[-47.38329751399993,-7.619748179999883],[-47.38301801399998,-7.600389420999962],[-47.388807374999914,-7.59501056799998],[-47.40515675699997,-7.587196396999937],[-47.398958959,-7.575895809],[-47.399089264999944,-7.569127663],[-47.408687426999975,-7.562713839],[-47.42031242900003,-7.563151632999984],[-47.439974987000035,-7.555999808999944],[-47.426628990999966,-7.543400484999927],[-47.424149053999855,-7.536981708999965],[-47.42510861700003,-7.52855909799994],[-47.43917907199991,-7.520852859999946],[-47.46108946200001,-7.518363097],[-47.46363637299998,-7.519616135999938],[-47.46900000100003,-7.531685440999977],[-47.475122708,-7.533898582999951],[-47.48025344699989,-7.526002549999886],[-47.480507077,-7.491504675999947],[-47.49728166299998,-7.479477936999965],[-47.50152500499998,-7.439794891999903],[-47.51981313699996,-7.433990824],[-47.528491867000035,-7.433539708999978],[-47.55170512199994,-7.44119201799995],[-47.56283391799996,-7.450633546999904],[-47.584671768000014,-7.445323801999955],[-47.591569659,-7.440068348999969],[-47.58034355099992,-7.419202873],[-47.562928800999906,-7.406211047999919],[-47.54013039099987,-7.40037362899992],[-47.51217424800003,-7.387180109999943],[-47.492996178999874,-7.375874896999975],[-47.48349576000002,-7.365120561999935],[-47.478202423,-7.336753689999949],[-47.48291806799992,-7.322346719999936],[-47.499786362,-7.293858349999934],[-47.52434134099999,-7.277594675999951],[-47.52582008500004,-7.273580805999932],[-47.53182088399997,-7.269297632999923],[-47.54017677699989,-7.26579349699998],[-47.56544392699991,-7.266491840999941],[-47.59190311299988,-7.263995261999963],[-47.60737271399998,-7.272122227999952],[-47.62701108399994,-7.300823679999909],[-47.63412490000003,-7.304810812999937],[-47.64771214799999,-7.304122931999953],[-47.659736086,-7.288951868999956],[-47.683571771999894,-7.245867256999913],[-47.691009053000016,-7.238298501999926],[-47.707952409000015,-7.228652145999988],[-47.73506998399993,-7.218899832999988],[-47.74365253900004,-7.208329479999983],[-47.750449914999884,-7.189503936999949],[-47.74941268500004,-7.17269452700002],[-47.74512912599991,-7.162504783999975],[-47.727238392999865,-7.147284820999929],[-47.71065522,-7.13765275500002],[-47.70473425499993,-7.135859156999943],[-47.694062888,-7.136963918999958],[-47.6751860969999,-7.147712349999954],[-47.66037487400001,-7.151368062],[-47.653342048999875,-7.149777044],[-47.64445600199996,-7.143611558999937],[-47.627452687999885,-7.121581415999963],[-47.618429529,-7.091160423999928],[-47.606064394,-7.078720545999958],[-47.59723270299996,-7.063401018999934],[-47.57478200500001,-7.050337795],[-47.54829352699992,-7.01889361199994],[-47.535507368,-6.987480804],[-47.528869180999905,-6.97720692499992],[-47.53039911000001,-6.952450447999966],[-47.52607001099994,-6.936133608999936],[-47.507624603999915,-6.907190112999936],[-47.50615212100003,-6.901121721000011],[-47.504983433999875,-6.884805383999933],[-47.50703918799997,-6.872010107999956],[-47.51925818999996,-6.845024479999947],[-47.51937412099987,-6.838733892999934],[-47.51223860399994,-6.839491172999975],[-47.511029026000045,-6.84515416099993],[-47.50322209099989,-6.840640945999984],[-47.4998376139999,-6.841546242999926],[-47.494354647,-6.839006925999965],[-47.49129801699996,-6.841353377999956],[-47.491995623000044,-6.847539542999944],[-47.486188638999984,-6.84241507999996],[-47.483322891999926,-6.847348245000014],[-47.488417485999925,-6.851895283],[-47.47751285499997,-6.850549668999958],[-47.4763708569999,-6.853143646],[-47.4783857539999,-6.855871866999959],[-47.46940393499988,-6.863448332999963],[-47.459664824,-6.865977013999932],[-47.454914071000026,-6.875948059999911],[-47.43901484799991,-6.880988907],[-47.43083084599991,-6.890049804999895],[-47.427540125000036,-6.890153099],[-47.42466925,-6.894115588999946],[-47.420041549,-6.894052272999947],[-47.41704434499999,-6.899480963999967],[-47.39773169599988,-6.90715068799996],[-47.3875845909999,-6.924136120999976],[-47.38885705400003,-6.929370669],[-47.3815657339999,-6.931499632999945],[-47.37746536299992,-6.92929934999997],[-47.369383252,-6.932122343999954],[-47.36417357299998,-6.931136458999917],[-47.360229485999966,-6.934433442999951],[-47.350674452000035,-6.936055972999907],[-47.34246567799994,-6.940777321999932],[-47.34057844700002,-6.946245971999883],[-47.32880208099988,-6.949088988999926],[-47.32366136899997,-6.953447394999942],[-47.3127456019999,-6.950155911999919],[-47.307820417999885,-6.952964843999983],[-47.308367345000015,-6.955681646999975],[-47.29858566499998,-6.96629969999993],[-47.29111360199992,-6.966680380999986],[-47.289490154999974,-6.971670453999953],[-47.28105018500002,-6.974474958],[-47.281302603000036,-6.979474336999943],[-47.274423233999975,-6.984452689999917],[-47.24666692099997,-6.986850149999953],[-47.23827958399993,-6.981950011999968],[-47.22989947499996,-6.988526971999961],[-47.21610899199989,-6.989562217999908],[-47.20459406099997,-6.982346734000019],[-47.198500231,-6.98321504800001],[-47.188475192999896,-6.980436537999975],[-47.182017833000025,-6.988622825999898],[-47.167790986999904,-6.991579201],[-47.164788263999974,-6.996942776999956],[-47.15120514499991,-7.004427980999957],[-47.14261480100004,-6.994541109999926],[-47.135708567999984,-6.992956003999958],[-47.13048279299988,-6.998545411999953],[-47.133878852999935,-7.001313577999931],[-47.132467005,-7.004383812999945],[-47.126414372999875,-7.003957490999931],[-47.12549795399999,-7.008168921999954],[-47.107116134999984,-7.007950104999968],[-47.10380674199999,-7.014459154999938],[-47.093823166999954,-7.021108533999972],[-47.07987155399996,-7.016379312],[-47.072994377,-7.021242708999972],[-47.069873542999964,-7.019466846999941],[-47.06337760000002,-7.020659022],[-47.060954107999954,-7.026214978999975],[-47.05432625200002,-7.026956979],[-47.048205884999966,-7.021653490999943],[-47.042424699,-7.02280014899996],[-47.034653529999964,-7.017008233],[-47.02888431699992,-7.020443282],[-47.0171297969999,-7.019545304999949],[-47.01424783700001,-7.022318870999929],[-47.01018648299998,-7.018992038],[-47.00355557199996,-7.019516956999913],[-46.997227197000015,-7.015386351999916],[-46.99308243699991,-7.02490411799996],[-46.98325224799996,-7.022504175999896],[-46.985029416,-7.01574600799992],[-46.980620816999924,-7.011569334999931],[-46.974233168999874,-7.012594815999958],[-46.97711827699993,-7.017556767],[-46.96953095,-7.023637717999983],[-46.96252958999998,-7.023930239999939],[-46.961560982999956,-7.029982835999889],[-46.95344986700003,-7.031882348999937],[-46.950780941999916,-7.029282533999944],[-46.953091464000046,-7.023806622999925],[-46.9518638559999,-7.021785758999962],[-46.93892374800002,-7.017356939999982],[-46.93175438000004,-7.006458413999913],[-46.92472679199989,-7.001088450999956],[-46.92330971599988,-6.993530574999981],[-46.91956886599998,-6.989046297999942],[-46.919732649000025,-6.981085742999956],[-46.911788855999916,-6.970656564],[-46.910229544999865,-6.964894573000021],[-46.91091667199996,-6.949873040999962],[-46.915349086999974,-6.945327302999901],[-46.927170732000036,-6.940300227999981],[-46.92911089899999,-6.936991800999977],[-46.920316776999954,-6.924214446999973],[-46.92895307399989,-6.917913652],[-46.930615195000016,-6.906601950999943],[-46.929730352,-6.873036359999959],[-46.926309773999854,-6.863965838999971],[-46.92083312599986,-6.824825525999963],[-46.90781422299986,-6.805650559999973],[-46.89262169300004,-6.807303212999934],[-46.87863267899997,-6.769561765999939],[-46.86623107199988,-6.766206230999946],[-46.866643005000036,-6.756671561999924],[-46.85467004399988,-6.745552564],[-46.82585924200003,-6.741450308999949],[-46.815298851999955,-6.743755830999928],[-46.81191918400001,-6.740393498],[-46.812417599000035,-6.732325664999924],[-46.816414838000014,-6.723460793999988],[-46.82156063999999,-6.720361765],[-46.82936619399994,-6.72411764399989],[-46.8405049799999,-6.722484669999958],[-46.84120202600002,-6.717588758999967],[-46.835760113999974,-6.712477326999907],[-46.83728469499991,-6.705306021999943],[-46.858499653000024,-6.703058736999897],[-46.863254250999866,-6.692946892999903],[-46.874747129,-6.681526194999972],[-46.87659693200002,-6.677087566999981],[-46.86407041899999,-6.671191590000022],[-46.850212481000014,-6.670475519999926],[-46.83667543900003,-6.67418744099992],[-46.822438,-6.680421],[-46.816338556999916,-6.686325286999947],[-46.796644919,-6.692001157999901],[-46.734089161999975,-6.68300179699994],[-46.724069301999954,-6.688144699999939],[-46.72047083500002,-6.695573290999964],[-46.71565366799997,-6.698759136999951],[-46.7032254439999,-6.701704447999931],[-46.69111396200001,-6.699371840999931],[-46.67991174699986,-6.703368826999974],[-46.671853353999865,-6.712497400999969],[-46.657875356,-6.720329208999961],[-46.65035959800004,-6.729456708999956],[-46.64688829599997,-6.728280995999932],[-46.640397419,-6.718672365999919],[-46.62419927400001,-6.713450745999979],[-46.61437654999996,-6.70358739999994],[-46.60275885299998,-6.705999764999967],[-46.59293140899999,-6.715598567999966],[-46.586774368,-6.713902585999972],[-46.58175130799998,-6.705870941999966],[-46.575666770999874,-6.705957274999915],[-46.574244968,-6.70820323399994],[-46.576217230999944,-6.71875229299996],[-46.568883563999954,-6.721546052999924],[-46.55537171299993,-6.738015572999886],[-46.54035922199991,-6.742086843999947],[-46.52567681900002,-6.742858675999948],[-46.51852448300003,-6.750203019999931],[-46.517497014000014,-6.769844386999964],[-46.50912571999997,-6.777787275],[-46.500960587999934,-6.778321423999963],[-46.49680477099998,-6.786842077999929],[-46.495816266,-6.808107846999985],[-46.48098370700003,-6.816532435999908],[-46.476427525,-6.81674453599996],[-46.46625418999997,-6.811843954999937],[-46.464852346999976,-6.281620183999977],[-46.45633113299988,-6.283192200000017],[-46.45782661599998,-6.270843670999967],[-46.45096276299987,-6.267442584999935],[-46.062443585000025,-6.245805541999979]]]},"properties":{"agrupamento":"Balsas"}},{"type":"Feature","geometry":{"type":"Polygon","coordinates":[[[-42.53580403900004,-2.681343380999941],[-42.504244442999855,-2.678120777999933],[-42.49869453299993,-2.685446977000012],[-42.49386030499989,-2.704928827],[-42.48020484399997,-2.6992459209999],[-42.45027614499999,-2.708991933999911],[-42.42163350000001,-2.713917870999989],[-42.39673409599987,-2.711761419],[-42.382816384000016,-2.715482862999981],[-42.368697589999954,-2.714043568],[-42.364638758000034,-2.715639368999962],[-42.3614361849999,-2.729564481999898],[-42.35141727599987,-2.741052265999961],[-42.34010390700003,-2.748579726999907],[-42.30837898499993,-2.754248867999927],[-42.277717686,-2.752902314999979],[-42.26355578800001,-2.75790382],[-42.252630494999856,-2.73808915199993],[-42.26008601099989,-2.733517226999922],[-42.26272945900003,-2.72786130399993],[-42.258398154000034,-2.701431543],[-42.25999435300003,-2.690414711],[-42.25537246899998,-2.683078208999952],[-42.25691502999998,-2.675737963999953],[-42.23996740499998,-2.683398752999917],[-42.22948780199994,-2.696494721],[-42.21277127599996,-2.687125389999974],[-42.128354053999885,-2.695223736],[-42.094941612999875,-2.693436548999912],[-42.07015235799996,-2.68715206199996],[-42.05734382600004,-2.698630410999954],[-42.05506941099997,-2.70761718899994],[-42.04368448999998,-2.728490292999926],[-42.03135048999998,-2.739620681999906],[-42.01651169600003,-2.737577805999898],[-42.01631729000002,-2.729389220999963],[-42.02000782600002,-2.71652854],[-42.01885234599998,-2.713649469999986],[-42.01401602700004,-2.712643553999978],[-41.99376349799997,-2.72136059899994],[-41.98379009699989,-2.723177846999931],[-41.96090713099987,-2.718733084999965],[-41.91027792099989,-2.718943811],[-41.83407034999989,-2.72404231799996],[-41.808140258,-2.729690877999964],[-41.80434931699986,-2.732387757],[-41.80410655600002,-2.735659289999965],[-41.824768933999984,-2.746683998],[-41.82967266399991,-2.753873390999946],[-41.826010208000014,-2.757267446999929],[-41.84106855600001,-2.768062366999953],[-41.84751857099998,-2.775578580999944],[-41.848642436999974,-2.783875644999974],[-41.84513085899986,-2.813935494999971],[-41.866037934,-2.869966406999964],[-41.86344696200002,-2.878121201999946],[-41.84920144599987,-2.892160614000012],[-41.83513584600003,-2.915060762999939],[-41.806277561999885,-2.938336600999953],[-41.79826390599986,-2.950097221999943],[-41.796309355999874,-2.959564186999959],[-41.81004007099989,-2.980205793999975],[-41.82284526499998,-3.017941731999958],[-41.837452637999874,-3.028319238999906],[-41.849277665999956,-3.042421051999984],[-41.86447429399993,-3.052179984],[-41.876393478,-3.072298723999918],[-41.89569823299997,-3.093947207999932],[-41.914608506,-3.100534178999954],[-41.92335511800001,-3.110097411999941],[-41.92535853200004,-3.11507416299996],[-41.925083764999954,-3.139373874999958],[-41.939968795,-3.156936479999946],[-41.940623564,-3.163904907],[-41.9355611669999,-3.183553804999946],[-41.940129052000025,-3.182560098999971],[-41.94697990799994,-3.173893111999977],[-41.954341241,-3.176820157999956],[-41.97255044100002,-3.19327993099991],[-41.972707511000046,-3.206212801999904],[-41.981649577999974,-3.218994985999952],[-41.997921208,-3.238607032999958],[-42.01277578899992,-3.248071417999938],[-42.04013949200003,-3.246949356],[-42.055287255999964,-3.25290114699996],[-42.063207143999875,-3.261986296],[-42.06897231400002,-3.264356461],[-42.11012117000004,-3.261693152999907],[-42.12662582499998,-3.269699910999986],[-42.13029311899992,-3.278122688999936],[-42.12509035400003,-3.288644916999957],[-42.097153885999866,-3.29387004399992],[-42.09599034999996,-3.299802007999926],[-42.09938322999994,-3.315313790999959],[-42.102597391000046,-3.318368510999932],[-42.12030673999992,-3.310537355999905],[-42.125434438,-3.313085837999914],[-42.12758604700002,-3.319827662999959],[-42.12208400799989,-3.330759016999902],[-42.12198628099997,-3.341442044],[-42.12579765399993,-3.346417661],[-42.14059675799997,-3.348317391999984],[-42.145682135,-3.354415211999946],[-42.14617384000002,-3.373246531999925],[-42.150669305,-3.386611912],[-42.156142045000024,-3.39222141399997],[-42.166003328999984,-3.396278438999918],[-42.185313706999985,-3.393733534999939],[-42.191030765999976,-3.395343209999986],[-42.19474441200002,-3.399391773999945],[-42.20173192899988,-3.431340686999924],[-42.20673638699997,-3.432318592999923],[-42.219615649999966,-3.427575672999978],[-42.232410348999984,-3.428420232999958],[-42.24707749299986,-3.432560089999921],[-42.29526558100001,-3.454051413999899],[-42.307082184000016,-3.447485456999928],[-42.31669873599997,-3.434170298999923],[-42.331422850000024,-3.433525890999896],[-42.344509274000025,-3.444780218999917],[-42.35584821100003,-3.450655847999968],[-42.37060506499986,-3.453084759999943],[-42.38323892199998,-3.447281366999917],[-42.387466095999976,-3.447515137999986],[-42.39260460099997,-3.465307679],[-42.39992331699987,-3.474750472999962],[-42.40373469,-3.475823498999927],[-42.411910958,-3.47379053999994],[-42.41204152799996,-3.461337548999951],[-42.41409380600003,-3.457728221],[-42.418981007999925,-3.453582206999979],[-42.425517684999875,-3.453676502999965],[-42.43422567299997,-3.460215731999946],[-42.448244847999874,-3.478335273],[-42.461256524,-3.484602896999985],[-42.48015760199997,-3.481091061999938],[-42.48732560600002,-3.477109874999958],[-42.48830754599991,-3.46922551399997],[-42.48317796100003,-3.455874775999952],[-42.484691542000036,-3.447283030999966],[-42.49454471600003,-3.445240549],[-42.50331902200002,-3.450607072999929],[-42.50920816799986,-3.476593270999936],[-42.51503630299989,-3.482349476999965],[-42.526969079,-3.485626995999987],[-42.530968520999984,-3.489085786],[-42.532024153000016,-3.495684092999981],[-42.52874928700004,-3.506669568999961],[-42.5302429509999,-3.511427748999925],[-42.55401503400003,-3.538072022999935],[-42.56515203000002,-3.567387101999949],[-42.57089759499997,-3.57170800599997],[-42.61177012500004,-3.587140712999944],[-42.615705657999975,-3.592532064999983],[-42.61882505999988,-3.620656745999914],[-42.62347499500004,-3.626668836999976],[-42.64331371699997,-3.637953742999952],[-42.675075119999974,-3.672653905999931],[-42.68316850699994,-3.692940504999972],[-42.683284231,-3.700058516999968],[-42.670170716,-3.727098379999934],[-42.668625103999915,-3.737409342999972],[-42.670677382,-3.743943136999946],[-42.681613668,-3.757283507999905],[-42.68403598899986,-3.765221432999973],[-42.67947203099989,-3.779049626999972],[-42.671361474000015,-3.787337986],[-42.67145920199993,-3.791628595],[-42.68742557600001,-3.808295721999962],[-42.69080924900002,-3.819322011999945],[-42.714752487999924,-3.863395604999927],[-42.72169341900001,-3.884370343999973],[-43.017341659000024,-3.738405466999969],[-43.00844846699987,-3.728059512999967],[-43.01167955499987,-3.720772784999956],[-43.00980478600001,-3.713666192999928],[-43.01216937599999,-3.711929771999963],[-43.01120258399993,-3.707371400999922],[-43.013403032000014,-3.706630925999939],[-43.01363438199997,-3.699436541999931],[-43.016237937,-3.696140003999933],[-43.014791155000026,-3.689496415999934],[-43.01237055400003,-3.688327652999953],[-43.01524476599999,-3.684550922999926],[-43.01210335299986,-3.680482793999947],[-43.00832053100004,-3.679753563999918],[-43.00492216499996,-3.669633387999945],[-42.997820091999955,-3.660207945],[-42.99307612400001,-3.643333325999905],[-42.988805656,-3.639609511999905],[-42.98441036400003,-3.630141642],[-42.983292537,-3.61691525199996],[-42.984030529999956,-3.612756465999941],[-42.988523339999986,-3.61318309999998],[-42.99054905,-3.606959270999984],[-42.99472457299998,-3.604599766999979],[-42.994382928999954,-3.599157589],[-42.99972371299999,-3.597706322999913],[-42.997347342999916,-3.597246164999942],[-42.99586658199997,-3.590692826999949],[-43.00172538199996,-3.588246522999957],[-42.999650725999985,-3.574460189999958],[-43.0050373289999,-3.569202408999957],[-42.99556689400004,-3.565487290999966],[-42.984302339999886,-3.545919554999984],[-42.978652926999985,-3.548939759999944],[-42.97557726999997,-3.545488585999942],[-42.975744902999985,-3.535236357999968],[-42.983306511,-3.528438845999934],[-42.98079584100001,-3.522015466999947],[-42.985169309999854,-3.509377263],[-42.988063939,-3.50590035999991],[-42.99438628699988,-3.505891853],[-42.996330718,-3.503522459999982],[-42.99345442099996,-3.500340860999903],[-42.98336492899986,-3.499252523999915],[-42.976584552,-3.489076845999969],[-42.96969259899997,-3.485799047999923],[-42.98803961600002,-3.470858131999962],[-42.977848524000045,-3.457892488],[-42.978862125999974,-3.446908231999952],[-42.9723574,-3.435852681999947],[-42.97566844599987,-3.429978277],[-42.965526485999874,-3.421905455999958],[-43.12922045899997,-3.478495873999973],[-43.13360983699988,-3.468544434999928],[-43.16301226500001,-3.433143738999984],[-43.16078431399997,-3.36285283199997],[-43.159761954000025,-3.359168689999965],[-43.145621831999975,-3.353309655999954],[-43.134408927,-3.342094310999961],[-43.126530024000026,-3.339642143999928],[-43.12755869299996,-3.324578949999886],[-43.13471636299986,-3.292623396999979],[-43.13180928000003,-3.288145769999957],[-43.130858915,-3.271726850999919],[-43.12615589999998,-3.262079641],[-43.12075805699993,-3.258289665999943],[-43.119483246999884,-3.253397152999966],[-43.11194520500004,-3.244384733999901],[-43.08682461699989,-3.244156665999949],[-43.08662351899986,-3.217899791000018],[-43.03058054799993,-3.172598177999948],[-43.03389523999992,-3.169317179],[-43.039335367,-3.168827059999941],[-43.04308860600004,-3.163012493999968],[-43.04139743199991,-3.145961500999945],[-43.04408617399998,-3.138566523999948],[-43.041145484000026,-3.130293062999918],[-42.82475544399991,-3.21612937],[-42.79848324099996,-3.148674617999987],[-42.7712566609999,-3.136719813999918],[-42.763161839,-3.123306509999964],[-42.763746479999966,-3.090049801999957],[-42.76181353899991,-3.079856288999956],[-42.76408948200002,-3.073087001999948],[-42.75432835002966,-3.045372453766522],[-42.75613451892704,-3.036788288471222],[-42.76238355888134,-3.029700122412855],[-42.76178232416412,-3.022291303185849],[-42.7767707517448,-3.002497882097384],[-42.77714385431773,-2.99209500747974],[-42.772808514717525,-2.986605240820879],[-42.76840184995448,-2.967825942595876],[-42.765484985666326,-2.965919715329974],[-42.76280023991004,-2.956659067551666],[-42.76450966547176,-2.95270255804942],[-42.76000341575857,-2.941686537554595],[-42.76032045626521,-2.932264547764447],[-42.75302609197636,-2.921465547047948],[-42.75520782507312,-2.91535842684107],[-42.75108753454018,-2.909759219777381],[-42.750331699716384,-2.902564124769231],[-42.74342466018291,-2.901074071363325],[-42.7417767313846,-2.904164188054299],[-42.73853597867068,-2.903196152416427],[-42.738355445948756,-2.908243879215551],[-42.735459186087304,-2.906300525659518],[-42.73375573687966,-2.900252523912457],[-42.72444829162132,-2.898665847047006],[-42.724858155202085,-2.894699737082025],[-42.71523841650838,-2.88808807116709],[-42.71550680043226,-2.87863202408742],[-42.71223421484707,-2.876517341138669],[-42.641502073,-2.625325207999936],[-42.62100921800003,-2.645080068999945],[-42.58735539500003,-2.669004303999962],[-42.56267564500003,-2.678419985999909],[-42.53580403900004,-2.681343380999941]]]},"properties":{"agrupamento":"Buriti dos Lopes (PI)"}},{"type":"Feature","geometry":{"type":"Polygon","coordinates":[[[-43.992763791999906,-3.842436085999986],[-43.938070304999904,-4.000469247999946],[-43.92647583699989,-3.995623624999941],[-43.912507830999964,-3.979709950999962],[-43.90315141100003,-3.97866711999992],[-43.895022878,-3.967479157999972],[-43.72934571699987,-3.935116827999892],[-43.722949091999965,-3.946183364],[-43.71842570299998,-3.94648418299994],[-43.70714395499991,-3.957844426999931],[-43.70329076000004,-3.96950246499996],[-43.689512321999985,-3.972395315999951],[-43.687924255000034,-3.976086871999947],[-43.67947700199993,-3.980324643999929],[-43.676925615999856,-3.987911785999928],[-43.67255890699986,-3.98683430499995],[-43.669913,-3.994826729999908],[-43.65993264799992,-4.00132174299996],[-43.655567629999986,-4.007633545999952],[-43.645982977999914,-4.006271774999989],[-43.63761458700002,-4.015766728999922],[-43.633355066000014,-4.016099593000019],[-43.623843884999985,-4.030890562999919],[-43.61462723899999,-4.030739009999903],[-43.61006419599991,-4.041088029999981],[-43.60217251400003,-4.043712701999898],[-43.601233876,-4.046452744999947],[-43.599255904999936,-4.05846291799998],[-43.601311266,-4.074302940999904],[-43.59793966699992,-4.081405283999936],[-43.60095567399998,-4.093323359999897],[-43.59455521300002,-4.104919708999973],[-43.605623984999966,-4.125108451],[-43.601309264000015,-4.132388614],[-43.594781992999955,-4.136263470999975],[-43.588305582000025,-4.146774982999909],[-43.587931397999974,-4.158563864999928],[-43.598347272999895,-4.183460287999915],[-43.595194636,-4.18777240699992],[-43.596771050999955,-4.19781037699993],[-43.593336439,-4.200894385999928],[-43.594838866000046,-4.207151900999958],[-43.5994529879999,-4.209623757999933],[-43.602316652999875,-4.215061232999969],[-43.60256120799986,-4.219051353999888],[-43.59456905699992,-4.228417811999937],[-43.515687818999865,-4.186746890999889],[-43.50038217299992,-4.190182697999952],[-43.429243471999925,-4.223322443999963],[-43.208812040999916,-4.018405837999969],[-43.180503135000016,-4.026604003999986],[-43.17388904099988,-4.032934327999912],[-43.16878259399988,-4.040990952999942],[-43.16906331300002,-4.044968033999937],[-43.16231394599997,-4.060550330999942],[-43.13966812400003,-4.078687345999939],[-43.13481618100004,-4.097795554],[-43.13547832500002,-4.103980637],[-43.12731095299989,-4.115667294999988],[-43.12064388199999,-4.115799804999939],[-43.11600273499994,-4.119257076999912],[-43.09811236699992,-4.108941869999968],[-43.09292042700004,-4.108570027999932],[-43.0848624509999,-4.103088488999981],[-43.08075258900002,-4.087592732999942],[-43.06928393399994,-4.08912752000001],[-43.065671263999896,-4.083348323999943],[-43.06100084,-4.084300042999907],[-43.055169888,-4.091779344999954],[-43.059840027999876,-4.118900012999945],[-43.048257583999884,-4.151971183999966],[-43.045748920999976,-4.16570246699994],[-43.043144486000045,-4.171573873999908],[-43.03215425100002,-4.180025364999925],[-43.022164619000016,-4.181234226999938],[-43.000272944000045,-4.174961369999971],[-42.94275508200003,-4.167263520999961],[-42.954478068999926,-4.18568561499992],[-42.98116890099988,-4.210443741999922],[-42.98643496400003,-4.220480504],[-42.98741223899998,-4.228374924999941],[-42.98477359699997,-4.28353616499992],[-42.98145086100003,-4.300103252999961],[-42.977346305999966,-4.308776467999938],[-42.96532582199997,-4.322127177999953],[-42.96327354499989,-4.328656271999894],[-42.96288263499997,-4.376112316999966],[-42.95340306599998,-4.385174423999968],[-42.936379385,-4.382171634999939],[-42.927212094,-4.385174423999968],[-42.896623383000026,-4.402226476999989],[-42.88000970699986,-4.415867838999895],[-42.87108541799998,-4.430021163999883],[-42.87766424599986,-4.450165008999925],[-42.877999777,-4.459604116999945],[-42.87555267100003,-4.46294761199992],[-42.853597578999874,-4.474322196999943],[-42.85039827100002,-4.484460581999913],[-42.85216977900004,-4.505970853999949],[-42.87277787100004,-4.530640142999972],[-42.87508760700001,-4.53651714999996],[-42.8665233099999,-4.566295762999958],[-42.87297332599996,-4.581687531999919],[-42.916168884999855,-4.651433408999957],[-42.94854262499999,-4.674915508999985],[-42.95291442899996,-4.682894727],[-42.95178312799988,-4.693067690999905],[-42.947048203999884,-4.703019111999947],[-42.924671178,-4.719127059999924],[-42.920859806000024,-4.732080634999943],[-42.92183708099997,-4.742501756999947],[-42.926234818999866,-4.750682713999962],[-42.94187121999991,-4.758571401999952],[-42.948994809999924,-4.766424788999953],[-42.95035730300003,-4.775214102999944],[-42.94793032599986,-4.788567067999968],[-42.938646211999966,-4.809212671999959],[-42.93033937400002,-4.817879742999961],[-42.903366580999915,-4.835992592],[-42.89740520299988,-4.842614372999972],[-42.893300648,-4.862771453999955],[-42.89486428799996,-4.883122677999926],[-42.889841310999934,-4.894711952999949],[-43.03907074199996,-4.927384138],[-43.043341378,-5.075579718999919],[-43.045344487,-5.077647986999986],[-43.05206905900003,-5.081002955999932],[-43.06329128599997,-5.081059311999977],[-43.086516785,-5.074905061999964],[-43.09520120199993,-5.068240401999909],[-43.09775534099996,-5.070438785],[-43.11106938199996,-5.071506180999937],[-43.117372014,-5.078305369999932],[-43.1243140019999,-5.080276852999895],[-43.13242389099999,-5.086673179999953],[-43.13236453499996,-5.107218204999971],[-43.14257226799998,-5.115664081999967],[-43.205956521,-5.143160263999943],[-43.229085498000025,-5.143224958999967],[-43.228976922,-5.182330881999971],[-43.2658626419999,-5.206072437999972],[-43.35207743199994,-5.191579651999963],[-43.451030507000034,-5.223663083999971],[-43.44932350999993,-5.2276148],[-43.45070432699996,-5.233659582999924],[-43.442447737999906,-5.251973305999976],[-43.44241941399996,-5.26004725999993],[-43.43658701399993,-5.273706366999972],[-43.44673254199987,-5.282320282999927],[-43.447422479000025,-5.288399081],[-43.465339877999966,-5.278875932999957],[-43.473120131999956,-5.269455162999944],[-43.528578452,-5.227181933999977],[-43.567024946999894,-5.230192187999912],[-43.700926685999924,-5.298444133999976],[-43.713501972,-5.311653223999909],[-43.74040685599989,-5.308728413999938],[-43.81186208999997,-5.289896238999977],[-43.816726145999986,-5.284619214999982],[-43.82270409699998,-5.287976383999934],[-43.82489683499986,-5.293316812999934],[-43.830814658999856,-5.291683277999955],[-43.83717408399997,-5.297515921999914],[-43.839842633999965,-5.296334688999967],[-43.844455187999955,-5.299660231999966],[-43.84920481400001,-5.298178639999947],[-43.85254019699994,-5.30164389499996],[-43.856344119,-5.301866498],[-43.85948461399987,-5.308504182999948],[-43.865927222000025,-5.314335151999946],[-43.865459176999934,-5.31759753999996],[-43.86879092,-5.318061074999943],[-43.86825641500001,-5.320866467999982],[-43.90903706900003,-5.318932611999935],[-43.91542873599997,-5.324155012999939],[-43.95179042500002,-5.331869711000011],[-44.000760776999975,-5.314070366999975],[-44.012280824000044,-5.312151586999932],[-44.043313533999886,-5.316686880999929],[-44.051392060999866,-5.33034074499998],[-44.095126909999976,-5.349442928999989],[-44.130877296999984,-5.229729495999909],[-44.306792050000034,-5.331268247999984],[-44.346190867000026,-5.277687163999919],[-44.358260475,-5.277305653999972],[-44.35889814099992,-5.253020376999925],[-44.36237233499996,-5.250280756999911],[-44.36979163900001,-5.223666465999895],[-44.361427315999926,-5.220248233999954],[-44.36045928600004,-5.210935667999924],[-44.34094668599991,-5.195965994999981],[-44.35942168799989,-5.183417661999919],[-44.3621225809999,-5.175480827999942],[-44.34457835599992,-5.162488229999981],[-44.348816182,-5.138534411],[-44.35412047900003,-5.135654574999934],[-44.364293209,-5.143400691999941],[-44.36862213799997,-5.137505182999932],[-44.35482734699998,-5.12555764499993],[-44.31244804900003,-5.024118353999914],[-44.30660348899989,-4.911701740999971],[-44.357927250999964,-4.894959747999935],[-44.35894572000004,-4.905951402999983],[-44.375346497,-4.915002736999981],[-44.380759327000035,-4.928757001],[-44.398755673000025,-4.942886767999895],[-44.41330524099994,-4.950773867999932],[-44.41170506199997,-4.975747054999965],[-44.51415721500003,-4.975933692999953],[-44.638638745,-4.862501202999977],[-44.645672569999874,-4.851850060999948],[-44.643529827000044,-4.848835360999911],[-44.64888738600004,-4.845375984999941],[-44.641305562000035,-4.841362469999951],[-44.644495317999905,-4.835055850999944],[-44.641623240999856,-4.824467452999955],[-44.64202934099997,-4.817908685999957],[-44.645559730999864,-4.816546464999957],[-44.64388942200004,-4.813124271999954],[-44.63370328100003,-4.815824995999948],[-44.62890839699996,-4.808206948999968],[-44.62646098999988,-4.810536949999929],[-44.62150719599998,-4.809537946999961],[-44.61454576399997,-4.802978621999917],[-44.60956264199996,-4.801887355999953],[-44.607213494000014,-4.79591916799997],[-44.60439610799987,-4.796382466999934],[-44.601983177999976,-4.792031428],[-44.60356848899987,-4.783422567999925],[-44.592053604999876,-4.779998751999966],[-44.589450585999884,-4.784409232999939],[-44.58682067499998,-4.782262257999933],[-44.585580624999956,-4.78412741299998],[-44.583909586999894,-4.782137120999971],[-44.58199102699996,-4.783192617999906],[-44.577134622999864,-4.776383383999968],[-44.57921265399994,-4.76858309999992],[-44.57519463999993,-4.767301389999919],[-44.57396697899996,-4.771693083999936],[-44.56965273999996,-4.767545372999945],[-44.5755431869999,-4.75529006799997],[-44.569509449,-4.745875421999931],[-44.57194540599994,-4.742118857999974],[-44.575454114,-4.741832274999976],[-44.573757850999975,-4.738133801999941],[-44.57862202,-4.737088160999932],[-44.582839441,-4.730911130999989],[-44.586483694999984,-4.732731321999958],[-44.58843555899992,-4.727607677999953],[-44.587684246000016,-4.724865773999928],[-44.582552858,-4.72373106000001],[-44.583296424999965,-4.721229265999956],[-44.58711882499986,-4.720295934],[-44.585833073999886,-4.716740752999923],[-44.58234760199998,-4.713301753999951],[-44.57827347300003,-4.713363717999926],[-44.57593627099992,-4.708561512999961],[-44.579814826000025,-4.702003016999897],[-44.58914427199994,-4.699282412999946],[-44.59094897099987,-4.69034798799994],[-44.58538189900003,-4.681717572999951],[-44.582394075,-4.680639012999973],[-44.58040348399988,-4.684424622999935],[-44.578738202999936,-4.680865568999889],[-44.587016197999986,-4.674349673999886],[-44.59487787199996,-4.671902097999966],[-44.595036654999866,-4.669861160999941],[-44.59179903900004,-4.669030456999953],[-44.596658367000025,-4.660836693999944],[-44.59358227399997,-4.659177617999895],[-44.64483306699996,-4.648451828999907],[-44.66418261,-4.657101237999957],[-44.6914834469999,-4.658818716999954],[-44.72526649299993,-4.650744905999923],[-44.74760102999986,-4.603898782999956],[-44.74765274599997,-4.454680941999919],[-44.60019099700001,-4.452130648999938],[-44.59895985600002,-4.450531163999934],[-44.590211345999855,-4.454454222999989],[-44.58614749299988,-4.46048416699993],[-44.582957342999975,-4.4590303429999],[-44.578643837999856,-4.462459366999934],[-44.577544045999986,-4.468863869999958],[-44.579759699,-4.472445208999983],[-44.57736650700004,-4.475296113999968],[-44.430799536999956,-4.480809814999916],[-44.423637321999855,-4.415347987999959],[-44.39585753499986,-4.318076114999966],[-44.40670560599993,-4.321276062999964],[-44.47309996399996,-4.304861943999968],[-44.476936483000046,-4.278890754999961],[-44.505743661999865,-4.279088623999901],[-44.50013767900001,-4.255313601999974],[-44.49754918699989,-4.257882981999935],[-44.49492939999993,-4.256462444],[-44.47990351799996,-4.234055006999978],[-44.486787981,-4.129702899999917],[-44.48681255199989,-4.091342842999986],[-44.57794922999994,-4.092725479999989],[-44.57307927499988,-4.114552548999947],[-44.633114217999875,-4.114582511999939],[-44.63395973300002,-4.110231516999915],[-44.62883622700003,-4.112283058999929],[-44.62690295999994,-4.110069467999918],[-44.62688112199991,-4.106655608999984],[-44.63304089799993,-4.103411246999952],[-44.629583518999866,-4.102480232999924],[-44.629404655999984,-4.093502544999979],[-44.65949733799986,-4.093955110999944],[-44.68371842900001,-4.07573679699997],[-44.685257459999896,-4.082896286999934],[-44.698843209,-4.094545625999953],[-44.75341549099992,-4.095384164999968],[-44.75848363900004,-4.091166693999978],[-44.7548118449999,-4.090782340999973],[-44.752457549999974,-4.086000430999911],[-44.75671916099997,-4.074352203999983],[-44.75319999000003,-4.071428167999987],[-44.7445281729999,-4.077267643999979],[-44.737327896999936,-4.067337602999928],[-44.74252969299992,-4.066996721999968],[-44.746912135999885,-4.061208001999913],[-44.73918234299999,-4.054590391999931],[-44.73353230899986,-4.054386986999888],[-44.735952328999986,-4.049814621999933],[-44.733469509,-4.046542075999967],[-44.73720777499986,-4.043699440999956],[-44.74026059800003,-4.035978664],[-44.73671329899998,-4.031541503999954],[-44.73829808700001,-4.027635763],[-44.73644883399986,-4.025297758999909],[-44.73533766299993,-4.029346815999909],[-44.731732424999976,-4.030390969999972],[-44.729179927999986,-4.036329066999952],[-44.72422515499992,-4.039709422999956],[-44.71932328499997,-4.030325327999958],[-44.71402749200002,-4.026831902999924],[-44.70658876199996,-4.030110287999929],[-44.704524956999904,-4.026753010999969],[-44.70008589799988,-4.027743355999932],[-44.681258835999984,-4.018216633999946],[-44.66866489599988,-4.015893918999965],[-44.65038261000003,-4.014767603999943],[-44.64717092099986,-4.018857109999915],[-44.64132160500003,-4.020035331999968],[-44.64321268,-4.025407148999901],[-44.637082586000034,-4.023683041999978],[-44.635170369,-4.026994378999956],[-44.626596880000015,-4.028153156],[-44.626537965000026,-4.03181898699991],[-44.61706252700002,-4.025296612],[-44.617707223999986,-4.022259599999885],[-44.6301700509999,-4.018726877999975],[-44.631692724999944,-4.013307613999936],[-44.63593540799997,-4.009752807999974],[-44.631651013999864,-4.004532625999976],[-44.63650868199989,-3.9990785709999],[-44.634311488,-3.996073011999909],[-44.63680494899998,-3.995466303999891],[-44.632625216,-3.993914705999942],[-44.6377765939999,-3.990256045],[-44.63827234799989,-3.985225180999948],[-44.63537189899989,-3.981142972999959],[-44.629953327,-3.982962804999898],[-44.62716117399999,-3.980429043999952],[-44.630526597,-3.977332884999925],[-44.630861095999876,-3.96204435799998],[-44.63807307000001,-3.949305512999964],[-44.636172389000045,-3.945404070999921],[-44.63841736299999,-3.942450623999979],[-44.632009563999866,-3.93421164599996],[-44.62208130999988,-3.930924310000013],[-44.623163809999916,-3.927044313999969],[-44.626829409999985,-3.927721049999918],[-44.62390603099986,-3.923480512999974],[-44.620633431999984,-3.923624098999952],[-44.62032504699987,-3.920022367999928],[-44.624104786999965,-3.913949527999901],[-44.62308386199987,-3.909774447999955],[-44.627318187000014,-3.908642909999945],[-44.62532825499986,-3.906682325],[-44.620128222999924,-3.907459284999978],[-44.61394491999991,-3.90056751099996],[-44.60971579599993,-3.899742135999969],[-44.611912778,-3.897935424999962],[-44.61133814599996,-3.887635923999896],[-44.615074040999986,-3.878866325999938],[-44.61370595400003,-3.872945748999897],[-44.619058874,-3.865649487999986],[-44.62202352499998,-3.867944946999931],[-44.62549819499997,-3.866011979999958],[-44.62432326800001,-3.859136022999917],[-44.619943752000026,-3.854655497999922],[-44.62237540799996,-3.851436556999951],[-44.62080484099987,-3.847628517],[-44.61387361599996,-3.843143758999919],[-44.6121135029999,-3.847781046],[-44.50539463900003,-3.848751569999927],[-44.480263257999965,-3.905167891999924],[-44.48004291400003,-3.919164526],[-44.471692174999916,-3.918182178999904],[-44.466316723000034,-3.923185041999951],[-44.436314492,-3.927405308999906],[-44.43304383399993,-3.933835650999936],[-44.422653656,-3.932227334999912],[-44.41545482099998,-3.938817961999971],[-44.41560282199997,-3.933675603999927],[-44.41110792900003,-3.929435679999945],[-44.413793637000026,-3.92271616499997],[-44.41773254999997,-3.920073736999915],[-44.417425898,-3.917976585999946],[-44.41457557499997,-3.919872644999974],[-44.413727290999866,-3.918230663999918],[-44.41919463399997,-3.914144074000011],[-44.41404250499992,-3.913700382999893],[-44.413718274,-3.909439210999929],[-44.41101251299986,-3.908956445999952],[-44.409769309000026,-3.905134876999946],[-44.40047110200003,-3.902051078999965],[-44.39872612799998,-3.89863029],[-44.39318221400002,-3.896571412],[-44.39043119699986,-3.890944396],[-44.390796343999966,-3.883169757999934],[-44.387589724999856,-3.878420121999967],[-44.38284202599987,-3.87819664699995],[-44.37142885000003,-3.869015366999947],[-44.37091129200002,-3.86629300999994],[-44.366256655,-3.867759040999915],[-44.361137372,-3.864948225999961],[-44.36290581799987,-3.859527828999917],[-44.35704133799994,-3.857616998],[-44.35621571699993,-3.850747031],[-44.35381166599997,-3.85219321699994],[-44.353667645999955,-3.848927515999919],[-44.192787430999886,-3.929201244],[-44.18627083,-3.926665604999898],[-44.17981436199994,-3.917117277999989],[-44.16597318700002,-3.91047034899998],[-44.16547028999998,-3.898860634999953],[-44.161903541,-3.895105689999952],[-44.160681251000035,-3.858266287999897],[-44.15549569499997,-3.836836709999965],[-43.992763791999906,-3.842436085999986]]]},"properties":{"agrupamento":"Codó"}},{"type":"Feature","geometry":{"type":"Polygon","coordinates":[[[-44.820782311999935,-4.840118802999901],[-44.792406516,-4.861539962999935],[-44.780672338999985,-4.861536242999894],[-44.777500311,-4.871897204999894],[-44.76222373399997,-4.878496212999935],[-44.748386161,-4.870689145999948],[-44.7483914589999,-4.856416475999944],[-44.72386990699993,-4.84745298499993],[-44.64417039300002,-4.854966406999957],[-44.638638745,-4.862501202999977],[-44.51415721500003,-4.975933692999953],[-44.41170506199997,-4.975747054999965],[-44.41330524099994,-4.950773867999932],[-44.398755673000025,-4.942886767999895],[-44.380759327000035,-4.928757001],[-44.375346497,-4.915002736999981],[-44.35894572000004,-4.905951402999983],[-44.357927250999964,-4.894959747999935],[-44.30660348899989,-4.911701740999971],[-44.31244804900003,-5.024118353999914],[-44.35482734699998,-5.12555764499993],[-44.36862213799997,-5.137505182999932],[-44.364293209,-5.143400691999941],[-44.35412047900003,-5.135654574999934],[-44.348816182,-5.138534411],[-44.34457835599992,-5.162488229999981],[-44.3621225809999,-5.175480827999942],[-44.35942168799989,-5.183417661999919],[-44.34094668599991,-5.195965994999981],[-44.36045928600004,-5.210935667999924],[-44.361427315999926,-5.220248233999954],[-44.36979163900001,-5.223666465999895],[-44.36237233499996,-5.250280756999911],[-44.35889814099992,-5.253020376999925],[-44.358260475,-5.277305653999972],[-44.346190867000026,-5.277687163999919],[-44.306792050000034,-5.331268247999984],[-44.130877296999984,-5.229729495999909],[-44.095126909999976,-5.349442928999989],[-44.051392060999866,-5.33034074499998],[-44.043313533999886,-5.316686880999929],[-44.012280824000044,-5.312151586999932],[-44.000760776999975,-5.314070366999975],[-43.95179042500002,-5.331869711000011],[-43.91542873599997,-5.324155012999939],[-43.90903706900003,-5.318932611999935],[-43.87105372699991,-5.32118334599991],[-43.880342328,-5.331428870999951],[-43.883533720999914,-5.339068132],[-43.882265018999924,-5.344569014999952],[-43.879598426,-5.345668296999958],[-43.88037323599998,-5.350416841000013],[-43.883262069,-5.350880572999924],[-43.88264292299993,-5.360935613000014],[-43.87642932899998,-5.371548539999901],[-43.881289405000025,-5.380968910999969],[-43.87951227599998,-5.383094999000023],[-43.883510465000036,-5.385761708999955],[-43.880145668999894,-5.388931364999935],[-43.88048373899989,-5.395207302999979],[-43.877734808999904,-5.396026077999957],[-43.8729814929999,-5.405513378999967],[-43.87033882899991,-5.40660893800002],[-43.87069825,-5.414701755999936],[-43.8596513159999,-5.431885480999928],[-43.86555735299998,-5.445430815999971],[-43.87348149899997,-5.453040777],[-43.86965258599998,-5.456372009999929],[-43.86968626500001,-5.463378377000013],[-43.86614399699993,-5.467250292999922],[-43.869230160455565,-5.473298461697259],[-43.86628703826143,-5.474037407474893],[-43.86780115144862,-5.479094358203015],[-43.863610594052595,-5.481846819498611],[-43.863812132135266,-5.486854013820449],[-43.86655138549727,-5.48785853620661],[-43.86630327294108,-5.493278902961959],[-43.86851755602704,-5.495247992236171],[-43.86574556968461,-5.496330693746661],[-43.86798192545576,-5.498506108686137],[-43.864920727155756,-5.504153292889154],[-43.8588801791425,-5.505210692694914],[-43.85827588972551,-5.511429756114269],[-43.854250824323465,-5.513680462499978],[-43.85118466507661,-5.521421876082951],[-43.8488803352747,-5.520622782544234],[-43.84433068910876,-5.526803314776104],[-43.84111721371791,-5.525359074811061],[-43.84070286788178,-5.528662622575117],[-43.837452203829,-5.526722098969846],[-43.829305332721404,-5.529134000053411],[-43.8251564003449,-5.532557754733266],[-43.824772722943145,-5.536531651946427],[-43.82108493668198,-5.535806643874893],[-43.81952238830498,-5.539454817194597],[-43.81729180272527,-5.539455045244176],[-43.81698767684737,-5.543128351520395],[-43.8216524892574,-5.546108676805269],[-43.81998680899986,-5.551161855],[-43.81017458499996,-5.554042289999935],[-43.80412266099998,-5.552718820999943],[-43.804137977,-5.557344507999958],[-43.80068093899996,-5.559670097],[-43.78911265299999,-5.563484987999986],[-43.78573230599989,-5.561558606999935],[-43.775618834999854,-5.572099874999933],[-43.76788113100001,-5.576320989999958],[-43.7682082649999,-5.582228162999955],[-43.759099114,-5.589888361999958],[-43.74853966900001,-5.589804889999891],[-43.74431508699997,-5.584507670999913],[-43.73908838399996,-5.582556483999942],[-43.733328709,-5.586735671999961],[-43.731461201999934,-5.591337754999889],[-43.720672725,-5.593233924999926],[-43.713423688,-5.58787054099998],[-43.710807444999894,-5.59074500199996],[-43.70869434199994,-5.58991724099995],[-43.70831217800002,-5.59540437499992],[-43.69429283999993,-5.597697024999989],[-43.690082330999985,-5.594544578999924],[-43.68464731299997,-5.594527092999987],[-43.67455422200002,-5.60026114899996],[-43.67421007199988,-5.596150442999922],[-43.669012128000034,-5.59727075399998],[-43.666307119999864,-5.600243586000016],[-43.668481265999986,-5.605458424999928],[-43.663594812999975,-5.614634731999964],[-43.67056550000004,-5.618766349999956],[-43.66632129599997,-5.625062154999957],[-43.666376015999965,-5.631505771000019],[-43.65753217,-5.636562173999967],[-43.6508562819999,-5.636546020999963],[-43.64922050699991,-5.64243734099998],[-43.64195122699992,-5.646808602999905],[-43.640665485999854,-5.653249579999927],[-43.632130085,-5.655012067],[-43.627114685999985,-5.659935745999985],[-43.613996954999884,-5.662512228],[-43.612065760999876,-5.672107223999952],[-43.60282348899989,-5.675783507999928],[-43.60330642599997,-5.680721678999952],[-43.607383033000026,-5.685942424999909],[-43.60617629599992,-5.688955380999979],[-43.60229395300004,-5.691140481999942],[-43.59496419899993,-5.689756703999934],[-43.593198659999956,-5.696878459999973],[-43.58709254300002,-5.701628138999944],[-43.586310515999976,-5.706338954999986],[-43.58778353,-5.714827926999907],[-43.59502760500003,-5.722248131999948],[-43.59984649599986,-5.723339596999929],[-43.599787671999884,-5.727792977999987],[-43.61235731499993,-5.746514646999953],[-43.606092562999926,-5.75630287],[-43.603696872999855,-5.754978552999931],[-43.600317128,-5.75841049499994],[-43.59732390599996,-5.773358150999926],[-43.59210568899994,-5.775494055],[-43.587815469999974,-5.773339102999949],[-43.57989950800003,-5.776179847999981],[-43.568284179999985,-5.76864239],[-43.560255895,-5.771892719999912],[-43.556897211,-5.777960352999952],[-43.56115287799996,-5.782412902999941],[-43.560798876999975,-5.793902519999979],[-43.562773265,-5.797532773999966],[-43.56015774699986,-5.799927615999963],[-43.56006410299993,-5.804574677999971],[-43.55902522000004,-5.806971383999945],[-43.552089219,-5.808688792999935],[-43.5491616739999,-5.816036851999958],[-43.551214868999956,-5.820995122999958],[-43.54992998299996,-5.823545576999952],[-43.54448835700003,-5.825114479],[-43.53505706800003,-5.835151035999982],[-43.53616615699996,-5.837604520999947],[-43.541979818999856,-5.838844312999943],[-43.54182834700003,-5.844512283999955],[-43.550385534,-5.847547952999951],[-43.54708534399996,-5.851113878999944],[-43.5496061279999,-5.854234827999979],[-43.54472029700003,-5.862243102],[-43.55097990199988,-5.869407048999983],[-43.55000509799996,-5.87900582599998],[-43.5602451399999,-5.882810904999954],[-43.560848418,-5.891238784999971],[-43.57175383399992,-5.88927482099992],[-43.56667281199998,-5.899679358999973],[-43.569867044000034,-5.904436121999908],[-43.56553255399996,-5.909583353],[-43.56554974499987,-5.913063436],[-43.09642727600003,-5.909710204999926],[-43.08694770800004,-5.919139312999918],[-43.08606816,-5.950050103999978],[-43.08020450899988,-5.964435665999908],[-43.07082266899989,-5.977557301999977],[-43.05499081200002,-5.985575924999972],[-43.04786578899998,-5.995627823999979],[-43.05069080200004,-6.01815947999997],[-43.061636283,-6.031182636999973],[-43.073998812999875,-6.038665952],[-43.07619768199991,-6.046197754999945],[-43.07458517799989,-6.057422377],[-43.05982832399997,-6.074234576999978],[-43.04771011299989,-6.103921889999971],[-43.03368621499986,-6.111355607999976],[-43.01140434300002,-6.111792882],[-42.99229861499998,-6.117574587000015],[-42.97978949399988,-6.13307313299993],[-42.97661334999999,-6.158530581999973],[-42.969911056999926,-6.177325148999931],[-42.955455343999965,-6.186318617999938],[-42.93466574199987,-6.191595590999929],[-42.92217912699994,-6.207838769],[-42.90566317799987,-6.219642901999941],[-42.89300746499998,-6.225472006999962],[-42.87665951799986,-6.225354876999952],[-42.86520398899998,-6.235138461999964],[-42.854502827,-6.249856389999949],[-42.85567555700003,-6.264913907999966],[-42.84652223500003,-6.28138369899995],[-42.849196672999895,-6.307144721999976],[-42.859780112,-6.329947667999943],[-42.85784326499998,-6.332940807999972],[-42.853672143,-6.333541527999938],[-42.83456641499997,-6.325188191999961],[-42.83104822500002,-6.329170612999953],[-42.829340450000025,-6.34060354699992],[-42.83339368500001,-6.346216972999948],[-42.851522138000014,-6.358600725999982],[-42.85642933299987,-6.370837105],[-42.85445396300003,-6.382541802999971],[-42.856897150999856,-6.39050572699997],[-42.87793088399999,-6.418493211999917],[-42.86881990699994,-6.454261195999963],[-42.8702858199999,-6.466545222],[-42.86579507200004,-6.483880976999964],[-42.86845482400002,-6.490128021000015],[-42.880854477000035,-6.493287725999971],[-42.885433583000015,-6.500870936],[-42.8862330379999,-6.508738308],[-42.87307105399996,-6.510046719999903],[-42.872148281,-6.51345549699995],[-42.88816995400003,-6.536650691999953],[-42.88895177399996,-6.544466552999958],[-42.88479835499986,-6.570243464999966],[-42.888501444,-6.580160021999967],[-42.901412030999936,-6.594125964999905],[-42.907715455999856,-6.605921164999914],[-42.91177114699996,-6.625773357999983],[-42.91695070499997,-6.636548540999972],[-42.91489842699998,-6.651012154999965],[-42.918711825999935,-6.668850013999902],[-42.94709964199997,-6.701777034999986],[-42.97744403299997,-6.717937212999932],[-42.98389404900003,-6.726235474999972],[-42.99280034899993,-6.748728430999958],[-43.00788615299998,-6.758553667999952],[-43.02606346900002,-6.76267820699998],[-43.04790556799998,-6.761950348999975],[-43.05738513599989,-6.757631706999963],[-43.065215398000014,-6.749979066999964],[-43.083502732999925,-6.749290496999923],[-43.088287070000014,-6.751741546999953],[-43.104978433000035,-6.770247856999952],[-43.134931915000024,-6.782524024999966],[-43.147587627,-6.783688546999952],[-43.17827406499997,-6.767336466999937],[-43.21922189099996,-6.76384277599997],[-43.24482649899993,-6.76694828099997],[-43.250054920999986,-6.768646594999979],[-43.262368587,-6.785192715999973],[-43.273460659,-6.793683906999989],[-43.295986849999984,-6.799845990999938],[-43.31079256800004,-6.801107509999956],[-43.34675587799999,-6.79774967399995],[-43.35550290299986,-6.803582018999973],[-43.359314276,-6.813528446999958],[-43.36524744400001,-6.819801755999962],[-43.38236833999996,-6.816142546999978],[-43.388388210000045,-6.817749550999982],[-43.390302537999986,-6.833898554999981],[-43.40068099800001,-6.833771533999951],[-43.40876439600004,-6.841328829999967],[-43.419128928999974,-6.844010488999982],[-43.444222024999895,-6.838019786],[-43.45593526799996,-6.846228879999946],[-43.465266653000036,-6.839914499999918],[-43.48118048000003,-6.835409860999971],[-43.493738465,-6.81071435699991],[-43.505069846,-6.800831009],[-43.54163367,-6.789136937],[-43.54597381900001,-6.78237846],[-43.548786604000036,-6.763200813999966],[-43.561659084,-6.748120852999958],[-43.570919093999954,-6.747742242999984],[-43.572834472999894,-6.754598577],[-43.575905330999866,-6.756851316999964],[-43.58437563599993,-6.757484301999935],[-43.595313892,-6.746146719999953],[-43.62159375699997,-6.735007961999902],[-43.642874413000015,-6.716551099999909],[-43.67272098800004,-6.706269264999972],[-43.69854193399987,-6.709551354999928],[-43.70716902299994,-6.69981743099994],[-43.71499008200002,-6.698733289999944],[-43.728713740999986,-6.70480158599995],[-43.76073521500002,-6.702437552999926],[-43.77484315899989,-6.71493656],[-43.781050104,-6.712449847999943],[-43.790856118,-6.702332041999989],[-43.795063704999976,-6.702071781999948],[-43.79937748299994,-6.704637205999938],[-43.808185924,-6.720272968999926],[-43.820126176000024,-6.727277177999921],[-43.85376086299986,-6.735611704999941],[-43.87991802299998,-6.757782387999907],[-43.884182015,-6.758736231999959],[-43.913794311999915,-6.752661519999955],[-43.91891486700002,-6.755790843999972],[-43.927761583999875,-6.770447041999913],[-43.932371578,-6.771995747999978],[-43.945102624,-6.765510024999984],[-43.94934187000002,-6.751743879999968],[-43.95676039499992,-6.743154354999899],[-43.961209708,-6.741898422999989],[-43.970733431,-6.744221354999987],[-43.981312740000035,-6.754530366999952],[-43.987733648,-6.757277931],[-44.03339327600003,-6.760404075999934],[-44.042896422999924,-6.769434242999957],[-44.05337072099998,-6.768308814],[-44.057459251999866,-6.774441861999954],[-44.060868405999855,-6.790747769999968],[-44.05906256700001,-6.808437467],[-44.069697057,-6.821377526999957],[-44.07698740699986,-6.821126044999933],[-44.082760334999854,-6.809754718999913],[-44.088874166999986,-6.80330122600001],[-44.107153894999975,-6.802370433999912],[-44.116275571999935,-6.805785860999976],[-44.11631343099996,-6.814942646],[-44.113039745999984,-6.823155563999902],[-44.10484799799997,-6.830218936999906],[-44.09870983799986,-6.839943665999933],[-44.10064948199986,-6.851142103999948],[-44.104400956999925,-6.856546986999953],[-44.109011154,-6.85761206099997],[-44.114177501999976,-6.852870207999936],[-44.11517686299989,-6.838352964999946],[-44.119898209,-6.832788837999911],[-44.125123922999926,-6.835585235999916],[-44.13917270599997,-6.864107224999946],[-44.153314716,-6.867753137999984],[-44.163480825000036,-6.874521296999899],[-44.17134603100004,-6.88497721299994],[-44.17584826299996,-6.895605986999983],[-44.17503892699988,-6.92516978499997],[-44.17865154,-6.927158576999944],[-44.18963162699998,-6.925666133999916],[-44.198602327999886,-6.929762431999916],[-44.202140748,-6.93861738299992],[-44.20246433099986,-6.95718715599993],[-44.20817185700004,-6.969945190999934],[-44.235954466,-6.998712326],[-44.246077437999936,-7.001163505999949],[-44.259479313,-6.999236863999966],[-44.26229471699999,-7.001302069999956],[-44.263660215,-7.018984744999931],[-44.27636479099993,-7.034600695999967],[-44.279785253999876,-7.045269676999962],[-44.27411705799993,-7.070243831999986],[-44.297718252000045,-7.10132628099995],[-44.30645719200004,-7.118819297999953],[-44.31291487999994,-7.118636500999927],[-44.332467492,-7.108612556999923],[-44.33944789799989,-7.112818011999896],[-44.354400207,-7.115921215999973],[-44.36309795599987,-7.121497231000014],[-44.37868549300004,-7.11931531999996],[-44.38606392,-7.120915388999923],[-44.414649217000026,-7.136770316999926],[-44.43062766500004,-7.151558056999915],[-44.44991390699991,-7.159599757999954],[-44.46209592299986,-7.160091092999928],[-44.478856189999895,-7.170272346999981],[-44.490094853999864,-7.181956267000019],[-44.505242617999976,-7.186755798999941],[-44.514233548999954,-7.196015358999937],[-44.51990174399998,-7.215164109999891],[-44.525149380999856,-7.221999290999933],[-44.535116398000035,-7.227308054999978],[-44.5467768089999,-7.225538031999986],[-44.564195300999955,-7.227707973999938],[-44.571785443999936,-7.248428745999932],[-44.57971097999996,-7.257773230999939],[-44.59407692400004,-7.267176748999945],[-44.59514404299987,-7.277163419999973],[-44.60487581400004,-7.288309709999937],[-44.61587015800004,-7.3086662069999],[-44.62891399899998,-7.309673822999959],[-44.64018117099991,-7.315811513999933],[-44.64333158799998,-7.324853806999983],[-44.65917138799989,-7.328525291999918],[-44.66273049900003,-7.331348067999973],[-44.67085797099997,-7.352682446999933],[-44.678427234,-7.359255888],[-44.68437755500001,-7.386690830999961],[-44.6895567,-7.395461684999934],[-44.700778870000015,-7.395729266999958],[-44.704375668,-7.392423974999947],[-44.711096262999874,-7.398181769999931],[-44.7299292669999,-7.3907702829999],[-44.73569828900002,-7.381631922999895],[-44.7419808459999,-7.361703938999949],[-44.746048211,-7.361676458999985],[-44.76172846600002,-7.371959282],[-44.77256619900003,-7.373836191999957],[-44.78034555700004,-7.378517532999958],[-44.78603503699996,-7.371945079999894],[-44.816496233999864,-7.360893827999978],[-44.82060050899999,-7.375622990999916],[-44.83336272999998,-7.38325028299995],[-44.848028252999896,-7.386565924999929],[-44.85388550700003,-7.396237000999958],[-44.85245017400002,-7.402970319999921],[-44.863009597,-7.411275453],[-44.869705148000044,-7.42305723899996],[-44.88202952699996,-7.42763467899998],[-44.885421494000035,-7.425342671999965],[-44.900435296,-7.425410592999989],[-44.908869443999905,-7.442415303999913],[-44.91911861999989,-7.452140933999925],[-44.92481625699996,-7.470529374999943],[-44.92931172600004,-7.472147127999948],[-44.937471005000035,-7.469645020999957],[-44.94749565699992,-7.474591093999924],[-44.95669393399991,-7.475291706999984],[-44.96619963900002,-7.482602830999971],[-44.98931140299987,-7.482397554999951],[-44.787493184,-7.248704670999936],[-44.697653533999976,-7.255050939999937],[-44.70493234700004,-7.236359511999987],[-44.692932385999875,-7.217572587999951],[-44.691822283999954,-7.199223131999962],[-44.68579999600002,-7.188789428999983],[-44.68673540099997,-7.186808474999947],[-44.68935426500003,-7.182752604],[-44.69848490899993,-7.179534911999959],[-44.702744373000016,-7.181139591999949],[-44.70934958200004,-7.189314741000016],[-44.715244373,-7.188941609999962],[-44.71948567499991,-7.185643542000016],[-44.720352885999894,-7.168955488999914],[-44.71701261600001,-7.166637261999949],[-44.707463983999986,-7.168223492000011],[-44.70499232000003,-7.163372834999945],[-44.7171529619999,-7.156650500999914],[-44.717787511,-7.150394761999942],[-44.73673812,-7.149128375999966],[-44.747209324999965,-7.134655402999909],[-44.77243605400001,-7.124760889999956],[-44.779791216,-7.117421914999974],[-44.784513476000015,-7.105871428999962],[-44.78308714299986,-7.099350738999918],[-44.77838067399991,-7.096702811999941],[-44.775539293,-7.097843616],[-44.77199277099993,-7.09280128499998],[-44.76715744799998,-7.093732378999925],[-44.763854549999984,-7.088238643999941],[-44.760296390999926,-7.090088559999971],[-44.754153952,-7.086190128999911],[-44.75376342200002,-7.075388367999943],[-44.742517017999944,-7.06787131399997],[-44.74067855899988,-7.06294153499993],[-44.72762430899997,-7.060124012999954],[-44.73034829999994,-7.055348141999947],[-44.722739889000046,-7.053420487999969],[-44.72282185399999,-7.048253625999942],[-44.718987979000026,-7.048928435999909],[-44.71068054999994,-7.044263213],[-44.71040342500002,-7.038269025],[-44.70746233800003,-7.035960714999963],[-44.70807016199996,-7.030884717999904],[-44.699489488,-7.011894797999948],[-44.69733766199986,-6.974438768999943],[-44.699751823000035,-6.97420449500001],[-44.70537448600003,-6.965054944999967],[-44.71015980999993,-6.963463116999976],[-44.70991719200002,-6.941035569999984],[-44.719382685,-6.940156911999936],[-44.739149607999856,-6.927611626999949],[-44.74981538299994,-6.915274560999959],[-44.75409304800002,-6.890793569999972],[-44.76178986699986,-6.889497629999949],[-44.76864641199998,-6.884880831999959],[-44.79258477199993,-6.71173645099998],[-44.79721487900004,-6.712204464999979],[-44.800477733,-6.70915468499997],[-44.81559469399996,-6.712139336999919],[-44.82416151800002,-6.707734314999954],[-44.833122504,-6.708179252],[-44.83830878100004,-6.703421985999932],[-44.838898726,-6.706969413],[-44.846666859999964,-6.710518810999951],[-44.85412383600003,-6.702816509999928],[-44.85802155900003,-6.703312425000015],[-44.858216634,-6.705447879999956],[-44.86234480599998,-6.704175179],[-44.86371711000002,-6.70793189799996],[-44.86855164499999,-6.709124706999977],[-44.87300067499996,-6.703866325999926],[-44.884751149,-6.703169116999971],[-44.886311845999984,-6.706874968999906],[-44.88977459899997,-6.706544576999925],[-44.893577348999926,-6.711824330999968],[-44.90255688299994,-6.705772128999961],[-44.906285193000045,-6.708848777999973],[-44.909730533,-6.707707760999978],[-44.911254218999865,-6.711611423999938],[-44.91688493,-6.709562618999972],[-44.917941249,-6.711563187999944],[-44.92315321300003,-6.711300304999953],[-44.92348536799989,-6.715795966999957],[-44.926803157999956,-6.71378424099995],[-44.93147320899991,-6.715899157999968],[-44.934633208999976,-6.714536561999936],[-44.93987892499996,-6.717218506999886],[-44.941301528999894,-6.722281897999967],[-44.943013225999856,-6.722082702],[-44.944856489000045,-6.731988509999916],[-44.949319523000014,-6.734151615000013],[-44.953065093000035,-6.731329253],[-44.9564963289999,-6.733616403999961],[-44.95694091099991,-6.736890630999977],[-44.963600837999934,-6.736325360000014],[-44.96712725200003,-6.740786981999954],[-44.97304670399998,-6.739180705000011],[-44.97443663499996,-6.736007725999934],[-44.98042909399991,-6.732855199999951],[-44.99007569099996,-6.735621896999896],[-44.996709452999944,-6.730569628999935],[-45.010802542,-6.731191213999939],[-45.010349415,-6.736597474999969],[-45.015575910999985,-6.739122758999923],[-45.02084852799988,-6.737797886],[-45.026952183999974,-6.742201168],[-45.03294313799997,-6.743073009999919],[-45.04004837499998,-6.746843147999933],[-45.04001999299994,-6.750424881],[-45.043461167,-6.750246086999941],[-45.04830080399996,-6.756230574999941],[-45.06183933599988,-6.761533093],[-45.06152000299993,-6.773584684999908],[-45.06894144799998,-6.779349327000014],[-45.071540458999905,-6.784535807999888],[-45.07534924399992,-6.786061678999929],[-45.081438808,-6.782669241],[-45.0844927049999,-6.786799767999981],[-45.0920164789999,-6.789304613999932],[-45.09423813699987,-6.799721477999939],[-45.105411940999886,-6.808620255999927],[-45.11076849899998,-6.808127750999945],[-45.1193562139999,-6.815389829999959],[-45.125436442,-6.811004678999951],[-45.13863155099993,-6.809867513],[-45.143574983000036,-6.80724794599998],[-45.16048872899999,-6.811012947999925],[-45.163013108000044,-6.808169671999949],[-45.16293792499986,-6.800366858999959],[-45.16604592599998,-6.798152550999888],[-45.16596219099989,-6.79385162800001],[-45.170078799999885,-6.797795305999906],[-45.18357583100001,-6.799353285999939],[-45.187764175,-6.802305224999935],[-45.19385135799996,-6.80000296999996],[-45.19510607900004,-6.803762100999951],[-45.20987772199994,-6.802284391999899],[-45.21799330199996,-6.797906550999962],[-45.220129911,-6.799813255999983],[-45.21999147799991,-6.794964539999989],[-45.23205320400004,-6.795949328999936],[-45.234496899,-6.798879800999932],[-45.23685241600002,-6.795687410999936],[-45.24790822799996,-6.796216696999942],[-45.253163542000024,-6.787896634999965],[-45.26194041699987,-6.791842130999922],[-45.270918668999954,-6.789638992999888],[-45.275665575999874,-6.792901105999968],[-45.27921961700004,-6.79199871199991],[-45.28374656199996,-6.796765311999949],[-45.297548423,-6.795597938],[-45.30557134799991,-6.789132455999987],[-45.311494889000016,-6.78777813499993],[-45.31188524799999,-6.784700110999982],[-45.322101582,-6.781599152],[-45.32660280800003,-6.775767023999909],[-45.33094077899987,-6.779601132999976],[-45.34402373300002,-6.78310492699998],[-45.34779920800003,-6.779433467999959],[-45.34949502599992,-6.781832269999929],[-45.354359857,-6.780371767999967],[-45.35507515400004,-6.775250282999964],[-45.36085211400001,-6.771452767],[-45.361886513999885,-6.765879789999937],[-45.36710546999996,-6.763826842999983],[-45.368634422999904,-6.759272987999961],[-45.379913416,-6.759373077999983],[-45.38335386599992,-6.757251086999912],[-45.39358307899986,-6.760971636],[-45.40041086299991,-6.757620741999944],[-45.408962659999965,-6.760488980999942],[-45.411268924999916,-6.765564752999983],[-45.416135243000035,-6.764657778],[-45.42549170699988,-6.773772521],[-45.43318491400004,-6.777065062999928],[-45.449158081999876,-6.777828276999927],[-45.454322721999986,-6.780457700999972],[-45.455770978,-6.785466239999956],[-45.465987310999935,-6.79194969299994],[-45.49007506799998,-6.796996366999971],[-45.49360558799998,-6.795867009999964],[-45.50547136699996,-6.804885046999961],[-45.51487808199988,-6.805468840999947],[-45.523027768999974,-6.802586232999915],[-45.53274529200002,-6.808166491999953],[-45.54138463399986,-6.806195634999953],[-45.543410063999936,-6.802777990999972],[-45.549161085999984,-6.80702979399996],[-45.55055165999993,-6.811759193999941],[-45.55580104599986,-6.806481543999984],[-45.56082577400003,-6.811444691999943],[-45.560607919999946,-6.814619072999958],[-45.572775738999965,-6.819865033999958],[-45.581720047,-6.815991974999954],[-45.59207637299987,-6.815688159999952],[-45.59665820599999,-6.812391762999966],[-45.60185669999997,-6.815724083],[-45.6089965109999,-6.805849543],[-45.61817089999987,-6.798447036],[-45.62208326699993,-6.797868823999949],[-45.63207533899996,-6.77477850799992],[-45.65052358199986,-6.746460601999989],[-45.661388695,-6.741889529999963],[-45.6781858429999,-6.728060741],[-45.70539008299988,-6.722709953999947],[-45.72085383500002,-6.712397027999924],[-45.72733660099986,-6.715834253999927],[-45.73544676899997,-6.712939684999971],[-45.746498250999906,-6.70013170799992],[-45.77302246900002,-6.704844130999917],[-45.779720790999924,-6.712089275999952],[-45.800221415,-6.718983365999983],[-45.82630603099989,-6.715428978999967],[-45.84686134799987,-6.722934521999965],[-45.948077036000036,-6.674022242999929],[-45.93303344700002,-6.660185290999917],[-45.931317904,-6.650902556999957],[-45.92772231299987,-6.647212963999945],[-45.91083279799988,-6.641565989999983],[-45.89416010899998,-6.64394042799998],[-45.886675464999854,-6.63129396099997],[-45.87908758499997,-6.630519687999944],[-45.874183852999955,-6.623138281],[-45.85967912900002,-6.615447163999929],[-45.85007417099996,-6.60526345999994],[-45.85003225299987,-6.600157292999961],[-45.84062310699993,-6.600038031999952],[-45.8314415359999,-6.49125555399996],[-45.83558656100002,-6.492374021999955],[-45.821968377,-6.379018365999941],[-45.8393775979999,-6.301621520999952],[-45.82919105199986,-6.276327622999941],[-45.81569041599987,-6.274284506],[-45.807998631,-6.268098251],[-45.79138961599987,-6.248253433999925],[-45.78983312099996,-6.244003900999947],[-45.79544039800001,-6.23832417999994],[-45.787858404,-6.232527942999973],[-45.762633600000015,-6.23780677499994],[-45.75559236099998,-6.233967664],[-45.75291541799991,-6.224828820999947],[-45.74646444000004,-6.218554874999978],[-45.74508731699996,-6.213459518],[-45.747703851,-6.209465859999971],[-45.7438479049999,-6.207262462],[-45.74164450800003,-6.202304817999967],[-45.735717342999976,-6.201832220999944],[-45.73323422599996,-6.19807293599994],[-45.72684328499999,-6.199522794],[-45.7057349359999,-6.192985651999924],[-45.694769269999874,-6.180431530999916],[-45.676382852000025,-6.17629235399992],[-45.66238480399991,-6.166461949999943],[-45.659181424999986,-6.159741456999975],[-45.66036815400003,-6.15149501399996],[-45.65364832800003,-6.145898095999965],[-45.644694591000025,-6.143027565999955],[-45.62789448399998,-6.127834954999952],[-45.62460975699998,-6.12071388999997],[-45.615339541,-6.120244096999913],[-45.614373942000036,-6.114640900999931],[-45.609412410999944,-6.110163505999929],[-45.609811535999924,-6.108161670999942],[-45.613487947,-6.108797352999958],[-45.61340395599998,-6.106315567999961],[-45.592292727,-6.090967887],[-45.569430031999985,-6.082666013999934],[-45.56822876499998,-6.079705573999946],[-45.56399376099987,-6.079789606999971],[-45.55662037499997,-6.058820914999981],[-45.54598628100002,-6.051706200999903],[-45.5282181659999,-6.021300589999986],[-45.52558233500004,-6.021864870999956],[-45.523579873,-6.016982501999931],[-45.5265370549999,-6.016258519999981],[-45.528128228999925,-6.011773943],[-45.52412898399996,-6.005052044999922],[-45.52460344199987,-6.001208809999988],[-45.51325580400003,-5.999458591999947],[-45.509618004999865,-5.9958083],[-45.50494642399996,-5.99786489799989],[-45.501266121,-5.99242393299992],[-45.494474167,-5.990268493999925],[-45.48583786899996,-5.980508820999938],[-45.47960301900003,-5.979073180999902],[-45.47983660999991,-5.972427702999924],[-45.47504065999993,-5.969549870999932],[-45.47240637899992,-5.971713583999901],[-45.469605310999974,-5.968753629999953],[-45.47088061399998,-5.963308608],[-45.464724408999984,-5.957468929999906],[-45.463368751,-5.960593214999951],[-45.45649942699997,-5.961398503999967],[-45.43114115999996,-5.946617820999941],[-45.42705692499989,-5.947005031999915],[-45.42489322700001,-5.950561067999979],[-45.42288102699997,-5.945220083000021],[-45.419137163999906,-5.947237581999972],[-45.41652414999989,-5.93993947],[-45.41386099899998,-5.93944334099998],[-45.411510916999866,-5.934917483999965],[-45.409753866999885,-5.938812336],[-45.403888155999944,-5.941533175999965],[-45.400605121,-5.938684256999967],[-45.375844130000026,-5.932591874000011],[-45.576016764999984,-5.729196947999978],[-45.576666676999935,-5.734305090999944],[-45.58199339999987,-5.734743603999989],[-45.58824754299997,-5.741455652999968],[-45.587102371999904,-5.745682173],[-45.59346021399988,-5.745959965999888],[-45.591361832,-5.748885451],[-45.59484915699988,-5.753911312],[-45.593341371,-5.754633087999946],[-45.59516953699992,-5.76141831099994],[-45.59958421599997,-5.765194653999935],[-45.598094891000024,-5.770725979999921],[-45.60804094099998,-5.776246414999982],[-45.71059693099993,-5.590024775999965],[-45.74013098400003,-5.402584945999963],[-45.785482203999855,-5.441205742999974],[-45.79897970799993,-5.44870174299998],[-45.842081920999924,-5.401504407999909],[-45.84320200799988,-5.408587850999976],[-45.84079962599996,-5.412016253999959],[-45.88585403600001,-5.443764672999959],[-45.903498183,-5.427351395999943],[-46.00165002599988,-5.36219603199994],[-45.99299109200002,-5.356374517999925],[-45.987487371,-5.355727336999935],[-45.98643536299991,-5.332267971999923],[-45.98121044899988,-5.332463851999965],[-45.977103341999964,-5.334462649999968],[-45.97590511600003,-5.338739798999922],[-45.97357132000002,-5.338088062999909],[-45.97328906099994,-5.33593855699996],[-45.96937258199989,-5.335569964999928],[-45.96666109999999,-5.33192657199992],[-45.96545282599993,-5.333797935999947],[-45.95956724900004,-5.328287443999909],[-45.956492462,-5.330068343999913],[-45.95340870500002,-5.326332461999891],[-45.94333133600004,-5.322887613999968],[-45.93790929599986,-5.313821867999931],[-45.93258282700004,-5.31289595099997],[-45.928351845999906,-5.299337024999958],[-45.928804973,-5.293724495999915],[-45.93168722,-5.292505271999933],[-45.929605504999984,-5.288862386999967],[-45.932141684999955,-5.28781866299994],[-45.92660784700003,-5.285926816],[-45.92428891899991,-5.287399569999903],[-45.92315611599998,-5.283288994999965],[-45.91592395800004,-5.281983307999934],[-45.91395508900003,-5.275776495999925],[-45.90787306200004,-5.269989598999932],[-45.911220752,-5.264606183999928],[-45.90696835199997,-5.263670369999947],[-45.905574386999916,-5.254798221999942],[-45.89586938799992,-5.247685582999947],[-45.887854285999865,-5.249103925999973],[-45.888429007,-5.240978273999915],[-45.88516640099987,-5.238235843999935],[-45.88070162500002,-5.239007665999936],[-45.881659392000046,-5.236669544999924],[-45.878159961999955,-5.238131562000011],[-45.873684209,-5.230583299999943],[-45.871246297,-5.23581860999995],[-45.87006913499994,-5.232616849999979],[-45.86550934799987,-5.234176191999947],[-45.85546488300003,-5.205428318999968],[-45.852732236999884,-5.205723713999896],[-45.84862825499987,-5.211386909999956],[-45.84813506400001,-5.20733371599997],[-45.84226491799997,-5.204709506],[-45.83966018699992,-5.205922378],[-45.84197783600002,-5.201108464999945],[-45.839097421,-5.19902578899993],[-45.836719649999985,-5.200547775999916],[-45.83094480999992,-5.190436672999984],[-45.82217730899996,-5.189416579999958],[-45.82318299100004,-5.183925346],[-45.820149393999856,-5.183993053999921],[-45.817405546000025,-5.178264983],[-45.81968123400002,-5.174583229999926],[-45.813524424999976,-5.174819645999947],[-45.813247906000015,-5.163693555999967],[-45.809430678999924,-5.160608174999944],[-45.807053993,-5.161853548999958],[-45.806561761999866,-5.159597544999902],[-45.80565280899998,-5.162019179999985],[-45.802945659999985,-5.159798463999917],[-45.801416369000016,-5.161501339999949],[-45.79922601599998,-5.156354505999979],[-45.79508569999997,-5.154054665999937],[-45.796233932000035,-5.152450785999926],[-45.793519100000026,-5.153271054999938],[-45.79569841099987,-5.149704614],[-45.79335393100004,-5.146118092999893],[-45.797775004,-5.141786083999929],[-45.79532623299998,-5.139533889999922],[-45.79783567499987,-5.138616012999916],[-45.79610457,-5.131691026999904],[-45.79943330199998,-5.128219606],[-45.795735403,-5.126167377999931],[-45.797057974,-5.124390167999967],[-45.79029448300003,-5.118600107999979],[-45.78460103899987,-5.123601746999925],[-45.78118012899988,-5.119652612999933],[-45.78258574499992,-5.118361716999972],[-45.777765883,-5.119535825999951],[-45.774181757999926,-5.112848178999948],[-45.768836916999916,-5.112976327999982],[-45.76070147600002,-5.096814273999969],[-45.758009398000034,-5.096377330999965],[-45.75792489599997,-5.093191408999972],[-45.754506368,-5.092786446999949],[-45.75563297499996,-5.088557866999929],[-45.75297805700003,-5.085293773999951],[-45.755869021999956,-5.084001120999933],[-45.75264947599993,-5.080737969999945],[-45.75224392599986,-5.075779295999912],[-45.74934479299997,-5.072073614],[-45.74621347699997,-5.073125166999955],[-45.74758306899996,-5.076187610999946],[-45.7436471679999,-5.078088224999907],[-45.744607914,-5.07490132100001],[-45.739264436,-5.074948280999899],[-45.740312124,-5.078212486999974],[-45.7381016799999,-5.077005671999953],[-45.73765370399996,-5.070716548999973],[-45.732707588,-5.067695769999966],[-45.73270245200001,-5.063867502999938],[-45.72900698599987,-5.063548685999938],[-45.72606850599992,-5.059681595999984],[-45.727470692999944,-5.056454739999979],[-45.72381208699992,-5.052266247999989],[-45.725498881999954,-5.050971815],[-45.72216178299988,-5.050209187999962],[-45.724689052,-5.047505811999927],[-45.722918223000036,-5.044927228999915],[-45.71495874399987,-5.041790902999939],[-45.71581095399986,-5.046951647999905],[-45.712752522000024,-5.044214541999922],[-45.70966143299997,-5.04699929799994],[-45.70800880300001,-5.042444288999911],[-45.70391341,-5.043577562999887],[-45.698083595,-5.039995533999982],[-45.69563398899992,-5.041489639999971],[-45.68393950399999,-5.038962033999913],[-45.68003685600002,-5.033280734999953],[-45.67911526299997,-5.034894307999967],[-45.67718122699991,-5.031266802999942],[-45.67449084099997,-5.032197528999945],[-45.67440765899993,-5.029253925000018],[-45.670431234,-5.030468181999944],[-45.66238978099988,-5.024953998999956],[-45.65812263799996,-5.02535015099996],[-45.65430785699989,-5.018590174999923],[-45.65574877099992,-5.013104789999919],[-45.65277686199987,-5.013349142999975],[-45.65365792499994,-5.010809836999926],[-45.64907692199989,-5.009805200999936],[-45.647102033999914,-5.004081690999947],[-45.644414692999874,-5.005490304999967],[-45.644168786000044,-5.003279558999925],[-45.6405538239999,-5.00445004199996],[-45.637337794,-5.002277878],[-45.634126694999956,-5.00409412599991],[-45.63004007299996,-5.002233107999939],[-45.629493145,-4.994647832999918],[-45.61993352599996,-4.987780218999945],[-45.61167723499993,-4.989086191999911],[-45.608714095999986,-4.992882026999919],[-45.35207921199996,-5.0414297469999],[-45.351106111,-5.038808353999987],[-45.345050616999984,-5.042622283999983],[-45.27984747200003,-5.055276667999938],[-45.260321544999954,-5.027970828],[-45.256641569000024,-5.030284851999963],[-45.24546827699987,-5.023602624999964],[-45.23977975899994,-5.015329684999888],[-45.226936774,-5.012046794999955],[-45.209715323,-4.999728587999926],[-45.192357890000025,-4.99680611199997],[-45.192505857000015,-4.998610042999926],[-45.13295329599996,-4.997209211999928],[-45.117889840999986,-4.992134703],[-45.11064544700001,-4.975778055999954],[-45.10427146200003,-4.968728124999907],[-45.057635202000014,-4.947016435],[-45.04402231999998,-4.937709658999908],[-45.040255276000046,-4.929812084999981],[-45.042264267,-4.916843248999943],[-45.03532897900003,-4.899915717999922],[-45.031274899999964,-4.895967485],[-45.03706579600002,-4.875941257999924],[-44.98537820400004,-4.824619718999942],[-44.820782311999935,-4.840118802999901]]]},"properties":{"agrupamento":"Colinas"}},{"type":"Feature","geometry":{"type":"Polygon","coordinates":[[[-47.028813294,-3.604237227999914],[-47.026949714,-3.607488664],[-47.030444863,-3.610782229999928],[-47.024455544000034,-3.614737442999979],[-47.024682036999856,-3.619323094999968],[-47.028473204000015,-3.622557307999959],[-47.023530874,-3.626227926],[-47.02777171599997,-3.628859485999954],[-47.02554207799987,-3.631252370999968],[-47.02692373299988,-3.638324317999971],[-47.02513866499998,-3.639308768999979],[-47.03302412699997,-3.643416009999908],[-47.02522658699997,-3.660677263],[-47.02827949399988,-3.661788677999952],[-47.02540638100002,-3.662320121999959],[-47.02866701499988,-3.663995319],[-47.028546521999864,-3.666943234999938],[-47.024234158999924,-3.670852928999953],[-47.02951511099998,-3.675429209999966],[-47.02949110399986,-3.682162850999956],[-47.026394499999974,-3.685885647999961],[-47.02446072500002,-3.684551591999893],[-47.02264205599991,-3.691171136999945],[-47.01887456899994,-3.689318672999971],[-47.015907523000024,-3.693138904999956],[-47.00921976300001,-3.695713242999973],[-47.00582692599986,-3.70131317399995],[-47.00663079899994,-3.703963718999966],[-47.001644235,-3.702197101],[-47.000333,-3.7056],[-46.996769,-3.705343],[-46.996774,-3.717977],[-46.995033537999966,-3.714398252999925],[-46.99264335899991,-3.713451954999965],[-46.99383525100003,-3.714828504],[-46.98361404099996,-3.726140399999985],[-46.983060654,-3.733942953999954],[-46.97707035799988,-3.734174489999927],[-46.97651015099998,-3.738703531999939],[-46.98013525599998,-3.739829449999928],[-46.975777173,-3.743528920999958],[-46.979011411999984,-3.742181592999946],[-46.978369717,-3.745540674999966],[-46.980397459999914,-3.746175454],[-46.97623328999998,-3.750469945999964],[-46.973208552,-3.750308779999952],[-46.97446153600003,-3.752925268],[-46.970946158999865,-3.758635274999929],[-46.97366853699996,-3.761112287999976],[-46.970651588999914,-3.764093339999893],[-46.97206379999988,-3.767287465999943],[-46.96698329399989,-3.769637567999969],[-46.962647605999976,-3.78385343099998],[-46.95825487199988,-3.785040760999988],[-46.95939415,-3.787525785999986],[-46.9556316539999,-3.795588150999959],[-46.95292284300004,-3.795816875999965],[-46.954269519,-3.79820595199993],[-46.9510415789999,-3.799225952999948],[-46.95619465300003,-3.805135342999951],[-46.953296221999935,-3.806950721999965],[-46.955328979999905,-3.810970745999961],[-46.94703803200002,-3.833663539999962],[-46.949482959,-3.835763621999907],[-46.94698624499991,-3.836812146999887],[-46.947541730999866,-3.841505161999966],[-46.945714062,-3.84290582599995],[-46.94753555699998,-3.844152401999975],[-46.94433122999988,-3.846824373999898],[-46.94701550400003,-3.849136716],[-46.944651033999875,-3.850105950999901],[-46.94446104499997,-3.854737132999927],[-46.9473049009999,-3.855285260999982],[-46.942496407000036,-3.859610169999979],[-46.94403875400002,-3.861176591999912],[-46.93949687000001,-3.862910703999952],[-46.93606626299994,-3.87954145500002],[-46.93888549999996,-3.880663616999965],[-46.939062885999896,-3.89039057099991],[-46.941768124,-3.892552205999974],[-46.94035648999991,-3.899089091999937],[-46.943903196999905,-3.903674682999921],[-46.94269263000002,-3.908928399999941],[-46.945831918999886,-3.911031584999965],[-46.944055947000024,-3.913078435999947],[-46.946152077,-3.915550522999941],[-46.94315748799993,-3.916370663999943],[-46.945035217999866,-3.92349584899991],[-46.939142567,-3.93331651099997],[-46.940047437,-3.937902456999983],[-46.93475249300003,-3.949388277999973],[-46.9361431519999,-3.960989815999945],[-46.927293796,-3.974820683999988],[-46.928563456999896,-3.977349931999915],[-46.925641136000046,-3.986186981999947],[-46.920382621999984,-3.991886864999935],[-46.918214496,-3.99884897899991],[-46.92014573499992,-4.000878651999892],[-46.91767795999993,-4.009878140999953],[-46.91953949500003,-4.016835407999971],[-46.91549977599992,-4.022009571999981],[-46.91659728699987,-4.029784337999961],[-46.912519110999945,-4.038309116999913],[-46.91403806800003,-4.047155487999917],[-46.912257984,-4.059560031999983],[-46.91777097099999,-4.065881600999895],[-46.916196035999974,-4.077219346999891],[-46.92710348499998,-4.086647095999948],[-46.948484718,-4.080654609],[-46.961956022999956,-4.090854561999909],[-46.96341303499998,-4.094471967999898],[-46.96165086900002,-4.103856894999965],[-46.964381032999874,-4.112721997999921],[-47.01019475600004,-4.174690380999931],[-47.01291779400001,-4.193286484999899],[-47.020557690000025,-4.201289916999969],[-47.02968572099997,-4.220460791999888],[-47.072740197,-4.236629586999926],[-47.068835474999965,-4.252083343999954],[-47.069260245000024,-4.263453962],[-47.07284229100002,-4.274017121999948],[-47.08334213499997,-4.284351741999989],[-47.08210396200001,-4.294797314999973],[-47.08840527500003,-4.303590706999946],[-47.08746186100004,-4.309222412999977],[-47.08100273000002,-4.314218042999959],[-47.07929715800004,-4.320279110999899],[-47.073041493999895,-4.323699695999946],[-47.06850826299998,-4.337964009999969],[-47.071048243,-4.342464803999953],[-47.06265755700004,-4.344812347999945],[-47.06274209100001,-4.35331319099996],[-47.058499707999914,-4.362331996999932],[-47.05988134200001,-4.366230620999919],[-47.05383782400001,-4.367504511999894],[-47.05077771700004,-4.372054977],[-47.042817483,-4.374697269999946],[-47.04231563299986,-4.380986178999909],[-47.03724551800002,-4.38657101699997],[-47.031446175999974,-4.388254735999927],[-47.02837271099996,-4.398533237999943],[-47.020762606999924,-4.406063376999932],[-47.02049389299999,-4.411638305999884],[-47.015910201999894,-4.414641478999944],[-47.01698682199998,-4.420232529999987],[-47.00617713699997,-4.422328273999928],[-46.999839783,-4.427400713999959],[-46.98970566000003,-4.423183797000015],[-46.986875945999934,-4.426316798999982],[-46.98475926200003,-4.424599911999946],[-46.965250475999866,-4.425264565999961],[-46.95996998000003,-4.429964918999937],[-46.94820972299989,-4.434848712999902],[-46.936512981000035,-4.432870844999944],[-46.935593438999895,-4.440562719],[-46.93220070699993,-4.443159346999988],[-46.922394421,-4.438614828999939],[-46.91578256099996,-4.438903819999958],[-46.91297349999997,-4.433236298999895],[-46.897014739,-4.429163759],[-46.89397768699997,-4.430225107999971],[-46.88942072699996,-4.427191569999885],[-46.8787477779999,-4.427993376999969],[-46.87490566199988,-4.432572601999959],[-46.87308185499997,-4.428513123999985],[-46.86958855099986,-4.428082886],[-46.870086544999936,-4.424713940999966],[-46.86516227399991,-4.423596143999938],[-46.85751990699996,-4.416530386],[-46.85617871900001,-4.409067155999954],[-46.84908673699986,-4.401132811],[-46.84926484700003,-4.395399376999905],[-46.844478835999986,-4.392518997999969],[-46.84218659600004,-4.394262103999954],[-46.839772474999954,-4.386699176],[-46.82272168500004,-4.37722827999993],[-46.815842435,-4.378751152999901],[-46.813657389000035,-4.375711411999924],[-46.806052440999984,-4.376741347999965],[-46.80038858899996,-4.373723283999916],[-46.78690555,-4.376288013999937],[-46.785938492999925,-4.374466597999956],[-46.780151755000034,-4.375632492999967],[-46.76776529999996,-4.37218316499994],[-46.761124932999955,-4.377738934],[-46.75157853000003,-4.376403685],[-46.745507586999985,-4.38269107899993],[-46.738925321,-4.382945463999929],[-46.73649890299996,-4.378606405],[-46.73108107199986,-4.377327264999949],[-46.73258462400001,-4.372228474999958],[-46.729633407999984,-4.372383120999964],[-46.727845150999904,-4.375681066999989],[-46.721187626,-4.37485870099998],[-46.715423229,-4.367977192999924],[-46.70874440599993,-4.366040718999927],[-46.69929316099997,-4.3556945],[-46.68862912899994,-4.356867226999946],[-46.68525903199998,-4.354941206000015],[-46.678051508000046,-4.341770762],[-46.670023687,-4.343678388999913],[-46.655517034,-4.339629668999941],[-46.64986121899992,-4.342235138999958],[-46.64255419800001,-4.334948201999929],[-46.631720117000036,-4.334978333999936],[-46.62986704799992,-4.330381170999972],[-46.620367308000034,-4.324995537999961],[-46.61972419200003,-4.322044221999929],[-46.61440648800004,-4.321388267000011],[-46.61007186300004,-4.316081361999943],[-46.600760239,-4.31429618299994],[-46.592849231999935,-4.30926932199995],[-46.58902481599987,-4.298275835999928],[-46.57520040799992,-4.291887587],[-46.575400965,-4.288855440999947],[-46.56428043800003,-4.282192554999949],[-46.559018687999966,-4.272887073999883],[-46.555572216,-4.272193335999948],[-46.55046656099997,-4.275327063999975],[-46.539251958000044,-4.269569292],[-46.536863149999924,-4.259466607999959],[-46.53123175,-4.253784852999961],[-46.532741926,-4.239276985999948],[-46.52697166099986,-4.236245217],[-46.52750275999993,-4.23377032199996],[-46.52345309199997,-4.230295832999983],[-46.52085644999988,-4.231637239999949],[-46.51592717299997,-4.227568714999937],[-46.51237488099996,-4.227818285999981],[-46.51134246499998,-4.223797351],[-46.506333953,-4.22272258899998],[-46.50507939499993,-4.219052909000017],[-46.50004605700003,-4.218324955999916],[-46.49526947299996,-4.21296909199997],[-46.49550547000003,-4.208240657999981],[-46.489010125999954,-4.204300804999957],[-46.487222441000014,-4.200455520999943],[-46.480664479,-4.201002557],[-46.47905257799994,-4.192087196999968],[-46.46900327799988,-4.185300651999953],[-46.443120041999954,-4.157588888],[-46.43850932600002,-4.138368754999907],[-46.43332915099996,-4.130277705999959],[-46.40087297000002,-4.112740548999946],[-46.38530724599997,-4.101643059999934],[-46.37449339699997,-4.078599637999965],[-46.362219309999865,-4.065531985999923],[-46.34216953999997,-4.050078361],[-46.31972089899992,-4.040430012999892],[-46.30695895600004,-4.028512304999961],[-46.29568275199989,-4.021959647999936],[-46.277205312999975,-4.004490033],[-46.27361364999998,-3.993050390999927],[-46.26912107599997,-3.989586725999957],[-46.26231330799988,-3.988894878999912],[-46.25754815999988,-3.992672485999923],[-46.25170881999998,-3.988406744999936],[-46.246743363999926,-3.989357667000012],[-46.243605937000034,-4.001841093999944],[-46.22574542199991,-4.010102656999966],[-46.22586002399998,-4.01878430499993],[-46.22131283699998,-4.019473379000012],[-46.217687054,-4.025242103999923],[-46.21735777200003,-4.032272367999941],[-46.212278925,-4.040874809999925],[-46.212835104,-4.049539806999932],[-46.228216378,-4.073394941999916],[-46.23299116,-4.087033061999908],[-46.238835181,-4.089753421999927],[-46.24748244299997,-4.104885564],[-46.250913629,-4.106960071999951],[-46.253167858,-4.11439217],[-46.26194150399994,-4.123725403999964],[-46.26120137599999,-4.127957185999983],[-46.26748423599998,-4.129005544999949],[-46.266510858999915,-4.135725637999973],[-46.27618780399998,-4.157406367],[-46.27514643099988,-4.163854331999969],[-46.28449810699986,-4.171991714999931],[-46.28318222699988,-4.17775865799996],[-46.288186266000025,-4.206404654999948],[-46.28239514699986,-4.215862089999974],[-46.282920136000044,-4.225310812],[-46.292067442,-4.233311344],[-46.29911389900001,-4.243772188],[-46.299393122000026,-4.247660247999915],[-46.29200674899994,-4.27881679599997],[-46.28309671499991,-4.288343417999948],[-46.27920167900004,-4.297669000999989],[-46.264577273999976,-4.30769444399994],[-46.240937843,-4.373776619999977],[-46.23362753799998,-4.381577564],[-46.22598665899989,-4.385617360999935],[-46.22337444399994,-4.390402493999908],[-46.22997072899993,-4.402583488999952],[-46.22759236699987,-4.419183602999973],[-46.230706626999975,-4.425945850999931],[-46.23292940200004,-4.445330709999969],[-46.217248285000025,-4.469847847999927],[-46.203081158999964,-4.471643041999958],[-46.19320078899994,-4.511727274999907],[-46.159104866000035,-4.560495709999942],[-46.17805060099989,-4.600263083999963],[-46.209270261000015,-4.623680844],[-46.228902122999976,-4.624991371999983],[-46.20178859899986,-4.752488743999913],[-46.13198326299988,-4.790202532000017],[-46.132048202000014,-4.797561489999965],[-46.115092655999895,-4.800436184999964],[-46.11045471400002,-4.809520151],[-46.10409341699993,-4.813881673],[-46.102677607000025,-4.831985101999977],[-46.091938397,-4.840540914999921],[-46.089393483,-4.854617265999935],[-46.017372375000015,-4.85370584099993],[-46.027167957999865,-4.836828131999945],[-46.02618713999989,-4.825013174999989],[-46.029841004999966,-4.815953485999921],[-46.028354184999955,-4.805499495999951],[-46.036453553999884,-4.805094215999902],[-46.041397323999924,-4.799421036999903],[-46.03953327999988,-4.78993872399995],[-46.036858781000014,-4.789209314999906],[-46.03661564499997,-4.784508682],[-46.028511103999975,-4.77121723399991],[-46.02924051199993,-4.767489145],[-46.02259478900002,-4.762140148],[-46.02137910799998,-4.757520559999958],[-46.01327456699989,-4.74909183699996],[-46.01189679500002,-4.741878796],[-46.005737344000025,-4.741716704999917],[-45.99998311899998,-4.734341572999964],[-45.98913684799988,-4.733035997999942],[-45.98534970299988,-4.728616481999933],[-45.97581861799989,-4.724919924999967],[-45.97006465699996,-4.706783194],[-45.96627460899998,-4.704498836999989],[-45.964372016000034,-4.707164988999964],[-45.958289373,-4.698690849999939],[-45.96020928999996,-4.688051205999973],[-45.95674976199997,-4.676608787999933],[-45.94841087299986,-4.670838955000019],[-45.93834703900002,-4.668821520999896],[-45.935653315999986,-4.664627685],[-45.92827718099986,-4.66168538399991],[-45.92475520399995,-4.632848586999946],[-45.92600075099989,-4.624478306999898],[-45.9221311189999,-4.615674147999923],[-45.92300475899989,-4.639774705999963],[-45.91427952199996,-4.639960348999957],[-45.885319160999984,-4.629935608999976],[-45.87213848399992,-4.630678181999955],[-45.86749740099996,-4.627522244999956],[-45.84903855299998,-4.743947231999909],[-45.71224897199993,-4.775165559999924],[-45.707021487000034,-4.833576654999946],[-45.59809282299994,-4.894033728999966],[-45.59180989299994,-4.894408443999972],[-45.571900657000036,-4.920864121],[-45.578668272,-4.934770442999899],[-45.582963773000046,-4.938341497999962],[-45.57996006199994,-4.93820717099995],[-45.575880146999964,-4.944277577999952],[-45.57145868199997,-4.944102842999972],[-45.57611381100002,-4.946780634999933],[-45.574073063999926,-4.950668028999879],[-45.57730971300003,-4.955661331999935],[-45.58321040499993,-4.957825685999958],[-45.587092408999965,-4.965329930999936],[-45.58730519199999,-4.978011321999905],[-45.588874900000015,-4.976440244999943],[-45.59277574299992,-4.979141913999926],[-45.60112688199998,-4.978221654999989],[-45.605544895999955,-4.982285103999936],[-45.60600929299992,-4.992983697999894],[-45.613242235,-4.988490339],[-45.61993352599996,-4.987780218999945],[-45.629493145,-4.994647832999918],[-45.63004007299996,-5.002233107999939],[-45.634126694999956,-5.00409412599991],[-45.637337794,-5.002277878],[-45.6405538239999,-5.00445004199996],[-45.644168786000044,-5.003279558999925],[-45.644414692999874,-5.005490304999967],[-45.647102033999914,-5.004081690999947],[-45.64907692199989,-5.009805200999936],[-45.65365792499994,-5.010809836999926],[-45.65277686199987,-5.013349142999975],[-45.65574877099992,-5.013104789999919],[-45.65430785699989,-5.018590174999923],[-45.65812263799996,-5.02535015099996],[-45.66238978099988,-5.024953998999956],[-45.670431234,-5.030468181999944],[-45.67440765899993,-5.029253925000018],[-45.67449084099997,-5.032197528999945],[-45.67718122699991,-5.031266802999942],[-45.67911526299997,-5.034894307999967],[-45.68003685600002,-5.033280734999953],[-45.68393950399999,-5.038962033999913],[-45.69563398899992,-5.041489639999971],[-45.698083595,-5.039995533999982],[-45.70391341,-5.043577562999976],[-45.70800880300001,-5.042444289],[-45.70966143299997,-5.04699929799994],[-45.712752522000024,-5.044214541999922],[-45.71581095399986,-5.046951647999905],[-45.71495874399987,-5.041790902999939],[-45.722918223000036,-5.044927228999915],[-45.724689052,-5.047505811999927],[-45.72216178299988,-5.050209187999962],[-45.725498881999954,-5.050971815],[-45.72381208699992,-5.052266247999989],[-45.727470692999944,-5.056454739999979],[-45.72606850599992,-5.059681595999984],[-45.72900698599987,-5.063548685999938],[-45.73270245200001,-5.063867502999938],[-45.732707588,-5.067695769999966],[-45.73765370399996,-5.070716548999973],[-45.7381016799999,-5.077005671999953],[-45.740312124,-5.078212486999974],[-45.739264436,-5.074948280999899],[-45.744607914,-5.07490132100001],[-45.7436471679999,-5.078088224999907],[-45.74758306899996,-5.076187610999946],[-45.74621347699997,-5.073125166999955],[-45.74934479299997,-5.072073614],[-45.75224392599986,-5.075779295999912],[-45.75264947599993,-5.080737969999945],[-45.755869021999956,-5.084001120999933],[-45.75297805700003,-5.085293773999951],[-45.75563297499996,-5.088557866999929],[-45.754506368,-5.092786446999949],[-45.75792489599997,-5.093191408999972],[-45.758009398000034,-5.096377330999965],[-45.76070147600002,-5.096814273999969],[-45.768836916999916,-5.112976327999982],[-45.774181757999926,-5.112848178999948],[-45.777765883,-5.119535825999951],[-45.778446066999884,-5.118124731],[-45.78258574499992,-5.118361716999972],[-45.78118012899988,-5.119652612999933],[-45.78460103899987,-5.123601746999925],[-45.79029448300003,-5.118600107999979],[-45.797057974,-5.124390167999967],[-45.795735403,-5.126167377999931],[-45.79943330199998,-5.128219606],[-45.79610457,-5.131691026999904],[-45.79783567499987,-5.138616012999916],[-45.79532623299998,-5.139533889999922],[-45.797775004,-5.141786083999929],[-45.79335393100004,-5.146118092999893],[-45.79569841099987,-5.149704614],[-45.793519100000026,-5.153271054999938],[-45.796233932000035,-5.152450785999926],[-45.79508569999997,-5.154054665999937],[-45.79922601599998,-5.156354505999979],[-45.801416369000016,-5.161501339999949],[-45.802945659999985,-5.159798463999917],[-45.80565280899998,-5.162019179999985],[-45.806561761999866,-5.159597544999902],[-45.807053993,-5.161853548999958],[-45.809430678999924,-5.160608174999944],[-45.813247906000015,-5.163693555999967],[-45.813524424999976,-5.174819645999947],[-45.81968123400002,-5.174583229999926],[-45.817405546000025,-5.178264983],[-45.820149393999856,-5.183993053999921],[-45.82318299100004,-5.183925346],[-45.82217730899996,-5.189416579999958],[-45.83094480999992,-5.190436672999984],[-45.836719649999985,-5.200547775999916],[-45.839097421,-5.19902578899993],[-45.84197783600002,-5.201108464999945],[-45.83966018699992,-5.205922378],[-45.84226491799997,-5.204709506],[-45.84813506400001,-5.20733371599997],[-45.84862825499987,-5.211386909999956],[-45.852732236999884,-5.205723713999896],[-45.85546488300003,-5.205428318999968],[-45.86550934799987,-5.234176191999947],[-45.87006913499985,-5.232616849999979],[-45.87124629699991,-5.23581860999995],[-45.87368420899991,-5.230583299999943],[-45.878159961999955,-5.238131562000011],[-45.88165939199995,-5.236669544999924],[-45.880701624999844,-5.239007665999936],[-45.88516640099987,-5.238235843999935],[-45.888429007,-5.240978273999915],[-45.887854285999865,-5.249103925999973],[-45.89586938799984,-5.247685582999947],[-45.90557438699983,-5.254798221999942],[-45.90696835199997,-5.263670369999947],[-45.91122075199992,-5.264606183999928],[-45.90787306199995,-5.269989598999932],[-45.91395508899994,-5.275776495999925],[-45.91592395799995,-5.281983307999934],[-45.92315611599998,-5.283288994999965],[-45.92428891899983,-5.287399569999903],[-45.92660784699985,-5.285926816],[-45.93214168499986,-5.28781866299994],[-45.929605504999984,-5.288862386999967],[-45.93168721999992,-5.292505271999933],[-45.92880497299992,-5.293724495999915],[-45.92835184599982,-5.299337024999958],[-45.93258282699995,-5.31289595099997],[-45.93790929599986,-5.313821867999931],[-45.94333133600004,-5.322887613999968],[-45.95340870500002,-5.326332461999891],[-45.956492462,-5.330068343999913],[-45.95956724900004,-5.328287443999909],[-45.96545282599993,-5.333797935999947],[-45.96666109999999,-5.33192657199992],[-45.96937258199989,-5.335569964999928],[-45.97328906099994,-5.33593855699996],[-45.97357132000002,-5.338088062999909],[-45.97590511600003,-5.338739798999922],[-45.977103341999964,-5.334462649999968],[-45.98121044899988,-5.332463851999965],[-45.98643536299991,-5.332267971999923],[-45.987487371,-5.355727336999935],[-45.99299109200002,-5.356374517999925],[-46.00165002599988,-5.36219603199994],[-45.903498182999904,-5.427351395999943],[-45.88585403599992,-5.443764672999959],[-45.84079962599996,-5.412016253999959],[-45.84320200799988,-5.408587850999976],[-45.842081920999924,-5.401504407999909],[-45.79897970799993,-5.44870174299998],[-45.785482203999855,-5.441205742999974],[-45.74013098400003,-5.402584945999963],[-45.71059693099993,-5.590024775999965],[-45.60804094099998,-5.776246414999982],[-45.598094891000024,-5.770725979999921],[-45.59958421599997,-5.765194653999935],[-45.59516953699992,-5.76141831099994],[-45.593341371,-5.754633087999946],[-45.59484915699988,-5.753911312],[-45.591361832,-5.748885451],[-45.59346021399988,-5.745959965999888],[-45.587102371999904,-5.745682173],[-45.58824754299997,-5.741455652999968],[-45.58199339999987,-5.734743603999989],[-45.576666676999935,-5.734305090999944],[-45.576016764999984,-5.729196947999978],[-45.375844130000026,-5.932591874000011],[-45.400605121,-5.938684256999967],[-45.403888155999944,-5.941533175999965],[-45.409753866999885,-5.938812336],[-45.411510916999866,-5.934917483999965],[-45.41386099899998,-5.93944334099998],[-45.41652414999989,-5.93993947],[-45.419137163999906,-5.947237581999972],[-45.42288102699997,-5.945220082999932],[-45.42489322700001,-5.950561067999979],[-45.42705692499989,-5.947005031999915],[-45.43114115999996,-5.946617820999941],[-45.45649942699997,-5.961398503999967],[-45.463368751,-5.960593214999951],[-45.464724408999984,-5.957468929999906],[-45.47088061399998,-5.963308608],[-45.469605310999974,-5.968753629999953],[-45.47240637899992,-5.971713583999901],[-45.47504065999993,-5.969549870999932],[-45.47983660999991,-5.972427702999924],[-45.47960301900003,-5.979073180999902],[-45.48583786899996,-5.980508820999938],[-45.494474167,-5.990268493999925],[-45.501266121,-5.99242393299992],[-45.50494642399996,-5.99786489799989],[-45.509618004999865,-5.9958083],[-45.51325580400003,-5.999458591999947],[-45.52460344199987,-6.001208809999988],[-45.52412898399996,-6.005052044999922],[-45.528128228999925,-6.011773943],[-45.5265370549999,-6.016258519999981],[-45.523579873,-6.016982501999931],[-45.52558233500004,-6.021864870999956],[-45.5282181659999,-6.021300589999897],[-45.54598628100002,-6.051706200999903],[-45.55662037499997,-6.058820914999981],[-45.56399376099987,-6.079789606999971],[-45.56822876499998,-6.079705573999946],[-45.569430031999985,-6.082666013999934],[-45.592292727,-6.090967887],[-45.61340395599998,-6.106315567999961],[-45.613487947,-6.108797352999958],[-45.609811535999924,-6.108161670999942],[-45.609412410999944,-6.110163505999929],[-45.614373942000036,-6.114640900999931],[-45.615339541,-6.120244096999913],[-45.62460975699998,-6.12071388999997],[-45.62789448399998,-6.127834954999952],[-45.644694591000025,-6.143027565999955],[-45.65364832800003,-6.145898095999965],[-45.66036815400003,-6.15149501399996],[-45.65990223900003,-6.162862533999932],[-45.676382852000025,-6.17629235399992],[-45.694769269999874,-6.180431530999916],[-45.7057349359999,-6.192985651999924],[-45.72684328499999,-6.199522794],[-45.73323422599996,-6.19807293599994],[-45.735717342999976,-6.201832220999944],[-45.74164450800003,-6.202304817999967],[-45.7438479049999,-6.207262462],[-45.747703851,-6.209465859999971],[-45.74522502899998,-6.21607605299996],[-45.75291541799991,-6.224828820999947],[-45.75559236099998,-6.233967664],[-45.762633600000015,-6.23780677499994],[-45.787858404,-6.232527942999973],[-45.794994838,-6.237285993999927],[-45.794690387999864,-6.240684112999891],[-45.78983312099996,-6.244003900999947],[-45.80063462499991,-6.260267231],[-45.81465932399991,-6.273814649999939],[-45.82805276499991,-6.275603638],[-45.83141537599987,-6.279551109999933],[-45.84041550799998,-6.304361225999974],[-45.84174832900003,-6.323659564999958],[-45.84875066199987,-6.33185968699996],[-45.859857660999964,-6.332732391999959],[-45.875609257999855,-6.34540690299998],[-45.886350775999986,-6.343734312999968],[-45.903050470999986,-6.295241276999982],[-45.91472112799973,-6.284647435999898],[-45.932583614000016,-6.279789990999981],[-45.9545214579999,-6.264997877999986],[-45.970809147,-6.258964865999968],[-45.98147251899998,-6.25674379699996],[-45.997220704000036,-6.258102103999904],[-46.00069366499997,-6.256227879999906],[-46.010576718000046,-6.262943233999981],[-46.022915458999904,-6.26392721499995],[-46.03452340099987,-6.261513120999958],[-46.037666460999965,-6.256845944999974],[-46.04627185200001,-6.256152732],[-46.05846893999997,-6.245683439999913],[-46.45096276299987,-6.267442584999935],[-46.457472590999906,-6.270513144999975],[-46.45633113299988,-6.283192200000017],[-46.464852346999976,-6.281620183999977],[-46.46625418999997,-6.811843954999937],[-46.476427525,-6.81674453599996],[-46.48098370700003,-6.816532435999908],[-46.495816266,-6.808107846999985],[-46.49680477099998,-6.786842077999929],[-46.500960587999934,-6.778321423999963],[-46.50912571999997,-6.777787275],[-46.517497014000014,-6.769844386999964],[-46.51852448300003,-6.750203019999931],[-46.52567681900002,-6.742858675999948],[-46.54035922199991,-6.742086843999947],[-46.55537171299993,-6.738015572999886],[-46.568883563999954,-6.721546052999924],[-46.576217230999944,-6.71875229299996],[-46.574244968,-6.70820323399994],[-46.575666770999874,-6.705957274999915],[-46.58175130799998,-6.705870941999966],[-46.586774368,-6.713902585999972],[-46.59293140899999,-6.715598567999966],[-46.60275885299998,-6.705999764999967],[-46.61437654999996,-6.70358739999994],[-46.62419927400001,-6.713450745999979],[-46.640397419,-6.718672365999919],[-46.64688829599997,-6.728280995999932],[-46.65035959800004,-6.729456708999956],[-46.657875356,-6.720329208999961],[-46.671853353999865,-6.712497400999969],[-46.67991174699986,-6.703368826999974],[-46.69111396200001,-6.699371840999931],[-46.7032254439999,-6.701704447999931],[-46.71565366799997,-6.698759136999951],[-46.72047083500002,-6.695573290999964],[-46.724069301999954,-6.688144699999939],[-46.734089161999975,-6.68300179699994],[-46.796644919,-6.692001157999901],[-46.816338556999916,-6.686325286999947],[-46.822438,-6.680421],[-46.83667543900003,-6.67418744099992],[-46.850212481000014,-6.670475519999926],[-46.86407041899999,-6.671191590000022],[-46.87659693200002,-6.677087566999981],[-46.874747129,-6.681526194999972],[-46.863254250999866,-6.692946892999903],[-46.858499653000024,-6.703058736999897],[-46.83728469499991,-6.705306021999943],[-46.835760113999974,-6.712477326999907],[-46.84120202600002,-6.717588758999967],[-46.8405049799999,-6.722484669999958],[-46.82936619399994,-6.72411764399989],[-46.82156063999999,-6.720361765],[-46.816414838000014,-6.723460793999988],[-46.812417599000035,-6.732325664999924],[-46.81191918400001,-6.740393498],[-46.815298851999955,-6.743755830999928],[-46.82585924200003,-6.741450308999949],[-46.85467004399988,-6.745552564],[-46.866643005000036,-6.756671561999924],[-46.86623107199988,-6.766206230999946],[-46.87863267899997,-6.769561765999939],[-46.89262169300004,-6.807303212999934],[-46.90781422299986,-6.805650559999973],[-46.92083312599986,-6.824825525999963],[-46.926309773999854,-6.863965838999971],[-46.929730352,-6.873036359999959],[-46.930615195000016,-6.906601950999943],[-46.92895307399989,-6.917913652],[-46.920316776999954,-6.924214446999973],[-46.92911089899999,-6.936991800999977],[-46.927170732000036,-6.940300227999981],[-46.915349086999974,-6.945327302999901],[-46.91091667199996,-6.949873040999962],[-46.910229544999865,-6.964894572999932],[-46.911788855999916,-6.970656564],[-46.919732649000025,-6.981085742999956],[-46.91956886599998,-6.989046297999942],[-46.92330971599988,-6.993530574999981],[-46.92472679199989,-7.001088450999956],[-46.93175438000004,-7.006458413999913],[-46.93892374800002,-7.017356939999982],[-46.9518638559999,-7.021785758999962],[-46.953091464000046,-7.023806622999925],[-46.950780941999916,-7.029282533999944],[-46.95344986700003,-7.031882348999937],[-46.961560982999956,-7.029982835999889],[-46.96252958999998,-7.023930239999939],[-46.96953095,-7.023637717999983],[-46.97711827699993,-7.017556767],[-46.974233168999874,-7.012594815999958],[-46.980620816999924,-7.011569334999931],[-46.985029416,-7.01574600799992],[-46.98325224799996,-7.022504175999896],[-46.99308243699991,-7.02490411799996],[-46.997227197000015,-7.015386351999916],[-47.00355557199996,-7.019516956999913],[-47.01018648299998,-7.018992038],[-47.01424783700001,-7.022318870999929],[-47.0171297969999,-7.019545304999949],[-47.02888431699992,-7.020443282],[-47.034653529999964,-7.017008233],[-47.042424699,-7.02280014899996],[-47.048205884999966,-7.021653490999943],[-47.05432625200002,-7.026956979],[-47.060954107999954,-7.026214978999975],[-47.06337760000002,-7.020659022],[-47.069873542999964,-7.019466846999941],[-47.072994377,-7.021242708999972],[-47.07987155399996,-7.016379312],[-47.093823166999954,-7.021108533999972],[-47.10380674199999,-7.014459154999938],[-47.107116134999984,-7.007950104999968],[-47.12549795399999,-7.008168921999954],[-47.126414372999875,-7.003957490999931],[-47.132467005,-7.004383812999945],[-47.133878852999935,-7.001313577999931],[-47.13048279299988,-6.998545411999953],[-47.135708567999984,-6.992956003999958],[-47.14261480100004,-6.994541109999926],[-47.15120514499991,-7.004427980999957],[-47.164788263999974,-6.996942776999956],[-47.167790986999904,-6.991579201],[-47.182017833000025,-6.988622825999898],[-47.188475192999896,-6.980436537999975],[-47.198500231,-6.98321504800001],[-47.20459406099997,-6.982346734000019],[-47.21610899199989,-6.989562217999908],[-47.22989947499996,-6.988526971999961],[-47.23827958399993,-6.981950011999968],[-47.24666692099997,-6.986850149999953],[-47.274423233999975,-6.984452689999917],[-47.281302603000036,-6.979474336999943],[-47.28105018500002,-6.974474958],[-47.289490154999974,-6.971670453999953],[-47.29111360199992,-6.966680380999986],[-47.29858566499998,-6.96629969999993],[-47.308367345000015,-6.955681646999975],[-47.307820417999885,-6.952964843999983],[-47.3127456019999,-6.950155911999919],[-47.32366136899997,-6.953447394999942],[-47.32880208099988,-6.949088988999926],[-47.34057844700002,-6.946245971999883],[-47.34246567799994,-6.940777321999932],[-47.350674452000035,-6.936055972999907],[-47.360229485999966,-6.934433442999951],[-47.36417357299998,-6.931136458999917],[-47.369383252,-6.932122343999954],[-47.37746536299992,-6.92929934999997],[-47.3815657339999,-6.931499632999945],[-47.38885705400003,-6.929370669],[-47.3875845909999,-6.924136120999976],[-47.39773169599988,-6.90715068799996],[-47.41704434499999,-6.899480963999967],[-47.420041549,-6.894052272999947],[-47.42466925,-6.894115588999946],[-47.427540125000036,-6.890153099],[-47.43083084599991,-6.890049804999895],[-47.43901484799991,-6.880988907],[-47.454914071000026,-6.875948059999911],[-47.459664824,-6.865977013999932],[-47.46940393499988,-6.863448332999963],[-47.4783857539999,-6.855871866999959],[-47.4763708569999,-6.853143646],[-47.47751285499997,-6.850549668999958],[-47.488417485999925,-6.851895283],[-47.483322891999926,-6.847348245000014],[-47.486188638999984,-6.84241507999996],[-47.493017127,-6.847275620999956],[-47.49129801699996,-6.841353377999956],[-47.49773521500003,-6.839055004999946],[-47.511029026000045,-6.84515416099993],[-47.51223860399994,-6.839491172999975],[-47.51937412099987,-6.838733892999934],[-47.52049156599996,-6.840470599999922],[-47.52914627,-6.836295310999959],[-47.528896554000035,-6.828117977999978],[-47.516702024000026,-6.79026007699994],[-47.49411866600002,-6.754833228999964],[-47.49723476000001,-6.726199940999963],[-47.497008631999954,-6.701224508999922],[-47.493288116999956,-6.689742990999933],[-47.49864407099991,-6.671231559999954],[-47.468790229,-6.621246216999951],[-47.463231677999886,-6.60707581199997],[-47.465130100999936,-6.577285754999914],[-47.45896742699993,-6.556858005],[-47.456497650999864,-6.538274510999927],[-47.43420543899997,-6.504379645999966],[-47.41941422399996,-6.491965328999979],[-47.416652638999906,-6.48567835699991],[-47.421200382999956,-6.465103285999892],[-47.433259243000016,-6.4401531259999],[-47.4342056849999,-6.43118862299998],[-47.419938464,-6.401621962999934],[-47.40995493099996,-6.369655538999926],[-47.41198304399999,-6.346203533999902],[-47.408624881000044,-6.328066881999935],[-47.396237879999916,-6.307802630999967],[-47.37723577500002,-6.266768311999923],[-47.38536836600003,-6.230391531999953],[-47.40147755700002,-6.209248457999924],[-47.423203955,-6.160186108999906],[-47.43310689899994,-6.112133523999948],[-47.43447775999994,-6.093115279999958],[-47.428041977,-6.03922453799994],[-47.43251542199994,-6.024947760999951],[-47.44562207199992,-6.001572256999951],[-47.44798416599996,-5.992983856999975],[-47.42950792399987,-5.932095976999926],[-47.42887014500004,-5.919483157999946],[-47.43286952999993,-5.893895334999951],[-47.43167321799997,-5.866036322999975],[-47.43785667399992,-5.857869409999968],[-47.442278562999945,-5.830785939999946],[-47.446927672999855,-5.819739833000011],[-47.45265079999999,-5.812594530999978],[-47.46650856600004,-5.77830026100001],[-47.48262249799998,-5.759305560000013],[-47.49337449699991,-5.730530655999929],[-47.4930942409999,-5.710038437000017],[-47.484312439,-5.684115334],[-47.473704525,-5.661979651],[-47.484401348999896,-5.595603954],[-47.483261415999905,-5.564898850999907],[-47.48806563100003,-5.549464108999943],[-47.50012045900003,-5.525604844999973],[-47.51687370299993,-5.510510549999933],[-47.528348797000014,-5.492665707999952],[-47.548539498000025,-5.470789209],[-47.560260639000035,-5.463212714999895],[-47.58050904999993,-5.470016616999925],[-47.605777796,-5.4650945289999],[-47.618619746000014,-5.459726202999989],[-47.66677229299999,-5.421787316999912],[-47.72106789799993,-5.394531682999944],[-47.74431374499986,-5.380132444999949],[-47.768337712999866,-5.378202250999938],[-47.792989368999855,-5.384711504999925],[-47.82754094399997,-5.386588161999947],[-47.84375937100003,-5.37620874999993],[-47.86103977300003,-5.354774394999958],[-47.86762406,-5.342815892999938],[-47.868402049999986,-5.327580392999939],[-47.86574510399997,-5.317225025999957],[-47.872923551,-5.272358115999972],[-47.88557150799986,-5.260700188999953],[-47.92810406699988,-5.241235519999973],[-48.00405885399992,-5.23462024],[-48.01895783699997,-5.239825762999947],[-48.04926467799997,-5.266101277999909],[-48.07926501500002,-5.275064476999899],[-48.0829841039999,-5.272078114999897],[-48.11229274399991,-5.265625776],[-48.17854420200001,-5.260776074999925],[-48.190295423999935,-5.253397691999969],[-48.20649960799988,-5.248984026],[-48.23492771599996,-5.228306719999961],[-48.27301781499993,-5.215965200999958],[-48.29340320999998,-5.204048098999988],[-48.32090443000001,-5.201387705999957],[-48.353154120999925,-5.173893041999929],[-48.3639098149999,-5.168380514999989],[-48.387554,-5.173672447999974],[-48.41959680600004,-5.176746977999898],[-48.442377157,-5.183318168999947],[-48.46615467999987,-5.185445644999938],[-48.486322167,-5.193819750999947],[-48.51946023799996,-5.192135489999946],[-48.53301314299992,-5.19871794399995],[-48.548824001,-5.213555456999971],[-48.561073528999856,-5.230199180999958],[-48.562548568999865,-5.246625872999929],[-48.568550567999985,-5.262794841999981],[-48.56857261100003,-5.282932754999888],[-48.58413260299988,-5.311295640999988],[-48.606131708000035,-5.336500755999936],[-48.61235018799986,-5.338429595000012],[-48.630101654000015,-5.332957830999892],[-48.638659082999915,-5.320008866999989],[-48.65146346300003,-5.311437823999939],[-48.662080040000035,-5.307208138999916],[-48.679438438,-5.305820110999911],[-48.69226440599986,-5.311663197999935],[-48.69921007099998,-5.320123192999945],[-48.704466941,-5.344728092999969],[-48.712126986999984,-5.353013616999932],[-48.730435407000044,-5.347994449999956],[-48.74092429099988,-5.352818237999931],[-48.755150736999965,-5.349165407999942],[-48.46401977099997,-5.120702702999954],[-48.45735257399997,-5.117691073],[-48.43929934399989,-5.100622481999936],[-48.433151540999965,-5.098065462999931],[-48.437596550000045,-5.083568973999971],[-48.43462377899992,-5.076673036999964],[-48.43155271699993,-5.074495475999915],[-48.42729894699987,-5.075296944999971],[-48.419046313999964,-5.085710938],[-48.40037824999999,-5.074156192],[-48.381727071999904,-5.057573407999901],[-47.816153022,-4.614728475999926],[-47.80512824899988,-4.597369447999907],[-47.799199348999856,-4.594944594],[-47.7925691309999,-4.586410790999925],[-47.78629153499998,-4.586065217999931],[-47.770869880000035,-4.593314520999955],[-47.76487181599998,-4.590878194999989],[-47.75404047299996,-4.590823563],[-47.750790851000026,-4.600490981999902],[-47.74797971999987,-4.601539847],[-47.74225631299998,-4.598619389999944],[-47.73759725999996,-4.602589018999944],[-47.73451241399989,-4.603912281999919],[-47.73153654299987,-4.602062217999966],[-47.724812836,-4.606418088999949],[-47.71528848600002,-4.603041655],[-47.71176261099997,-4.603271381],[-47.71192547100003,-4.606266261],[-47.701565252,-4.60478179599992],[-47.682120281999964,-4.606381182999916],[-47.679957294999966,-4.60861736399993],[-47.66302419399993,-4.597200407999954],[-47.63767629199998,-4.571400338999983],[-47.623833734999856,-4.565721756999982],[-47.61194188100002,-4.557357880999931],[-47.60796933199996,-4.548727979999986],[-47.581477655999876,-4.519935483999956],[-47.57764064600001,-4.507782693999936],[-47.568689729999974,-4.492246591999934],[-47.563724177,-4.474557499999961],[-47.53760009000003,-4.452595304999925],[-47.50278813199996,-4.403706586999886],[-47.498916761,-4.388151168999973],[-47.488159270999965,-4.376726408999972],[-47.48810338299996,-4.367167207999963],[-47.47631459000004,-4.356439427999899],[-47.482693631,-4.348151524999918],[-47.479041754,-4.346529712999932],[-47.47643698000004,-4.341018218999989],[-47.47636153600001,-4.333147401999967],[-47.47954116599993,-4.328499625999901],[-47.471746746999926,-4.32071996299996],[-47.47473416000001,-4.315043519999958],[-47.470328998000035,-4.310714563999981],[-47.455820882,-4.305501453999946],[-47.446636352,-4.296063487999931],[-47.44204929699998,-4.287425093],[-47.433237931999855,-4.284282553999948],[-47.42925765699986,-4.286840555999945],[-47.42775067699987,-4.282199821999929],[-47.42967129699998,-4.276200267000015],[-47.42504663199996,-4.276064684999899],[-47.42035755400003,-4.279451248999973],[-47.417519800999976,-4.278410881999958],[-47.41137821000004,-4.270488310999917],[-47.4048145469999,-4.270508597999908],[-47.40107658699997,-4.26782369299998],[-47.39695067699992,-4.260268959],[-47.391871524000045,-4.257887114999922],[-47.38863858599998,-4.249879305999934],[-47.382071471,-4.248850359999975],[-47.37892668300004,-4.244964205999953],[-47.371768055999965,-4.245585847999963],[-47.37449554499987,-4.234862273999981],[-47.371802246000044,-4.232323092999942],[-47.37627093299986,-4.229911339999966],[-47.37632612199998,-4.223542543999966],[-47.37900180100004,-4.22053691999997],[-47.374368363,-4.217554643999951],[-47.370345782999884,-4.21921477599991],[-47.37353889600003,-4.214784314999972],[-47.36815367599996,-4.209855327],[-47.369187865,-4.206555531999908],[-47.365456874000024,-4.205817854999979],[-47.367883004000035,-4.194196046999928],[-47.36026680500003,-4.191372083999952],[-47.36582866399988,-4.18064003199989],[-47.353137563,-4.176781785999958],[-47.34726601999993,-4.18376771599995],[-47.34023511600003,-4.177045751999949],[-47.347187447,-4.157243180999989],[-47.34253648299993,-4.148115291999962],[-47.34975208,-4.141874189999958],[-47.344360760999976,-4.134547585999933],[-47.34628954899987,-4.130945379999958],[-47.343291627999974,-4.126158555999933],[-47.35064364099997,-4.115271360999913],[-47.346144598999956,-4.107192488999908],[-47.345602137000014,-4.100075338999983],[-47.33140704499986,-4.09142505599995],[-47.33322591399998,-4.075609071999971],[-47.331269208,-4.069470373999914],[-47.32522539099988,-4.068364219999961],[-47.32444786500003,-4.057276096999925],[-47.32116161399991,-4.055637622999982],[-47.31942433399996,-4.047774505999976],[-47.31435554699988,-4.04868770399995],[-47.30914886999993,-4.053648903999926],[-47.31035074299999,-4.05664270099992],[-47.30506239499986,-4.058830288],[-47.30340687400001,-4.053739936999908],[-47.29311090999988,-4.052270918999953],[-47.293906334999974,-4.043201221999944],[-47.29121861199999,-4.042159651999918],[-47.28615590199996,-4.045171777999919],[-47.285384521,-4.036181829999937],[-47.28142409899987,-4.033420594999911],[-47.277100845999925,-4.034031700999937],[-47.27724006399998,-4.030584793999933],[-47.27128339399998,-4.033898466999926],[-47.26740468500004,-4.033459641999944],[-47.266708904000026,-4.024694297999894],[-47.24467438499987,-4.012241059999973],[-47.24436328499997,-4.007596199999971],[-47.238928585999986,-3.998630752999973],[-47.22265563799986,-4.001301718],[-47.21997587,-3.988172481999915],[-47.20447412399991,-3.988315421999929],[-47.202380955,-3.981044837999922],[-47.204132097000034,-3.976492736999956],[-47.20173920600002,-3.973568891999975],[-47.197799781999855,-3.974084375],[-47.19651104499998,-3.976614286999976],[-47.19589491299998,-3.979041051999951],[-47.19858743200001,-3.977619156999897],[-47.1997359,-3.980749211999975],[-47.197363383999985,-3.985403898],[-47.190256172,-3.983704733],[-47.18754917800001,-3.979568705],[-47.193448388999975,-3.975308569999943],[-47.19280913300002,-3.968843041999933],[-47.181554192000036,-3.967053480999923],[-47.17842704200002,-3.960897275999927],[-47.180280597,-3.956143270999953],[-47.182303332999936,-3.956440902999888],[-47.181378961999926,-3.959676866999936],[-47.183551375,-3.957649939],[-47.18373250199988,-3.947645093999982],[-47.17962114799997,-3.941795260999933],[-47.175067014,-3.945041087999908],[-47.16925592699988,-3.943439201999973],[-47.16908857799998,-3.938588823000019],[-47.175806069999965,-3.929880287999961],[-47.170101068999905,-3.929187295],[-47.173146050999875,-3.923823358999919],[-47.162772095000044,-3.921829902],[-47.159493421000015,-3.916886053999954],[-47.15710555299997,-3.915881588999977],[-47.15628262,-3.918410680999981],[-47.152955491999876,-3.914882545999917],[-47.14849614100003,-3.914489777999926],[-47.14975730500002,-3.900944008999937],[-47.14695122500002,-3.898222984999951],[-47.14871055399992,-3.896904724999946],[-47.13891877000003,-3.899860252999972],[-47.138930245,-3.90430679],[-47.13243808999992,-3.89957324699994],[-47.13357131199998,-3.896640042999896],[-47.13097639300004,-3.895635772999936],[-47.133547918,-3.887343009999907],[-47.137016803999956,-3.885615701999897],[-47.13254068299988,-3.878653983999954],[-47.12943601300004,-3.88088527799992],[-47.128751023999854,-3.876642592999887],[-47.122015489999974,-3.878377579999911],[-47.124615572999986,-3.881402939999941],[-47.12213078,-3.883025926999935],[-47.11377074599992,-3.877690366999983],[-47.10662483300001,-3.880942791999971],[-47.105882025000014,-3.873971262999928],[-47.10208580699997,-3.869230414999977],[-47.10185897600004,-3.861348242],[-47.088743055,-3.861583281999988],[-47.08520511699992,-3.856640015999987],[-47.08435436199987,-3.847748436999972],[-47.08108753100002,-3.847453604999914],[-47.07941988299998,-3.843919866999919],[-47.083973968000016,-3.840573692],[-47.08209769599994,-3.836333507999897],[-47.08023156399999,-3.836742234999964],[-47.082344767999956,-3.831381422999965],[-47.08679522900004,-3.828136611999985],[-47.086683525999945,-3.824902697999929],[-47.0789637729999,-3.826942448999945],[-47.07688326699997,-3.82401687499991],[-47.07885307399989,-3.823810046999939],[-47.078017022,-3.821083013999989],[-47.0726175459999,-3.817862393999968],[-47.07825378199986,-3.811684106],[-47.07440775799987,-3.807852964999921],[-47.075746766999906,-3.804009469999966],[-47.068072594999904,-3.803319642],[-47.066455623999964,-3.79928108999998],[-47.063241088,-3.798884605999949],[-47.06405027499989,-3.790595701999973],[-47.05921538199989,-3.784442472999957],[-47.06469393700004,-3.777759150999956],[-47.05571574899987,-3.773535606999908],[-47.059646089,-3.769281852999936],[-47.05528949799996,-3.768281269999926],[-47.06207038699986,-3.764323895999962],[-47.06527335499993,-3.759363963999914],[-47.053582656999865,-3.747769434999989],[-47.059373003999966,-3.741186120999914],[-47.054448631000014,-3.741299014999929],[-47.053297243999964,-3.736855062999941],[-47.06084954900001,-3.729762971999958],[-47.0571501539999,-3.721686432999967],[-47.048124039999855,-3.718877496],[-47.05055344999987,-3.715941190999957],[-47.04878553999996,-3.713519596999967],[-47.04991638099992,-3.709372816999964],[-47.046280827000025,-3.706450963999971],[-47.05077397199991,-3.69896123099995],[-47.04878078099993,-3.688960134999971],[-47.054525177000045,-3.685005358999956],[-47.05140209599992,-3.679151145999989],[-47.049434369,-3.680065033999932],[-47.04963441400003,-3.677032226999907],[-47.04076526499992,-3.674324073],[-47.03701867399999,-3.667966087999926],[-47.04173932499996,-3.669571897],[-47.044738921999986,-3.666532983999923],[-47.04889033400002,-3.668646067999966],[-47.052713468999976,-3.663179659000023],[-47.04591061799986,-3.65763654699995],[-47.05087645200004,-3.65338008000002],[-47.056168640000045,-3.655693061],[-47.053509484000024,-3.648826348999919],[-47.055578248000046,-3.646699333999966],[-47.04749488700002,-3.647627358000013],[-47.04007508900001,-3.644106797999954],[-47.040688515999875,-3.640669652999958],[-47.046074239999896,-3.638433512999947],[-47.04476740099986,-3.633383617999915],[-47.05233929799993,-3.635387087999949],[-47.0452681639999,-3.625499098],[-47.04862386,-3.619629336999904],[-47.04042457299989,-3.615403935999969],[-47.03817441399996,-3.605503773999904],[-47.028813294,-3.604237227999914]]]},"properties":{"agrupamento":"Imperatriz"}},{"type":"Feature","geometry":{"type":"Polygon","coordinates":[[[-42.839550517999974,-5.064113983],[-42.818245507999954,-5.097551478999947],[-42.81546068700002,-5.125779742999922],[-42.81204063699993,-5.138258149999971],[-42.805394753,-5.148604788999941],[-42.79899360099991,-5.189678072999922],[-42.80436861499992,-5.206564062999971],[-42.824305025999855,-5.229094231000016],[-42.82948458399987,-5.239264170999932],[-42.82640616799989,-5.256684065999925],[-42.812235679,-5.282375088999932],[-42.81164931399997,-5.289673480999931],[-42.81350613699986,-5.308356971999936],[-42.82436485800001,-5.344906124999956],[-42.83520164399986,-5.355403772999986],[-42.86456875999991,-5.368733852999982],[-42.87116536699993,-5.381187971999975],[-42.881014521999866,-5.390054146999931],[-42.88664249800003,-5.391899311999922],[-42.900245698999974,-5.390215570999964],[-42.909531845999865,-5.394486069999989],[-42.92379163099996,-5.430661378999987],[-42.930681419999985,-5.439174093999918],[-42.95750214299994,-5.44459888599997],[-42.965423963,-5.449194869999926],[-42.96970434499996,-5.457561145999908],[-42.97406676399996,-5.485963726999917],[-42.988453031999946,-5.498591663],[-42.995328168,-5.508292861999938],[-43.00026340699996,-5.519284974999935],[-43.000830557,-5.532222602999966],[-43.00422137099998,-5.542679012999959],[-43.02440210199996,-5.561743739999977],[-43.02546821599998,-5.577378886999914],[-43.03321736599997,-5.592074125999976],[-43.046635110000025,-5.591798610999917],[-43.06178287399996,-5.597682959999891],[-43.081995618999926,-5.599512909999956],[-43.09105226299992,-5.607943955999969],[-43.09720909599997,-5.620052671999894],[-43.097648869999944,-5.626714789999917],[-43.084748839,-5.63439801299996],[-43.08044882799993,-5.644074839999932],[-43.08035470699996,-5.651519483999953],[-43.088560210999965,-5.671596990999924],[-43.075806771999986,-5.731110360999932],[-43.075806771999986,-5.735486099999961],[-43.07981402399999,-5.742041593999955],[-43.094162590999964,-5.742241132999944],[-43.10116705999998,-5.758628338999935],[-43.09828409900001,-5.790277226999959],[-43.09041703400003,-5.807826767999932],[-43.09652500300003,-5.829799384999942],[-43.077077228999855,-5.860909580999892],[-43.07492722400004,-5.867714705999934],[-43.07717495700003,-5.874130889999948],[-43.091345445999934,-5.887935157],[-43.098381936000024,-5.899685879999979],[-43.09950044499993,-5.904611552999946],[-43.09642727600003,-5.909710204999926],[-43.56554974499987,-5.913063435999907],[-43.56553255399996,-5.909583353],[-43.569867044000034,-5.904436121999908],[-43.56667281199998,-5.899679358999973],[-43.57175383399992,-5.889274821],[-43.560848418,-5.891238784999971],[-43.5602451399999,-5.882810904999954],[-43.55000509799996,-5.87900582599998],[-43.55097990199988,-5.869407048999983],[-43.54472029700003,-5.862243102],[-43.5496061279999,-5.854234827999979],[-43.54708534399996,-5.851113878999944],[-43.550385534,-5.847547952999951],[-43.54182834700003,-5.844512283999955],[-43.541979818999856,-5.838844312999943],[-43.53616615699996,-5.837604520999947],[-43.53505706800003,-5.835151035999982],[-43.54448835700003,-5.825114479],[-43.54992998299996,-5.823545576999952],[-43.551214868999956,-5.820995122999958],[-43.5491616739999,-5.816036851999958],[-43.552089219,-5.808688792999935],[-43.55902522000004,-5.806971383999945],[-43.56006410299993,-5.804574677999971],[-43.56015774699986,-5.799927615999963],[-43.562773265,-5.797532773999966],[-43.560798876999975,-5.793902519999979],[-43.56115287799996,-5.782412902999941],[-43.556897211,-5.777960352999952],[-43.560255895,-5.771892719999912],[-43.568284179999985,-5.76864239],[-43.57989950800003,-5.776179847999981],[-43.587815469999974,-5.773339102999949],[-43.59210568899994,-5.775494055],[-43.59732390599996,-5.773358151000015],[-43.600317128,-5.75841049499994],[-43.603696872999855,-5.754978552999931],[-43.606092562999926,-5.75630287],[-43.61235731499993,-5.746514646999953],[-43.599787671999884,-5.727792977999987],[-43.59984649599986,-5.723339596999929],[-43.59502760500003,-5.722248131999948],[-43.58778353,-5.714827926999907],[-43.586310515999976,-5.706338954999986],[-43.58709254300002,-5.701628138999944],[-43.593198659999956,-5.696878459999973],[-43.59496419899993,-5.689756703999934],[-43.60229395300004,-5.691140481999942],[-43.60617629599992,-5.688955380999979],[-43.607383033000026,-5.685942424999909],[-43.60330642599997,-5.680721678999952],[-43.60282348899989,-5.675783507999928],[-43.612065760999876,-5.672107223999952],[-43.613996954999884,-5.662512228],[-43.627114685999985,-5.659935745999985],[-43.632130085,-5.655012067],[-43.640665485999854,-5.653249580000016],[-43.64195122699992,-5.646808602999905],[-43.64922050699991,-5.64243734099998],[-43.6508562819999,-5.636546020999963],[-43.65753217,-5.636562173999967],[-43.666376015999965,-5.631505771000019],[-43.66632129599997,-5.625062154999957],[-43.67056550000004,-5.618766349999956],[-43.663594812999975,-5.614634731999964],[-43.668481265999986,-5.605458424999928],[-43.666307119999864,-5.600243586000016],[-43.669012128000034,-5.59727075399998],[-43.67421007199988,-5.596150442999922],[-43.67455422200002,-5.60026114899996],[-43.68464731299997,-5.594527092999987],[-43.690082330999985,-5.594544578999924],[-43.69429283999993,-5.597697024999989],[-43.70831217800002,-5.59540437499992],[-43.70869434199994,-5.58991724099995],[-43.710807444999894,-5.59074500199996],[-43.713423688,-5.58787054099998],[-43.720672725,-5.593233924999926],[-43.731461201999934,-5.591337754999889],[-43.733328709,-5.586735671999961],[-43.73908838399996,-5.582556483999942],[-43.74431508699997,-5.584507670999913],[-43.74853966900001,-5.589804889999891],[-43.759099114,-5.589888361999958],[-43.7682082649999,-5.582228162999955],[-43.76788113100001,-5.576320989999958],[-43.775618834999854,-5.572099874999933],[-43.78573230599989,-5.561558606999935],[-43.78911265299999,-5.563484987999986],[-43.80068093899996,-5.559670097],[-43.804137977,-5.557344507999958],[-43.80412266099998,-5.552718820999943],[-43.81017458499996,-5.554042289999935],[-43.81998680899986,-5.551161855],[-43.8216524892574,-5.546108676805269],[-43.81698767684737,-5.543128351520484],[-43.81729180272527,-5.539455045244176],[-43.81952238830498,-5.539454817194597],[-43.82108493668198,-5.535806643874893],[-43.824772722943145,-5.536531651946427],[-43.8251564003449,-5.532557754733266],[-43.829305332721404,-5.529134000053411],[-43.837452203829,-5.526722098969846],[-43.84070286788178,-5.528662622575205],[-43.84111721371791,-5.525359074811061],[-43.84433068910876,-5.526803314776104],[-43.8488803352747,-5.520622782544234],[-43.85118466507661,-5.521421876082951],[-43.854250824323465,-5.513680462499978],[-43.85827588972551,-5.51142975611418],[-43.8588801791425,-5.505210692694914],[-43.864920727155756,-5.504153292889154],[-43.86798192545576,-5.498506108686137],[-43.86574556968461,-5.496330693746661],[-43.86851755602704,-5.495247992236171],[-43.86630327294108,-5.493278902961959],[-43.86655138549727,-5.48785853620661],[-43.863812132135266,-5.486854013820449],[-43.863610594052595,-5.481846819498611],[-43.86780115144862,-5.479094358203015],[-43.86628703826143,-5.474037407474893],[-43.869230160455565,-5.473298461697259],[-43.86614399699993,-5.467250292999922],[-43.86968626500001,-5.463378377000013],[-43.86965258599998,-5.456372009999929],[-43.87348149899997,-5.453040777],[-43.86555735299998,-5.445430815999971],[-43.8596513159999,-5.431885480999928],[-43.87069825,-5.414701755999936],[-43.87033882899991,-5.40660893800002],[-43.8729814929999,-5.405513378999967],[-43.877734808999904,-5.396026077999957],[-43.88048373899989,-5.395207302999979],[-43.880145668999894,-5.388931364999935],[-43.883510465000036,-5.385761708999955],[-43.87951227599998,-5.383094998999934],[-43.881289405000025,-5.380968910999969],[-43.87642932899998,-5.371548539999901],[-43.88264292299993,-5.360935613000014],[-43.883262069,-5.350880572999924],[-43.88037323599998,-5.350416840999924],[-43.879598426,-5.345668296999958],[-43.882265018999924,-5.344569014999952],[-43.883533720999914,-5.339068132],[-43.880342328,-5.331428870999951],[-43.8717609889999,-5.323975908999953],[-43.870902661999935,-5.320223586],[-43.86825641500001,-5.320866467999982],[-43.86879092,-5.318061074999943],[-43.865459176999934,-5.31759753999996],[-43.865927222000025,-5.314335151999946],[-43.85948461399987,-5.308504182999948],[-43.856344119,-5.301866498],[-43.85254019699994,-5.30164389499996],[-43.84920481400001,-5.298178639999947],[-43.844455187999955,-5.299660231999966],[-43.839842633999965,-5.296334688999967],[-43.83717408399997,-5.297515921999914],[-43.830814658999856,-5.291683277999955],[-43.82489683499986,-5.293316812999934],[-43.82270409699998,-5.287976383999934],[-43.81541389499986,-5.284531074999973],[-43.81186208999997,-5.289896238999977],[-43.74040685599989,-5.308728413999938],[-43.713501972,-5.311653223999909],[-43.700926685999924,-5.298444133999976],[-43.567024946999894,-5.230192187999912],[-43.528578452,-5.227181933999888],[-43.473120131999956,-5.269455162999944],[-43.465339877999966,-5.278875932999957],[-43.447422479000025,-5.288399081],[-43.44673254199987,-5.282320282999927],[-43.43658701399993,-5.273706366999972],[-43.44241941399996,-5.26004725999993],[-43.442447737999906,-5.251973305999976],[-43.45070432699996,-5.233659582999924],[-43.44932350999993,-5.2276148],[-43.451030507000034,-5.223663083999971],[-43.35207743199994,-5.191579651999963],[-43.2658626419999,-5.206072437999972],[-43.228976922,-5.182330881999971],[-43.229085498000025,-5.143224958999967],[-43.205956521,-5.143160263999943],[-43.14257226799998,-5.115664081999967],[-43.13236453499996,-5.107218204999971],[-43.13242389099999,-5.086673179999953],[-43.1243140019999,-5.080276852999895],[-43.117372014,-5.078305369999932],[-43.11106938199996,-5.071506180999937],[-43.09775534099996,-5.070438785],[-43.09520120199993,-5.068240402],[-43.086516785,-5.074905061999964],[-43.06329128599997,-5.081059311999977],[-43.05206905900003,-5.081002955999932],[-43.043341378,-5.075579718999919],[-43.03907074199996,-4.927384138],[-42.889841310999934,-4.894711952999949],[-42.88479835499986,-4.906004893999968],[-42.87346196399989,-4.915254929999976],[-42.867174905999896,-4.928617470999904],[-42.856396445,-4.933451611999936],[-42.853916461999965,-4.937259760999987],[-42.86320057500004,-4.968123713],[-42.85743465199992,-4.992268636999971],[-42.84463234799989,-5.02420088],[-42.839550517999974,-5.064113983]]]},"properties":{"agrupamento":"Nazária (PI)"}},{"type":"Feature","geometry":{"type":"MultiPolygon","coordinates":[[[[-44.66115036400003,-2.980177574999949],[-44.66710741999998,-2.971827974999925],[-44.66168198499996,-2.95689599],[-44.65915912600003,-2.970742118999965],[-44.66115036400003,-2.980177574999949]]],[[[-44.62909377800002,-2.943320134],[-44.62847184199999,-2.932984828],[-44.621076768999984,-2.926333292999956],[-44.62308903099986,-2.937618440999952],[-44.62909377800002,-2.943320134]]],[[[-44.661554107000036,-2.945146325999932],[-44.6641362779999,-2.943569309999923],[-44.66432175499988,-2.928322062999928],[-44.64972906199987,-2.917973715],[-44.64080033599998,-2.914832055999934],[-44.640056687,-2.923563691999949],[-44.661554107000036,-2.945146325999932]]],[[[-44.59105846199996,-2.878026632999937],[-44.591518616000016,-2.874987948999959],[-44.588007939999976,-2.866674236999973],[-44.587818113,-2.873934739999946],[-44.59105846199996,-2.878026632999937]]],[[[-44.48154809099996,-2.726596357999895],[-44.47575958300001,-2.734454168999907],[-44.479358853,-2.758234163999891],[-44.47674186200002,-2.78253771699994],[-44.482110666999965,-2.808010176999982],[-44.481801804,-2.834375261999984],[-44.47609145699994,-2.876648975],[-44.48191374000002,-2.938365158999918],[-44.4790204339999,-2.957860328999935],[-44.489707922,-2.971383530000011],[-44.52435035699991,-2.993939089999937],[-44.56091826699998,-3.022531249999911],[-44.58277773299986,-3.031823386999939],[-44.59206094699986,-3.015175681999978],[-44.60679956599987,-3.006686560999956],[-44.61569827800003,-2.994914930999943],[-44.63108765299997,-2.987941189999983],[-44.63651991900002,-2.983128934999986],[-44.640944524,-2.969796212999949],[-44.62272118499988,-2.959620630999922],[-44.61386936699987,-2.950552659999968],[-44.606742617000045,-2.933320518999967],[-44.60076047399997,-2.904977584999919],[-44.59317746999987,-2.902024258999987],[-44.58961659499994,-2.894839935999922],[-44.580307889999965,-2.859403514999954],[-44.586393788,-2.839252509999941],[-44.58850613299999,-2.820784880999945],[-44.58618280899996,-2.814651101999939],[-44.55605089599986,-2.777765800999905],[-44.541420245,-2.767068377999955],[-44.536349512,-2.75386],[-44.53173613199986,-2.749456925999922],[-44.515850767,-2.742507793999955],[-44.51532204099986,-2.73724007600002],[-44.509882871999864,-2.735297859],[-44.50220619800001,-2.726431593999941],[-44.49670199699987,-2.728201640999934],[-44.48848314899992,-2.723789120999882],[-44.48154809099996,-2.726596357999895]]],[[[-44.425515845999854,-2.414895096999921],[-44.419987486000025,-2.416594879999963],[-44.420157307999865,-2.424597940999913],[-44.42422476099988,-2.428455987999918],[-44.42817344,-2.420116145],[-44.42682531299993,-2.421301096999979],[-44.425515845999854,-2.414895096999921]]],[[[-44.467891075,-2.077117748999964],[-44.48315666,-2.078729584999923],[-44.48351543199993,-2.076934785999924],[-44.46968499799993,-2.067964443999966],[-44.46645272300001,-2.069221470999967],[-44.467891075,-2.077117748999964]]],[[[-44.54147786499987,-2.020988440999911],[-44.535419461999886,-2.021745016999983],[-44.538609327000025,-2.023053979999929],[-44.54147786499987,-2.020988440999911]]],[[[-44.73551953599997,-1.680125629999925],[-44.731976694000025,-1.689361649999928],[-44.74172849999998,-1.698869616999961],[-44.74931215899987,-1.696885088999984],[-44.757949546,-1.689338540999969],[-44.73847257099988,-1.679091328999966],[-44.73551953599997,-1.680125629999925]]],[[[-44.74931718700002,-1.680284861999954],[-44.74711878900002,-1.677287534999934],[-44.745367035999855,-1.677790650999906],[-44.745349813000026,-1.679267111999945],[-44.74931718700002,-1.680284861999954]]],[[[-44.72564325699993,-1.667417070999928],[-44.72826792000002,-1.672522278],[-44.74158291399993,-1.669115838999975],[-44.74215308200003,-1.666793219999914],[-44.72921334599991,-1.658692778999988],[-44.726324378999884,-1.661673838],[-44.72564325699993,-1.667417070999928]]],[[[-44.78121192699996,-1.573835319],[-44.78112494499987,-1.576470423999972],[-44.78534363099987,-1.575856646],[-44.78121192699996,-1.573835319]]],[[[-44.82758474400002,-1.567138836999966],[-44.833677148999975,-1.565459530999931],[-44.8391111289999,-1.55748603399994],[-44.83121717099992,-1.556909908999966],[-44.826595556999976,-1.559029686999942],[-44.824373899,-1.56360256999994],[-44.82758474400002,-1.567138836999966]]],[[[-44.73225583600003,-1.544142380999975],[-44.7351719439999,-1.556470404999928],[-44.762603648999956,-1.580023147999938],[-44.76167678600001,-1.552965814999947],[-44.75474375300004,-1.547624385999953],[-44.753266445999934,-1.536904688999936],[-44.748823246,-1.534370048],[-44.737006177999874,-1.536601290999968],[-44.73225583600003,-1.544142380999975]]],[[[-44.895439858000024,-1.528818393999938],[-44.89498076099987,-1.531175335999908],[-44.89567084999986,-1.532669387999892],[-44.898370512000035,-1.530598846],[-44.895439858000024,-1.528818393999938]]],[[[-44.86380300400002,-1.491771345999933],[-44.86671394099991,-1.493056246999931],[-44.87199250500003,-1.491295464],[-44.86847016799991,-1.489605152999935],[-44.86380300400002,-1.491771345999933]]],[[[-44.871042823999964,-1.487710281],[-44.86975817,-1.488522076999939],[-44.87138228499999,-1.489062961999927],[-44.871042823999964,-1.487710281]]],[[[-44.79727370400002,-1.533429069999954],[-44.793729520999875,-1.535328960999944],[-44.796374065000016,-1.539105691999971],[-44.794020133999936,-1.542295923999966],[-44.79506684900004,-1.545587464999905],[-44.79816196199989,-1.551504911999952],[-44.80914026299998,-1.56099062299992],[-44.817868177999955,-1.560575838999974],[-44.82778784100004,-1.556375590999988],[-44.836590638,-1.542791642999948],[-44.833555206000014,-1.534437690999919],[-44.815811640999975,-1.525654524],[-44.808943021999916,-1.516541058999916],[-44.807656800999986,-1.511626896999925],[-44.81340356300004,-1.505679273999956],[-44.781194114,-1.485099856000023],[-44.782769811999984,-1.480518165],[-44.780621279999934,-1.47860615],[-44.77557098299996,-1.481763959999967],[-44.774389672,-1.487304352],[-44.77903965599999,-1.496071574999931],[-44.794998929,-1.512898211999953],[-44.79976492,-1.525253712999959],[-44.79727370400002,-1.533429069999954]]],[[[-45.14156205699993,-1.471395180999941],[-45.140941332,-1.473901687999941],[-45.14198878499998,-1.477982387999894],[-45.143143315000025,-1.475470636],[-45.14156205699993,-1.471395180999941]]],[[[-44.758950742999964,-1.460330361999969],[-44.745444143000014,-1.480078981999906],[-44.74232888800001,-1.492699361999978],[-44.74585804599998,-1.499023139999984],[-44.74737950900001,-1.514464570999969],[-44.753785826,-1.518146242999947],[-44.77819849799994,-1.519204642999945],[-44.78737119100003,-1.525961306999886],[-44.792919491,-1.525971336999916],[-44.79502427199998,-1.521273479999969],[-44.793399246,-1.517398310999969],[-44.77484616800003,-1.495179353],[-44.77218498000002,-1.48585968999992],[-44.775860326,-1.478503594999943],[-44.784130363000024,-1.472720792999933],[-44.792692066,-1.471667448999909],[-44.79253134000003,-1.468764234999949],[-44.78391505699988,-1.46349814199997],[-44.766410055999955,-1.457991605],[-44.758950742999964,-1.460330361999969]]],[[[-45.095995725999984,-1.450058044999931],[-45.098590879000035,-1.448486965999969],[-45.098931869,-1.445277603999902],[-45.09701936900004,-1.447804441999985],[-45.095995725999984,-1.450058044999931]]],[[[-45.071945655000036,-1.443843837999932],[-45.06976691299998,-1.443920681999895],[-45.069453747,-1.447847984999946],[-45.072328925999955,-1.450065347999914],[-45.07492791999988,-1.459632009999918],[-45.084892006,-1.44247899399998],[-45.08337930799998,-1.433338036999938],[-45.07886920000002,-1.427853881999948],[-45.070391635999975,-1.438011221999975],[-45.071945655000036,-1.443843837999932]]],[[[-45.08854833299991,-1.443901976999946],[-45.09441202199996,-1.442697192999916],[-45.096816756999885,-1.435005901999915],[-45.094448186000015,-1.424761846],[-45.087853841,-1.42242009299995],[-45.086020425,-1.426248438999984],[-45.08854833299991,-1.443901976999946]]],[[[-45.105656555999964,-1.467673493999939],[-45.12921465099998,-1.471721102999908],[-45.133732708999965,-1.46386479300002],[-45.133740562,-1.460274510999966],[-45.127446882,-1.455434217999958],[-45.127972417000045,-1.45125279300002],[-45.123641048000046,-1.445971019999899],[-45.124155733,-1.438930766999942],[-45.11059190100002,-1.421901063],[-45.109846439999984,-1.43731841999994],[-45.102397565999965,-1.460307213],[-45.105656555999964,-1.467673493999939]]],[[[-45.40457359,-1.409342509999885],[-45.41386612299987,-1.42077056499998],[-45.41691443400003,-1.417378835000012],[-45.420301842,-1.407551919999968],[-45.417205107,-1.402908519999908],[-45.40894937000002,-1.399143330999948],[-45.40447508800001,-1.401084796999914],[-45.40457359,-1.409342509999885]]],[[[-45.08679386299997,-1.402734555999903],[-45.09158136199987,-1.411373999000016],[-45.09447924400001,-1.411171554999964],[-45.092883287999946,-1.413571211],[-45.10105216100003,-1.433028972999946],[-45.102889505,-1.421663208999941],[-45.081862784999906,-1.377283416999937],[-45.07788478200001,-1.373087492999954],[-45.071723033,-1.373409169999924],[-45.070848671999954,-1.378532274999973],[-45.074718219000026,-1.38174889099993],[-45.07460580899987,-1.38954346799995],[-45.084855601,-1.393308893999929],[-45.08679386299997,-1.402734555999903]]],[[[-45.043625323,-1.39832060899991],[-45.04724791099988,-1.397242281999951],[-45.04662486900002,-1.381764568999895],[-45.050054157,-1.369607167999938],[-45.047724966,-1.366190112999917],[-45.04505579199996,-1.366778902999961],[-45.04163899499996,-1.37256455199994],[-45.03942753400003,-1.388169855999895],[-45.043625323,-1.39832060899991]]],[[[-45.097394825000016,-1.385552387999951],[-45.09750386099998,-1.390246163999915],[-45.10525048100003,-1.403351544999971],[-45.10574906299998,-1.41055081299994],[-45.11118717199998,-1.412829733999938],[-45.11724608399992,-1.391312824999975],[-45.12680465799997,-1.385440169999903],[-45.123013790000016,-1.373766925999949],[-45.11490659499997,-1.363099474],[-45.10882281600002,-1.364368178999893],[-45.09942262100002,-1.371611241999933],[-45.09313968899993,-1.382391152999958],[-45.097394825000016,-1.385552387999951]]],[[[-45.49915912200002,-1.361714794],[-45.50062269099988,-1.353047988999929],[-45.49592076999987,-1.34620749699998],[-45.49738712099996,-1.359617259999908],[-45.49915912200002,-1.361714794]]],[[[-45.49126428599988,-1.348231143],[-45.49130339100001,-1.343090745999937],[-45.487005355000015,-1.339696679999953],[-45.48673063400002,-1.340599235999935],[-45.49126428599988,-1.348231143]]],[[[-44.96620209899996,-1.271137241999938],[-44.95458647399988,-1.270505449999977],[-44.94625594799993,-1.266199803999974],[-44.929004101999986,-1.266771948999974],[-44.89950887699999,-1.274265624999966],[-44.88521742500003,-1.281064803999961],[-44.87813922500004,-1.285474556999961],[-44.87262929099996,-1.292817207999981],[-44.870395796999986,-1.299301204999921],[-44.8743818,-1.30778772],[-44.868588801999955,-1.315723667999986],[-44.866923374,-1.328744722999904],[-44.873653208000036,-1.328161142999935],[-44.877601001,-1.330352842],[-44.88661741199996,-1.34560933699996],[-44.89254723299996,-1.349525031999939],[-44.89458148699997,-1.347922992999901],[-44.891773070999946,-1.341196921999916],[-44.89448153699987,-1.337681131999897],[-44.90142766000003,-1.337174479999899],[-44.91644082700002,-1.344372909999976],[-44.92751339499992,-1.355713576999946],[-44.9434248969999,-1.364981740999944],[-44.94723926400002,-1.37894313299995],[-44.95737089099996,-1.377963967999936],[-44.96822787399997,-1.390483142999894],[-44.98597720200004,-1.395377763999956],[-44.989142817000044,-1.401556780999975],[-45.005335639999934,-1.400820382999974],[-45.021409255,-1.384019066999915],[-45.021811903000014,-1.372550467999929],[-45.01407027499993,-1.349454070000018],[-45.016138438,-1.346872000999983],[-45.02580737400002,-1.346137524999964],[-45.03386198499988,-1.338029266999925],[-45.03084211100004,-1.321200973999943],[-45.02877604099998,-1.318026463999917],[-45.005076850000016,-1.325024713999952],[-44.98160734899988,-1.320515200999957],[-44.9785010799999,-1.316825954999974],[-44.97903306699987,-1.311290569999919],[-44.98206587399989,-1.308267595999908],[-44.99253739499989,-1.306131016999963],[-44.99615931199999,-1.296985020999948],[-45.00127173600004,-1.294916643999962],[-45.00172477299996,-1.292035030000012],[-44.986566105,-1.266146483999915],[-44.981072280000014,-1.264140907999973],[-44.96620209899996,-1.271137241999938]]],[[[-45.57000260300002,-1.261348003],[-45.56962447,-1.270479794999986],[-45.574507845000014,-1.273776974999947],[-45.57648084300001,-1.271956460999952],[-45.57450779000001,-1.265605585999925],[-45.576057628999905,-1.262205348999963],[-45.57000260300002,-1.261348003]]],[[[-45.64980087700002,-1.23429770499996],[-45.652172859,-1.23457732],[-45.65039523599999,-1.229101470999989],[-45.649069382999976,-1.23032174799997],[-45.64980087700002,-1.23429770499996]]],[[[-45.535939077999956,-1.22798270399997],[-45.542243415000044,-1.230877784999969],[-45.57807552999998,-1.230763726999946],[-45.595934536999884,-1.241799257999983],[-45.59530955499996,-1.237825080999961],[-45.580422703999936,-1.221109273999961],[-45.57843018999992,-1.206161619999886],[-45.58051741499996,-1.198006007999926],[-45.57875724399998,-1.194372262999917],[-45.57268107800004,-1.191874372],[-45.564503929999894,-1.192555927999912],[-45.53934734899996,-1.205215877999972],[-45.532190799999974,-1.220545064],[-45.535939077999956,-1.22798270399997]]],[[[-45.769020967000046,-1.196219862999932],[-45.773424885999916,-1.194363389999982],[-45.771822547999946,-1.189159821999937],[-45.76829217799996,-1.191052525999954],[-45.769020967000046,-1.196219862999932]]],[[[-45.69121700200003,-1.265401385999905],[-45.7094308009999,-1.244283706999934],[-45.71087967099987,-1.227956856999963],[-45.69943752099986,-1.198756133],[-45.68801507899996,-1.18365369],[-45.67928250799996,-1.188322494000023],[-45.674327955,-1.194041747999925],[-45.673954460999916,-1.198664216999941],[-45.67741021699994,-1.203426599999897],[-45.67652165699996,-1.21381396499995],[-45.67435635000004,-1.21889663299994],[-45.66851903899987,-1.222002591999978],[-45.66729500900002,-1.230191434999934],[-45.670743718,-1.251961046999934],[-45.69121700200003,-1.265401385999905]]],[[[-45.95527917899989,-1.191544298999965],[-45.956139247,-1.187040737999929],[-45.95355404299988,-1.182738018999903],[-45.953488942,-1.187221859],[-45.95527917899989,-1.191544298999965]]],[[[-45.892990122,-1.152248566999976],[-45.90445663699998,-1.163580760999956],[-45.89240116600002,-1.150481066999927],[-45.892990122,-1.152248566999976]]],[[[-45.60500870999991,-1.160064316999971],[-45.61001652600001,-1.158918341999922],[-45.608800028,-1.156484258999964],[-45.610643785999955,-1.153807706999928],[-45.608210513999886,-1.15043465],[-45.604871976999966,-1.151198612999966],[-45.60500870999991,-1.160064316999971]]],[[[-45.8191057,-1.154639012999965],[-45.82679882599999,-1.150629425999945],[-45.825500182,-1.137315132999923],[-45.827837417999945,-1.128710765999958],[-45.818600858999986,-1.123407223],[-45.8097352949999,-1.123518680999975],[-45.80569197400002,-1.127190254999917],[-45.80450507899996,-1.144250302999978],[-45.812999603999984,-1.152520601999925],[-45.8191057,-1.154639012999965]]],[[[-46.01017420599987,-1.075824354999906],[-46.01738375399998,-1.077252619999953],[-46.014278890999854,-1.072024735999939],[-46.009482362,-1.072582847000021],[-46.01017420599987,-1.075824354999906]]],[[[-45.97601808399996,-1.049699285999957],[-45.966064711999934,-1.054831293999943],[-45.964387756,-1.059766651],[-45.969718168999975,-1.065504444999927],[-45.97721993800002,-1.060944234],[-45.984451798000016,-1.065975513],[-45.97698514300004,-1.065472907999983],[-45.96991231599996,-1.076837167999951],[-45.96782606300001,-1.087221395000011],[-45.97853960999996,-1.095389378999929],[-45.982391961000026,-1.101855803999925],[-45.98366196099986,-1.11140255999997],[-45.979211001,-1.116359392999939],[-45.968802753,-1.108866678999938],[-45.96232299599996,-1.11024716299994],[-45.96053256699997,-1.115610144999941],[-45.962630279999985,-1.122104008999898],[-45.96030441300001,-1.126651732999946],[-45.964412379,-1.134510564999953],[-45.96425122399999,-1.139705610999915],[-45.95168244000001,-1.141885712],[-45.95961004200002,-1.158850854000022],[-45.958326556999964,-1.161285838999966],[-45.95415677999993,-1.161419971999962],[-45.95822769099987,-1.181143037999917],[-45.95776306299997,-1.195137168999967],[-45.953976099999984,-1.202193136999981],[-45.94577588899989,-1.201311502999953],[-45.94652179199988,-1.195588226999984],[-45.93979055099991,-1.183801581999973],[-45.908128678999965,-1.1344369239999],[-45.903656442999946,-1.122888682999896],[-45.896954814000026,-1.118216771999965],[-45.89485665799997,-1.112637063999973],[-45.89590406000004,-1.099469169999985],[-45.88691788300002,-1.08183478499992],[-45.879582762,-1.076485070999951],[-45.873311844999925,-1.077056741],[-45.87039198,-1.073441545000016],[-45.876159586,-1.067846507],[-45.87210646499993,-1.059719449999914],[-45.87154957699986,-1.05253060799992],[-45.860561019999984,-1.049709521999915],[-45.85245155500002,-1.05465629299994],[-45.84493990299996,-1.069272859999977],[-45.84354072900001,-1.082823946999962],[-45.85018379899997,-1.101985177999971],[-45.86494792599996,-1.108321218999926],[-45.86818548999996,-1.119084296999979],[-45.86463641499994,-1.12199156099992],[-45.864702671,-1.130653900999974],[-45.87885107700003,-1.134379614999954],[-45.882297603,-1.140617323999944],[-45.89958918299986,-1.149782977999987],[-45.91207486099998,-1.166341302999925],[-45.905953349,-1.17186129699995],[-45.88309689799997,-1.149454460999983],[-45.87467676599988,-1.14989990299998],[-45.871244208,-1.154405695000023],[-45.88114851199996,-1.165423523999927],[-45.88386612300002,-1.178400929999963],[-45.87688306699991,-1.170568572000015],[-45.868420483999955,-1.171828323999886],[-45.870824453,-1.181788176999916],[-45.87454265799989,-1.186952469999909],[-45.87470838900001,-1.19276594999997],[-45.86842296199998,-1.184018938999927],[-45.862262454999986,-1.181187181999928],[-45.86469353899996,-1.195945250999948],[-45.86885294000003,-1.201516],[-45.867496671,-1.207195081999952],[-45.862774472999895,-1.212663607999982],[-45.844443769999856,-1.212459906999914],[-45.83817833299997,-1.200530298999976],[-45.83162487699997,-1.205685955999964],[-45.8263332,-1.203630680999908],[-45.825849977,-1.198526615999924],[-45.83083141399987,-1.18859463499998],[-45.829008495000025,-1.176626523999964],[-45.815655198999885,-1.165262101999893],[-45.80804119299997,-1.16490449099997],[-45.80212390600003,-1.161273087999977],[-45.799642704,-1.17991685399998],[-45.774795753000014,-1.197457670999942],[-45.768167042,-1.198982361999885],[-45.76423594899999,-1.195843806],[-45.75878624099992,-1.183945097999946],[-45.759880291999934,-1.178174479999967],[-45.756693551999874,-1.165918606999945],[-45.75381882099996,-1.167733371999908],[-45.748859239999945,-1.163995218999965],[-45.75068176199993,-1.15876398999994],[-45.744183102000015,-1.152581713999918],[-45.742428660999984,-1.140604551999953],[-45.72884077599997,-1.134636692999909],[-45.73218672599997,-1.128909446999966],[-45.723521642999955,-1.12916862],[-45.72718763399997,-1.114936332999967],[-45.725341675,-1.110267713999953],[-45.7209285979999,-1.110008596999918],[-45.717642817,-1.117691049999987],[-45.714288482000015,-1.118263389999914],[-45.69360235599996,-1.138846239999953],[-45.690908118999964,-1.148667257999954],[-45.692328256999964,-1.152903084999952],[-45.69583216199989,-1.153864456999916],[-45.70023793699991,-1.161834255999956],[-45.704823615999906,-1.163293655999915],[-45.70660364299992,-1.168577881999973],[-45.713908944999964,-1.174681913999915],[-45.73298764499998,-1.199603425999936],[-45.732363543000034,-1.202230071999928],[-45.736028931,-1.206089652999971],[-45.7356789149999,-1.218531020999887],[-45.73821339499991,-1.22012978999992],[-45.73440999099989,-1.234962671999913],[-45.726914221999905,-1.237180861999949],[-45.72368919299996,-1.249564168999946],[-45.716453448,-1.260233366999959],[-45.70650241299999,-1.270057957999899],[-45.6898993029999,-1.273601417999899],[-45.663459648999854,-1.253502737999952],[-45.65529913300002,-1.240842077000011],[-45.64926304900001,-1.239656550999975],[-45.64806253299998,-1.236972216999916],[-45.64630009099991,-1.23217429199995],[-45.647466843999986,-1.203643941999939],[-45.642872341999976,-1.178660753999967],[-45.637431097999986,-1.168023984999973],[-45.63461799200002,-1.148398421],[-45.627756744999864,-1.132845292999924],[-45.631446341999876,-1.125393761999955],[-45.629887724999875,-1.123628984999954],[-45.61910566700003,-1.134471077999972],[-45.613566434999925,-1.162936916999975],[-45.61781249499997,-1.180440006000012],[-45.63149737000001,-1.187112120999885],[-45.63640916499998,-1.192533537999925],[-45.64347107699996,-1.222978136999959],[-45.64273165699997,-1.23192273699992],[-45.636688038999964,-1.236875557],[-45.633494004999925,-1.245731460999906],[-45.63659902099988,-1.256813421999965],[-45.63443396999998,-1.259167275999946],[-45.64171990700002,-1.269604427999944],[-45.640232854,-1.277276720999971],[-45.636787177,-1.281191776999986],[-45.62589667399988,-1.283617548999967],[-45.616108734999955,-1.276415173],[-45.597689338999864,-1.270109802999926],[-45.59370757100001,-1.266720417999974],[-45.58736034500002,-1.270025115999935],[-45.58515138300004,-1.274609583],[-45.587239363999956,-1.283583285999974],[-45.59899368799996,-1.299584325999898],[-45.59210605700002,-1.302437191999957],[-45.573415193000024,-1.286729561999973],[-45.560524572999974,-1.284794826999942],[-45.54893705900001,-1.27638299099992],[-45.54499247699986,-1.301377752999962],[-45.53448321299994,-1.308706159999957],[-45.52651416099996,-1.307780427999923],[-45.52293394700003,-1.301599664999937],[-45.520048613000036,-1.300900916999943],[-45.51452576600004,-1.307077558999943],[-45.51911775000002,-1.319313499],[-45.52678545299993,-1.358769573999936],[-45.51784497999987,-1.375664913999959],[-45.51244196399993,-1.378086804999974],[-45.50271058499989,-1.375143275999964],[-45.501761380999866,-1.366798272999965],[-45.49764378299988,-1.362352408999907],[-45.49448987599987,-1.352962937],[-45.47696404399991,-1.335195376999927],[-45.47592140399997,-1.324838209999974],[-45.46181525999997,-1.317052696999905],[-45.45646326,-1.319013570999967],[-45.446052849,-1.311802264999891],[-45.44750070199997,-1.309045888999911],[-45.46060304500004,-1.306423615999925],[-45.460735047000036,-1.300827809999934],[-45.457284715999926,-1.297601361999963],[-45.44278607099988,-1.292636507999951],[-45.41955523900003,-1.294925001999943],[-45.41412308,-1.297472436999954],[-45.40840961899986,-1.306643894999944],[-45.407493427,-1.324754099999943],[-45.41574370699988,-1.345911350999902],[-45.42265108999986,-1.353748389999971],[-45.42817107099997,-1.354906186999933],[-45.43486185599988,-1.3511132699999],[-45.43535223500004,-1.355559315999972],[-45.44080872599987,-1.361887609999908],[-45.450773335999855,-1.368463316999975],[-45.45339276399987,-1.368385234999909],[-45.45588728900003,-1.364470509999922],[-45.45839837799997,-1.366547598999919],[-45.46580326599999,-1.36645124399994],[-45.474976,-1.372007231999923],[-45.47761707000002,-1.394442098999988],[-45.483819255,-1.410192195000022],[-45.48458455199991,-1.418443473],[-45.48680720199996,-1.419791401999966],[-45.484677948,-1.422150138999907],[-45.48157909600002,-1.420694511],[-45.48725924499997,-1.441820144],[-45.480782384,-1.449609941999981],[-45.480603523999946,-1.454651895999977],[-45.48192005099998,-1.46087533399994],[-45.485344659,-1.462038968999941],[-45.488981751000026,-1.470781846],[-45.48248846500003,-1.478579345],[-45.4742352649999,-1.479749038999962],[-45.46382798999998,-1.477114805999964],[-45.458128987999885,-1.470121702],[-45.45554376500003,-1.452147884999917],[-45.448783400999964,-1.452826455999929],[-45.436197222999965,-1.428395109999965],[-45.432342912,-1.428130227999898],[-45.424525833,-1.419171634999934],[-45.416560300999855,-1.423393656999945],[-45.406239878999926,-1.421464825999958],[-45.39605179499993,-1.414066448999947],[-45.390970798,-1.413383242999906],[-45.384061647999864,-1.403562216999905],[-45.378389744999886,-1.402499943999942],[-45.37038292099989,-1.395530589999989],[-45.377019202,-1.393959667999951],[-45.378927785,-1.38986443799995],[-45.37798504399997,-1.386336245999971],[-45.37210474299998,-1.389788477999971],[-45.37113309899996,-1.387254367],[-45.37509187999996,-1.383540352999919],[-45.36898738399997,-1.382966053999919],[-45.368687807999876,-1.380790031999908],[-45.376434536000026,-1.378776441999925],[-45.37641832000001,-1.366739773999921],[-45.360463442,-1.359189195999928],[-45.36132811499987,-1.354175875],[-45.35809269199996,-1.350859994],[-45.357562816,-1.346014187999973],[-45.35030463000003,-1.346617389999967],[-45.34328938100001,-1.352736099999969],[-45.34068846000002,-1.352016925999973],[-45.35629045099987,-1.331794102999968],[-45.365681662000014,-1.328313329],[-45.366103299,-1.324571682999949],[-45.362257429999936,-1.318875588],[-45.351005342,-1.312979162000012],[-45.344990799,-1.312868309999899],[-45.32681841499993,-1.32048459],[-45.30861958599997,-1.332917284],[-45.30464326799986,-1.338395177999914],[-45.311550634000014,-1.340170521],[-45.305767392999876,-1.351442790999986],[-45.30788548999989,-1.367172417999925],[-45.31375287799988,-1.372960788999951],[-45.31279674,-1.381115222],[-45.30466595199987,-1.386033984999919],[-45.30327797199987,-1.384590834999972],[-45.299649041999906,-1.398356345999936],[-45.297925466000024,-1.413096229999962],[-45.30039708399989,-1.437635106999942],[-45.30335632099996,-1.439498434999926],[-45.31029570899992,-1.437959525999961],[-45.330899885999855,-1.447669990999962],[-45.36295360199989,-1.457181748999954],[-45.38341302600002,-1.466655525],[-45.388205043000035,-1.472017012999967],[-45.387803728999955,-1.476637998999948],[-45.38272762799989,-1.478882069999905],[-45.370793148,-1.473790341999965],[-45.357024011,-1.471703966999911],[-45.34474640699986,-1.480168996999982],[-45.336786131999986,-1.477223997999939],[-45.316284450999916,-1.486326438999903],[-45.30844774899996,-1.496810836999902],[-45.30943864899997,-1.510752678999978],[-45.31522597399991,-1.518494333999971],[-45.316223242,-1.535060142999907],[-45.32188396700003,-1.544197610999927],[-45.31887213999988,-1.550660109999953],[-45.31955151699996,-1.557243413999938],[-45.33405521299989,-1.564228566999954],[-45.343469125999874,-1.586794077],[-45.34144483099989,-1.591211566000013],[-45.33475500399989,-1.594314805999915],[-45.31193079299994,-1.599442805999924],[-45.268203334,-1.598592443],[-45.260919638999965,-1.596081475999895],[-45.249586509,-1.587225943999933],[-45.24795871699996,-1.578212165999933],[-45.24260163199992,-1.571863310999984],[-45.2404459159999,-1.563892775999971],[-45.235872055,-1.562301077],[-45.23624060700003,-1.554262256999923],[-45.23327790299994,-1.554075651999938],[-45.232130157,-1.547455762999945],[-45.212859858999856,-1.531577572999971],[-45.21145070099988,-1.525436747999915],[-45.20503888699987,-1.517629408999905],[-45.202072860999955,-1.496642536999921],[-45.19802367499986,-1.48842501],[-45.19038807700002,-1.489191939999941],[-45.18654589399991,-1.494955041],[-45.17512081499997,-1.495361508999977],[-45.16655360399989,-1.489579013],[-45.16598169299991,-1.485192515999962],[-45.158565325,-1.47475770299998],[-45.15257458199993,-1.47036512099989],[-45.149620710999955,-1.471716252999951],[-45.14272512499998,-1.483240658999936],[-45.13249005099991,-1.484785093],[-45.12244389499993,-1.476680395],[-45.10319298999997,-1.473129226999976],[-45.096709423999975,-1.455464556999981],[-45.07999648799986,-1.459745406999975],[-45.07062913499991,-1.46824850699991],[-45.06971361500001,-1.481210377],[-45.056689440000014,-1.482223536999889],[-45.048893785,-1.490351275999942],[-45.02771170099993,-1.49262184699996],[-45.02026766799996,-1.491698449999941],[-45.019070443000025,-1.487842790999956],[-45.01448262400003,-1.485312064],[-45.006489191999904,-1.486129587999958],[-45.00014237900003,-1.498474937999923],[-44.993554886999966,-1.502266574000028],[-44.99323264100004,-1.507724918999926],[-44.98977824299986,-1.51104456099997],[-44.99313083199996,-1.515165609999976],[-45.00759226499996,-1.52098377699998],[-45.007177945999956,-1.531759127999983],[-45.00143389499987,-1.535037162999959],[-44.9964974649999,-1.534835997999924],[-44.978709942999956,-1.524586819000024],[-44.963715775000026,-1.53620448799991],[-44.961221957000014,-1.543372592999965],[-44.96348264400001,-1.556470947999973],[-44.95469391199998,-1.560824309999926],[-44.949247021999966,-1.553154591999935],[-44.94819301999998,-1.538405070999911],[-44.95773286399998,-1.517676311999967],[-44.97311243099991,-1.502523572999976],[-44.974407528999954,-1.490327935999964],[-44.96919612199997,-1.477883287999955],[-44.95864225,-1.474050315999893],[-44.948680754,-1.481796392999986],[-44.949262872000034,-1.483931505999987],[-44.956436531000016,-1.484884443999963],[-44.954871222999905,-1.491288829999977],[-44.93712346799997,-1.489873461999931],[-44.93519836300002,-1.479409323],[-44.92290945000002,-1.469235027],[-44.920113226000026,-1.462013727999896],[-44.91292842500001,-1.460087797999972],[-44.91062720900003,-1.45512091199997],[-44.900244286,-1.449080749999982],[-44.89429443700002,-1.442389600999956],[-44.88683552299988,-1.442088852999941],[-44.883805835000025,-1.433117703999915],[-44.884309268000024,-1.425946201999935],[-44.88119608499992,-1.425451095],[-44.88147605099991,-1.422897008999975],[-44.885912522999895,-1.422217486999973],[-44.88635237199996,-1.420129852],[-44.860448224,-1.41129603199996],[-44.85347973599994,-1.41257963899994],[-44.83767923999991,-1.421080233999934],[-44.83054326800003,-1.427716311999934],[-44.830547018999894,-1.434627995],[-44.836215088999914,-1.443702084999927],[-44.843905904999964,-1.48886106],[-44.855174400999914,-1.484145902999963],[-44.86336934199993,-1.486373481999976],[-44.87833937299999,-1.478417864999955],[-44.88510883100001,-1.477908665999923],[-44.885356713,-1.480299945999981],[-44.872543928,-1.485588631999963],[-44.872883582000036,-1.489064266999947],[-44.88221178399994,-1.489919588999928],[-44.87731781900002,-1.495823162999983],[-44.88550431499987,-1.507817543999952],[-44.89485482200002,-1.511173118999949],[-44.89483370099996,-1.51406513699996],[-44.89022592799992,-1.514394034],[-44.89022607399993,-1.516382032],[-44.89510211799997,-1.5228903359999],[-44.89388868100002,-1.525118380999952],[-44.89862314899989,-1.528846224999931],[-44.90003564299996,-1.53528311499997],[-44.912546143,-1.540999704999919],[-44.918265608999924,-1.539039376],[-44.91237037400003,-1.555067086999902],[-44.91907119099987,-1.57158809699995],[-44.91567794699987,-1.572845828],[-44.91203975500002,-1.578905308999907],[-44.912205768,-1.595819639],[-44.905799359999904,-1.604665712999971],[-44.89926574700003,-1.607191514999968],[-44.893336608,-1.603802185999932],[-44.8717493999999,-1.601334403999939],[-44.861775097,-1.618198137000011],[-44.854692563000015,-1.618028481999918],[-44.84107755299989,-1.603026356999955],[-44.83763042099996,-1.592510086999983],[-44.835704612999955,-1.572940948999886],[-44.82271368600004,-1.577431685999926],[-44.81047222199988,-1.587479354999939],[-44.802686858,-1.589438617999956],[-44.792805469999976,-1.581218772999922],[-44.778816472,-1.578447152999924],[-44.76934253900003,-1.561139940000018],[-44.76702841599996,-1.563366310999932],[-44.76904177499992,-1.591411895999979],[-44.76349480099997,-1.594736408999982],[-44.734120977999986,-1.571211675999979],[-44.72336239399986,-1.556724104999958],[-44.70754463799991,-1.551679772999943],[-44.70499700599997,-1.55496759699993],[-44.70889261699989,-1.580615180999896],[-44.70280517499999,-1.583213654999955],[-44.696690553999964,-1.582013256999932],[-44.68725694999987,-1.565715382999961],[-44.68232563999988,-1.56595713399998],[-44.677025737999855,-1.570021212999979],[-44.674503715,-1.576198806999969],[-44.65709853499989,-1.587750655],[-44.64329263299987,-1.605023326999984],[-44.636446027000034,-1.618104918999936],[-44.645421538999976,-1.629975917],[-44.658488890999905,-1.659756604999902],[-44.66183102500003,-1.662638835999903],[-44.67084879,-1.654337752999897],[-44.67186519599991,-1.648654028999914],[-44.66970711599996,-1.646228177999927],[-44.672394487,-1.646438216999986],[-44.67500181899991,-1.641374347999953],[-44.68155418299991,-1.64466],[-44.68884739399992,-1.640303021999951],[-44.68997668500001,-1.644101083999967],[-44.69344189100002,-1.64177100099991],[-44.70251657099991,-1.645953144],[-44.70440946500003,-1.642591289999924],[-44.70867712699991,-1.648082807],[-44.72728779800002,-1.648331797999987],[-44.738207953000014,-1.650546383999902],[-44.74174929500001,-1.653429980999928],[-44.74677722,-1.650732653999949],[-44.74827064999994,-1.652025893999927],[-44.74641948099998,-1.656787590999915],[-44.753205156000014,-1.667832875999959],[-44.75987637999999,-1.673978922999915],[-44.77754574999993,-1.680226853999951],[-44.780213247999924,-1.688999362999972],[-44.78922441499998,-1.693409296999988],[-44.79496267400003,-1.702103886999957],[-44.80009300699988,-1.702996941999952],[-44.799795983,-1.704293091],[-44.7880781329999,-1.706898029999966],[-44.785236023000024,-1.713257044999956],[-44.778624512000015,-1.712476061],[-44.77746347499987,-1.705759940999947],[-44.768915503999864,-1.703433212999901],[-44.76273854999993,-1.704590092999965],[-44.75436813699996,-1.717991921999946],[-44.7496077929999,-1.717589238999935],[-44.7451990069999,-1.720986023999966],[-44.73783227900002,-1.722018014],[-44.722650987999884,-1.72121030299996],[-44.716472258999886,-1.713325695999952],[-44.71160167499986,-1.715317037999959],[-44.70091579699989,-1.726243569999948],[-44.69986214599993,-1.731755108999984],[-44.704031061999984,-1.740974258999923],[-44.70906579599992,-1.735755911999988],[-44.716575609,-1.749313716],[-44.724444658999964,-1.752137138999927],[-44.725642017,-1.758074710999953],[-44.73644489199997,-1.763576809],[-44.759374934999975,-1.783030503999967],[-44.75722344799986,-1.789355810999922],[-44.720320114999936,-1.77985168599994],[-44.720517403,-1.78836117599996],[-44.7148933789999,-1.790317078999966],[-44.707531683,-1.776550981999954],[-44.70507399099986,-1.776443217999919],[-44.703183750999955,-1.768463273999927],[-44.68853114999996,-1.77187939099996],[-44.68507632900001,-1.769896420999935],[-44.683466559000045,-1.771797363999923],[-44.68156357499998,-1.769308064999926],[-44.68085776899993,-1.772644776999961],[-44.676533959000025,-1.767972074999964],[-44.666282834999876,-1.764409874999924],[-44.662023086000026,-1.770931900999901],[-44.65420580599991,-1.769817071999942],[-44.65093332999986,-1.762381260999941],[-44.646049921000014,-1.76514050299998],[-44.65425559499994,-1.741868152999899],[-44.65085858399989,-1.740421983999969],[-44.647563617999936,-1.742377310999927],[-44.65113543199988,-1.729086146999954],[-44.65348359900001,-1.724589539999961],[-44.65867352,-1.72287914899993],[-44.652522494999985,-1.715400624999948],[-44.6379590679999,-1.717885387000013],[-44.60106593900002,-1.739707484999915],[-44.598677311,-1.742994147999983],[-44.59966492,-1.747862021999964],[-44.61770449700003,-1.760821367999927],[-44.60801143799986,-1.767897681999937],[-44.602260984999866,-1.765971603],[-44.59912357899998,-1.768715870999955],[-44.59409048299992,-1.768259738999962],[-44.57336236500003,-1.775195391999969],[-44.57375003499986,-1.77739610499998],[-44.58141093800001,-1.777023170999943],[-44.59066527999993,-1.782154556999966],[-44.585522023,-1.790106328999936],[-44.575933021,-1.796101865999962],[-44.57082092999998,-1.796590399999971],[-44.564039162,-1.803581392999938],[-44.56324532199987,-1.807562474999909],[-44.56600624399987,-1.808630804999929],[-44.56483638499998,-1.811340926999989],[-44.568317835999906,-1.81666287499997],[-44.56536968799996,-1.820536427000015],[-44.56844059699994,-1.824866928999942],[-44.56587485599992,-1.829031076999961],[-44.562460018,-1.829937691999923],[-44.56460474999991,-1.835325613999945],[-44.555350964999946,-1.833836941999962],[-44.55536454299991,-1.838029375999923],[-44.55238198399996,-1.83878970099995],[-44.54433629200003,-1.819876933999982],[-44.533279751999856,-1.822754220999929],[-44.54173074999992,-1.840529361999916],[-44.53890283499989,-1.851274270999976],[-44.551788750999904,-1.876616398999893],[-44.55350613499998,-1.885033978999946],[-44.55103648599992,-1.889177031999907],[-44.54616190699992,-1.891311408999936],[-44.537582624999985,-1.88762494],[-44.534049599999875,-1.880787508999955],[-44.5280654059999,-1.878798672999977],[-44.51866362999986,-1.881429577999967],[-44.51456719200002,-1.885729586999947],[-44.492410795,-1.942235872000015],[-44.48918046099988,-1.957058775999982],[-44.49476893699989,-1.964032650999954],[-44.50943005899997,-1.955597555999962],[-44.51134067799996,-1.958140936999904],[-44.50561807699996,-1.963930071999904],[-44.49549424700004,-1.968352025999938],[-44.495828708,-1.971905277999948],[-44.490573497999854,-1.977901229999919],[-44.492880601999964,-1.981285307999965],[-44.486485822000034,-1.982230084999976],[-44.48125373499994,-1.986899718999986],[-44.507640778999985,-2.009209835999943],[-44.515566702999855,-2.012726532999949],[-44.535554954,-2.019647742999915],[-44.563802375999956,-2.015484225999948],[-44.569394458,-2.017481316999987],[-44.57599430999993,-2.02414354399993],[-44.57839571100002,-2.027980077999931],[-44.576734793,-2.030802612999967],[-44.5691174529999,-2.022176476999977],[-44.565586571999965,-2.021780049999951],[-44.549968095999894,-2.02634186300001],[-44.53249839199996,-2.036258212],[-44.521943854000014,-2.034020637999951],[-44.52061495100002,-2.035449280999941],[-44.50166339100004,-2.023596953],[-44.496788029999884,-2.02574322899995],[-44.49596802999998,-2.032523183999952],[-44.49148153100003,-2.040280009999957],[-44.48545675199989,-2.040137297999962],[-44.485294981,-2.042741050999926],[-44.49057694599996,-2.048051427999926],[-44.49795367899996,-2.049344753999911],[-44.49917405900004,-2.053031416999946],[-44.503590216000035,-2.05486653],[-44.520500645999974,-2.072091824999962],[-44.527173563,-2.074196126999901],[-44.52900072900002,-2.079941778999945],[-44.535006218999975,-2.085269602999968],[-44.54599555399992,-2.09167203899991],[-44.552456820000025,-2.089017415999912],[-44.555063744999984,-2.097463759999947],[-44.56579143900004,-2.11097868099996],[-44.56671902599987,-2.125626277999988],[-44.56900420400003,-2.127354276999966],[-44.57828108599986,-2.126184543],[-44.582680252999964,-2.132140703999958],[-44.58184133200001,-2.134175317],[-44.58830802800003,-2.134639252999921],[-44.588611445,-2.136844576999959],[-44.57980416399994,-2.144485883999909],[-44.587563862,-2.150871537999972],[-44.587291870999884,-2.165553539999916],[-44.59499706799988,-2.181614671999927],[-44.60226665299998,-2.190860010999902],[-44.609571331999966,-2.195095324999947],[-44.634123654999904,-2.228541186999973],[-44.644591696999974,-2.236048794999963],[-44.65174940499997,-2.237787331999925],[-44.66062772500004,-2.247744894999943],[-44.68367294699989,-2.256142696999959],[-44.685374619,-2.26300123899998],[-44.68208044300002,-2.272115382999935],[-44.67178078900003,-2.287689293999957],[-44.65971411299994,-2.287347175999983],[-44.650752462999904,-2.295217796999989],[-44.63876920899997,-2.295852165999985],[-44.62759296500001,-2.290897281999911],[-44.62478725300004,-2.280451222999975],[-44.62615642999999,-2.275741116],[-44.623225234999936,-2.267345697999907],[-44.61609884399996,-2.257970112999903],[-44.598641158000035,-2.251009427999957],[-44.59606826299987,-2.245389447],[-44.58839118099998,-2.241443969999963],[-44.58673044299997,-2.233734413999962],[-44.588214246999904,-2.228608243999926],[-44.57932953800002,-2.226998594999969],[-44.56065683799993,-2.209918157999908],[-44.558455007,-2.201236777999966],[-44.552622043000014,-2.201907298000023],[-44.54635848299993,-2.194751742999941],[-44.542962834,-2.195558298999973],[-44.5387580299999,-2.188861757999945],[-44.541505970999886,-2.182439392999953],[-44.53530599899991,-2.179311622999887],[-44.534768610000036,-2.176326436999982],[-44.53101008499991,-2.174300878999897],[-44.5305579189999,-2.16865908999992],[-44.527250154999855,-2.166456218999908],[-44.53055899299989,-2.163452659],[-44.530135899999884,-2.1598640509999],[-44.51989895600002,-2.154738415999908],[-44.503567021999984,-2.152207829999959],[-44.498812845,-2.148721475999888],[-44.48548199899994,-2.14603966499995],[-44.472585987999885,-2.152060278999919],[-44.46865592999996,-2.151067542999936],[-44.469329181999974,-2.148538202999912],[-44.46417805499992,-2.146709114],[-44.463777654,-2.144297920999989],[-44.45760846199991,-2.150902132999928],[-44.45106185899986,-2.153130087999973],[-44.432876036,-2.166348738999897],[-44.41290479899993,-2.198624195999983],[-44.39846311699989,-2.214385773999901],[-44.404285612999985,-2.218758496999946],[-44.403285474000015,-2.22175883699995],[-44.39577330399991,-2.223107759999916],[-44.384478486,-2.267658459999939],[-44.38544314099988,-2.273382137999942],[-44.391163587999976,-2.275734611999987],[-44.383789344,-2.276663576000022],[-44.37704833800003,-2.281493382999962],[-44.363775857,-2.312154656999983],[-44.361532417,-2.330000200999933],[-44.357905047,-2.336858048999897],[-44.35800728800002,-2.340517887999933],[-44.37036656599998,-2.350009291999928],[-44.37422822000001,-2.355956728999971],[-44.37953865600002,-2.355487572999966],[-44.38006554,-2.359281496999905],[-44.37390467199998,-2.366933736999961],[-44.37235846700003,-2.380737815],[-44.375248337999864,-2.390311439999966],[-44.37884779699988,-2.39239994799993],[-44.38797632199996,-2.40888681],[-44.40685059700003,-2.418353832000015],[-44.40844829099997,-2.417357447],[-44.40496759000001,-2.415614926999972],[-44.40353511799997,-2.411591655999885],[-44.40634435499989,-2.412414386000012],[-44.40799908600002,-2.409021426999942],[-44.413235076,-2.412958310999986],[-44.424159727999914,-2.408092237999977],[-44.43756135299997,-2.40818327299996],[-44.440652559999855,-2.415733630000023],[-44.44760645299986,-2.411516317999958],[-44.45483910500001,-2.413013056999898],[-44.466386045,-2.410553139999934],[-44.46827983399993,-2.4133353],[-44.477889538999854,-2.411201143],[-44.48843022499989,-2.416652301999918],[-44.498447325000036,-2.425880622],[-44.499680710000035,-2.431716985],[-44.496779594999985,-2.435260462],[-44.47266181899994,-2.428062925999903],[-44.45816500599987,-2.434094057999943],[-44.44641870899991,-2.441607206999947],[-44.442596236,-2.450465945],[-44.44522512799991,-2.454408026999939],[-44.442941424999965,-2.457515913999959],[-44.460372073999956,-2.480748484999946],[-44.460950296000014,-2.476848693999951],[-44.46486677799988,-2.476268846999936],[-44.47599715400004,-2.485047625999943],[-44.49022575299986,-2.521728531999941],[-44.496732971000036,-2.521976669999955],[-44.512187099,-2.535187181999916],[-44.52354653899993,-2.525663372999905],[-44.534581867000036,-2.527683],[-44.53765732499986,-2.547766737999986],[-44.557253244000044,-2.604222271999941],[-44.57168383799997,-2.62319636699992],[-44.584754478,-2.657153532999885],[-44.59589251699998,-2.663977439999972],[-44.60365099699986,-2.678195930999934],[-44.606587708999925,-2.689584268999941],[-44.61831978800004,-2.694933481999957],[-44.62680432699986,-2.70267942899995],[-44.62332686799991,-2.724916777000015],[-44.62380639999997,-2.738932238999965],[-44.63549909100002,-2.76596242099993],[-44.64544578100003,-2.781507091000019],[-44.64841568899991,-2.803656326999899],[-44.651607111,-2.807456067999965],[-44.634960492999866,-2.839675976999985],[-44.632684779999956,-2.854799093999922],[-44.650676275,-2.891467578999958],[-44.67240006799993,-2.905994716999967],[-44.678617569000025,-2.915339355999986],[-44.68103318999988,-2.940109720999935],[-44.67656000799996,-2.959408288999938],[-44.679029098999884,-2.981631498999988],[-44.671533642,-3.004521191999938],[-44.65821565200004,-3.015377317999963],[-44.61765342299997,-3.028619198999944],[-44.59715376299989,-3.040047758],[-44.57387049799997,-3.044391396999941],[-44.548112435000014,-3.045084565],[-44.55500750999986,-3.050134545999956],[-44.56588737699998,-3.053114631999971],[-44.580221946999956,-3.051374355999954],[-44.653078786,-3.134158002999872],[-44.66427983999988,-3.146021834999964],[-44.67451890699992,-3.152287025999918],[-44.68911471000001,-3.175792451999921],[-44.69982256200003,-3.184731699999972],[-44.766012199999984,-3.205925430000018],[-44.77671872799989,-3.213149002999955],[-44.77996578099988,-3.22468064],[-44.765238521,-3.264761928999977],[-44.74987824799999,-3.281359302999949],[-44.74687439099987,-3.290974702999989],[-44.74937754800004,-3.299398976999974],[-44.76017921399991,-3.304612064999919],[-44.76806979499997,-3.304917809],[-44.78945686700003,-3.2964374969999],[-44.80179134299989,-3.273288603],[-44.810546699,-3.269352123999987],[-44.817127397000036,-3.278813779999918],[-44.828685846,-3.289151498999949],[-44.836936117999976,-3.291915236],[-44.844352285000035,-3.290866611999927],[-44.85032055800003,-3.295591967999929],[-44.85382219199994,-3.295453304],[-44.85265570499997,-3.28903032799996],[-44.839910281999856,-3.280834288999941],[-44.839239385000035,-3.277460075],[-44.85532751999988,-3.276445908999932],[-44.8623513859999,-3.264925671999936],[-44.87532679799986,-3.263024328999915],[-44.874903147999895,-3.267949959999967],[-44.87113032100001,-3.272283652999892],[-44.87387834200001,-3.276819057999898],[-44.86815314899997,-3.278946232999953],[-44.872714068999954,-3.283696323999958],[-44.87110734999989,-3.292586832999973],[-44.878547652,-3.298315255000013],[-44.86220385000004,-3.329160300999963],[-44.863711973000036,-3.346360634999908],[-44.882078309,-3.355065727999946],[-44.89217740999992,-3.351921669999953],[-44.894338905999966,-3.371749788999985],[-44.890702371,-3.376543916999903],[-44.878804626000026,-3.379798222999959],[-44.877854264,-3.383337361999956],[-44.8990773419999,-3.400764265999907],[-44.90316676799986,-3.412918125999926],[-44.90202601199998,-3.418850909999911],[-44.89878947899997,-3.421817660999977],[-44.900216453,-3.424786291000022],[-44.91687042000004,-3.430433856999944],[-44.92619111300003,-3.440096064999949],[-44.928103460999985,-3.446707328999938],[-44.924866218,-3.452733140999982],[-44.92876620499993,-3.455704053999948],[-44.92753069500002,-3.459818699999958],[-44.930764683999904,-3.462787846999956],[-44.944374864999894,-3.460009545999939],[-44.95627025700002,-3.451594515999918],[-44.973598625,-3.428426721999962],[-44.98168746700002,-3.427376789999954],[-45.00931319299997,-3.431800987],[-45.011411960999986,-3.429883765999904],[-45.01007586899993,-3.442723922999953],[-45.01246445500003,-3.458111064999976],[-45.015424158999956,-3.461086951],[-45.03022471400003,-3.459069249999942],[-45.032895792999966,-3.481143511999925],[-45.04435678800003,-3.489893725999967],[-45.04579032199998,-3.49594421099992],[-45.04139891899999,-3.500665514999942],[-45.04946764699996,-3.511935920999961],[-45.015524140999965,-3.535708503999953],[-45.0313578719999,-3.571045477999953],[-45.058080277999984,-3.572296713999919],[-45.062866436999954,-3.569167302999984],[-45.065167475,-3.571008132999972],[-45.073267129999955,-3.568891177999963],[-45.07785638399997,-3.565288834999888],[-45.090845278999986,-3.563993266999984],[-45.1060271979999,-3.557567919999923],[-45.12266523400004,-3.567260923999901],[-45.12434642699996,-3.563274459999929],[-45.12172802799986,-3.554416891999975],[-45.122872001,-3.545722133],[-45.11845146799991,-3.528488775999979],[-45.12385140899986,-3.525610604999959],[-45.127614401,-3.516755434999937],[-45.12450653899998,-3.513166811999931],[-45.12974122200002,-3.508618364],[-45.117464762999894,-3.494497289999928],[-45.10453246399986,-3.485562533999983],[-45.10322346399991,-3.482370037999979],[-45.107260015999856,-3.475414644999938],[-45.102575111,-3.478028355999926],[-45.10024210399997,-3.473284928999939],[-45.09480119599991,-3.471898220999955],[-45.097743694000016,-3.460394319999978],[-45.09318236799991,-3.462803739999939],[-45.09368282199993,-3.468144686999982],[-45.08890986399999,-3.468555823999982],[-45.086297273,-3.459191318999917],[-45.08868296100004,-3.450690981999944],[-45.084626161999935,-3.451233170999952],[-45.083994168999865,-3.457283619],[-45.08151722,-3.459310276999901],[-45.07414385499993,-3.452475813],[-45.078349077999974,-3.444252653999964],[-45.0849670599999,-3.437813729999935],[-45.07821910899997,-3.429895952999935],[-45.08352297099996,-3.420333745999944],[-45.27170533799994,-3.392451794999936],[-45.26577845299991,-3.389218948999968],[-45.260338423000015,-3.371348300999983],[-45.33531612400004,-3.340709676999971],[-45.340423932999975,-3.342393018999896],[-45.35082125299988,-3.353485341999924],[-45.35735776299999,-3.35554631299992],[-45.35849990499999,-3.360489161999975],[-45.363585042999915,-3.366183320999934],[-45.39040998699986,-3.349020960999933],[-45.450868804000024,-3.296335238999966],[-45.579702601000044,-3.240844443999986],[-45.588467681999894,-3.209590220999932],[-45.59973210999986,-3.187140563999975],[-45.603523072,-3.173948940999978],[-45.6083727929999,-3.148458381999948],[-45.610611133,-3.116822831999961],[-45.623514932,-3.061905199999977],[-45.63796770799998,-2.902662300999932],[-45.641809135000024,-2.653603100999931],[-45.59430409199999,-2.605761028999982],[-45.59443795099996,-2.557225617999954],[-45.560958355999986,-2.481461558999971],[-45.641599166999974,-2.458481717999934],[-45.641471494999976,-2.361128956],[-45.80354534599996,-2.426866220999919],[-45.90395322299999,-2.429493488999963],[-45.90425955099993,-2.469119010999972],[-45.91169272599998,-2.529002300999945],[-45.929376031999915,-2.546941980999957],[-45.94304749899992,-2.576148905],[-45.954445880999955,-2.58431054999992],[-45.97170352300002,-2.603404667999971],[-45.983920327,-2.611957670999949],[-45.983624462000044,-2.626855314999972],[-45.987735167,-2.634817241999983],[-45.99031315599996,-2.651860514999989],[-45.998427047000014,-2.66566107300001],[-45.99084253999997,-2.674044796999926],[-45.987975859,-2.680873749999897],[-45.98996989099989,-2.695910092999938],[-46.06440735699989,-2.686344177],[-46.072746187,-2.697770612999957],[-46.080793519999965,-2.718391594999954],[-46.069186381999884,-2.741190577999948],[-46.07804646399996,-2.752511484999971],[-46.08129613699999,-2.772576901],[-46.09081369099992,-2.783686324999941],[-46.091692074000036,-2.807764150999965],[-46.100713916,-2.824770204999911],[-46.12359617200004,-2.847631530999912],[-46.13162859300002,-2.865434555999986],[-46.13094755899989,-2.877474187999969],[-46.12146789099998,-2.898776354999928],[-46.122563936999896,-2.907227503999916],[-46.1701404259999,-2.946424104999963],[-46.17914922700002,-2.958174379999985],[-46.187268186999965,-2.9780644209999],[-46.19000198799986,-3.0106233089999],[-46.20621904999998,-3.030503837],[-46.230528057000036,-3.045854016999989],[-46.260233187,-3.057577099999982],[-46.290845669999975,-3.075629483999904],[-46.30631494400004,-3.089056325999913],[-46.37913660000002,-3.165964608999978],[-46.397171435,-3.194882272999973],[-46.400793204,-3.212062624999952],[-46.400150208999904,-3.228310581999967],[-46.390813884999865,-3.275151534999949],[-46.39409247299989,-3.280876787999905],[-46.39668358399996,-3.298043654999923],[-46.398527153,-3.346598774999983],[-46.41382863099986,-3.401169175999925],[-46.431234533999934,-3.4373946609999],[-46.45949821999991,-3.485753684999989],[-46.475665332999895,-3.486267956999908],[-46.50340577399992,-3.502769953999981],[-46.547714608,-3.543044611999965],[-46.579853929000016,-3.57914570899995],[-46.59328605900002,-3.591043813999947],[-46.63084305500003,-3.613061533999958],[-46.67447341000002,-3.65949336999993],[-46.693315352,-3.676418561999935],[-46.69885804500003,-3.685846086999974],[-46.69635065499987,-3.704938331999959],[-46.701584235,-3.711524488999914],[-46.706657259999986,-3.734891097999978],[-46.72505411199999,-3.760655546999932],[-46.727210058000026,-3.767158711999948],[-46.73534588199986,-3.772988585999944],[-46.738649321999986,-3.785124772999922],[-46.73355834099993,-3.796257],[-46.73422263899992,-3.80098417399994],[-46.72689172699998,-3.80713529199996],[-46.729558433,-3.828860928999963],[-46.72446441799996,-3.839226236999967],[-46.69735105300004,-3.855002417999938],[-46.697227176,-3.857687162999942],[-46.701442421999985,-3.868416238999935],[-46.70946267499994,-3.877988598999967],[-46.757386351999976,-3.905053395999954],[-46.75801398700004,-3.943942651999973],[-46.761043553999976,-3.954857164999944],[-46.75806425299994,-3.967381982999926],[-46.76108699000002,-3.975632841999951],[-46.776952258999984,-3.981990674999932],[-46.78024310399996,-3.986777361999946],[-46.79473570399986,-3.990209220999948],[-46.80483690900004,-3.998738785999941],[-46.81656664399996,-4.001787769999972],[-46.828621846,-4.000270420999926],[-46.843917796000014,-4.003216548999974],[-46.869635993999964,-4.032131276],[-46.8857863539999,-4.037224866],[-46.89174650800001,-4.043999507999914],[-46.90031738299996,-4.076095547999988],[-46.90559897299989,-4.083203178999924],[-46.914951003999896,-4.086988320999937],[-46.92710348499998,-4.086647095999948],[-46.916196035999974,-4.077219346999891],[-46.91777097099999,-4.065881600999895],[-46.912257984,-4.059560031999983],[-46.91403806800003,-4.047155487999917],[-46.912519110999945,-4.038309116999913],[-46.91659728699987,-4.029784337999961],[-46.91549977599992,-4.022009571999981],[-46.91953949500003,-4.016835407999971],[-46.91767795999993,-4.009878140999953],[-46.92014573499992,-4.00087865199998],[-46.918214496,-3.99884897899991],[-46.920382621999984,-3.991886864999935],[-46.925641136000046,-3.986186981999947],[-46.928563456999896,-3.977349931999915],[-46.927293796,-3.974820683999988],[-46.9361431519999,-3.960989815999945],[-46.93475249300003,-3.949388277999973],[-46.940047437,-3.937902456999983],[-46.939142567,-3.93331651099997],[-46.945035217999866,-3.92349584899991],[-46.94315748799993,-3.916370663999943],[-46.946152077,-3.915550522999941],[-46.944055947000024,-3.913078435999947],[-46.945831918999886,-3.911031584999965],[-46.94269263000002,-3.908928399999941],[-46.943903196999905,-3.903674682999921],[-46.94035648999991,-3.899089091999937],[-46.941768124,-3.892552205999974],[-46.939062885999896,-3.89039057099991],[-46.93888549999996,-3.880663616999965],[-46.93606626299994,-3.87954145500002],[-46.93949687000001,-3.862910703999952],[-46.94403875400002,-3.861176591999912],[-46.942496407000036,-3.859610169999979],[-46.9473049009999,-3.855285260999982],[-46.94446104499997,-3.854737132999927],[-46.944651033999875,-3.850105950999901],[-46.94701550400003,-3.849136716],[-46.94433122999988,-3.846824373999987],[-46.94753555699998,-3.844152401999975],[-46.945714062,-3.84290582599995],[-46.947541730999866,-3.841505161999966],[-46.94698624499991,-3.836812146999887],[-46.949482959,-3.835763621999907],[-46.94703803200002,-3.833663539999962],[-46.955328979999905,-3.810970745999961],[-46.953296221999935,-3.806950721999965],[-46.95619465300003,-3.805135342999951],[-46.9510415789999,-3.799225952999948],[-46.954269519,-3.79820595199993],[-46.95292284300004,-3.795816875999965],[-46.9556316539999,-3.795588150999959],[-46.95939415,-3.787525785999986],[-46.95825487199988,-3.785040760999988],[-46.962647605999976,-3.78385343099998],[-46.96698329399989,-3.769637567999969],[-46.97206379999988,-3.767287465999943],[-46.970651588999914,-3.764093339999893],[-46.97366853699996,-3.761112287999976],[-46.970946158999865,-3.758635274999929],[-46.97446153600003,-3.752925268],[-46.973208552,-3.750308779999952],[-46.97623328999998,-3.750469945999964],[-46.980397459999914,-3.746175454],[-46.978369717,-3.745540674999966],[-46.979011411999984,-3.742181592999946],[-46.975777173,-3.743528920999958],[-46.98013525599998,-3.739829449999928],[-46.97651015099998,-3.738703531999939],[-46.97707035799988,-3.734174489999927],[-46.983060654,-3.733942953999954],[-46.98361404099996,-3.726140399999985],[-46.99383525100003,-3.714828504],[-46.99264335899991,-3.713451954999965],[-46.996774,-3.717977],[-46.996769,-3.705343],[-47.000333,-3.7056],[-47.001644235,-3.702197101],[-47.00663079899994,-3.703963718999966],[-47.00582692599986,-3.70131317399995],[-47.00921976300001,-3.695713242999973],[-47.015907523000024,-3.693138904999956],[-47.01887456899994,-3.689318672999971],[-47.02264205599991,-3.691171136999945],[-47.02446072500002,-3.684551591999893],[-47.026394499999974,-3.685885647999961],[-47.02949110399986,-3.682162850999956],[-47.02951511099998,-3.675429209999966],[-47.024234158999924,-3.670852928999953],[-47.028546521999864,-3.666943234999938],[-47.02866701499988,-3.663995319],[-47.02540638100002,-3.662320121999959],[-47.02827949399988,-3.661788677999952],[-47.02522658699997,-3.660677263],[-47.03302412699997,-3.643416009999908],[-47.02513866499998,-3.639308768999979],[-47.02692373299988,-3.638324317999971],[-47.02554207799987,-3.631252370999968],[-47.02777171599997,-3.628859485999954],[-47.023530874,-3.626227926],[-47.028473204000015,-3.622557307999959],[-47.024638624,-3.619236514999909],[-47.024659215000014,-3.614269024999946],[-47.030444863,-3.610782229999928],[-47.026967629999874,-3.607135768999933],[-47.032805179999976,-3.603038136999911],[-47.032108349999874,-3.600111691999893],[-47.02743051199998,-3.598812098999923],[-47.030793941,-3.594719949],[-47.041400548,-3.590727586999983],[-47.03648773500002,-3.587424422999971],[-47.031967182999914,-3.588050839999931],[-47.03468139999996,-3.58515477599994],[-47.0272373299999,-3.580933000999949],[-47.028765544000045,-3.578463342999979],[-47.030915704999956,-3.580616157999935],[-47.035612731000015,-3.573092093999915],[-47.039523172,-3.573622556000019],[-47.03399341499988,-3.56870352699998],[-47.03884610400002,-3.562103307999927],[-47.03056456199986,-3.560195250999972],[-47.01846585699996,-3.565539484999932],[-47.01613108099996,-3.55858909399995],[-47.01847654199996,-3.548542513999938],[-47.01363903,-3.545811386],[-47.010267430999924,-3.54942037499992],[-47.004061734999915,-3.542641317],[-47.003768551999904,-3.534204003],[-46.99668330799987,-3.535130647999925],[-46.99438671099992,-3.538739677999932],[-46.98627532799998,-3.529570762999975],[-46.975699427999956,-3.529768411999986],[-46.97835939999986,-3.517719317999931],[-46.96887983099996,-3.516061078999951],[-46.96887983099996,-3.514402836999971],[-46.98231736399996,-3.494942660999919],[-46.97777303500002,-3.493138062999908],[-46.9746457539999,-3.494650023999953],[-46.97459688999986,-3.491333461999898],[-46.972153702999854,-3.492211375999973],[-46.968782103999956,-3.489382536999948],[-46.96638777999991,-3.494406159999937],[-46.96311390800001,-3.492113829999895],[-46.96203890499997,-3.497381301999988],[-46.95979117299998,-3.495088979999946],[-46.96091503899998,-3.488650939],[-46.96971051500003,-3.475774724999977],[-46.96907528599996,-3.473677445],[-46.957543439999895,-3.472653191999894],[-46.953243429999915,-3.476896523999891],[-46.94845478199992,-3.476798975999903],[-46.94879682799998,-3.46577602899993],[-46.953243429999915,-3.465824802999969],[-46.95632184599999,-3.461288775],[-46.95290138199986,-3.456606399999913],[-46.94708659699996,-3.459435336999946],[-46.95270592799994,-3.449777894999979],[-46.95119115200002,-3.44816831199994],[-46.94728205199988,-3.448899939999901],[-46.946207049000016,-3.452265426999919],[-46.94205363,-3.44650994999995],[-46.946695686999945,-3.438949736999959],[-46.95534457100004,-3.438364426999936],[-46.95353661199993,-3.431828447999958],[-46.95632184599999,-3.425877741999912],[-46.95290138199986,-3.422707268999954],[-46.947868416999896,-3.423536471],[-46.947624097999935,-3.419731891999973],[-46.945229773999976,-3.422317054999908],[-46.94332408799986,-3.418902686999932],[-46.939903624999914,-3.420853755999893],[-46.94244453999992,-3.416902836999931],[-46.940343397999975,-3.414951758999969],[-46.94689114200004,-3.411049591999955],[-46.94869910099988,-3.405440198999905],[-46.94435022600003,-3.396806548],[-46.949138874000035,-3.39217263599993],[-46.94566954800004,-3.390026394999985],[-46.93799793799998,-3.396757769999965],[-46.936092252000044,-3.391440963999965],[-46.93667861599989,-3.384026651999967],[-46.94425249900003,-3.37719763],[-46.938682031,-3.372807520000016],[-46.9370695269999,-3.373831880999951],[-46.938779757,-3.375685483999931],[-46.936043387,-3.376173272999967],[-46.929739963999985,-3.373831880999951],[-46.92788314099992,-3.377636640999988],[-46.922899038,-3.374368450999938],[-46.92153085300004,-3.37051489899995],[-46.92500018000003,-3.364783322999916],[-46.91610697599997,-3.365368676999942],[-46.91727970599993,-3.361319970999972],[-46.912442194999976,-3.361612648999941],[-46.91073196299987,-3.369124689999943],[-46.90574786000004,-3.367514971999981],[-46.90384217400001,-3.364539423999897],[-46.907067181999864,-3.358978542999953],[-46.89880920599996,-3.35561273],[-46.89920011699998,-3.35039325899988],[-46.90276716999988,-3.350539598999909],[-46.89040464100001,-3.343368879],[-46.888303499999886,-3.339710328999974],[-46.889867138999854,-3.335368830999936],[-46.884834172999895,-3.335173706999957],[-46.876967108,-3.342295705999927],[-46.87941029599992,-3.345759124999965],[-46.874475056999955,-3.345905467],[-46.871738686999855,-3.341563995999959],[-46.86763413199997,-3.340734724],[-46.86836708799996,-3.33688104],[-46.865484125999984,-3.333368807999921],[-46.86807390500003,-3.3297102199999],[-46.87296028100003,-3.328295561999912],[-46.867780723000024,-3.326929683999964],[-46.85864320099991,-3.342978634999945],[-46.849310223999964,-3.337027382999942],[-46.85185113899997,-3.330100469999948],[-46.848919313999865,-3.324588173999938],[-46.851118183,-3.322100313999972],[-46.849212495999964,-3.318392902],[-46.839195425999904,-3.324149139999939],[-46.83846247000001,-3.319710009999906],[-46.82991131300001,-3.311465859],[-46.82307038700002,-3.313222014999901],[-46.813884000999956,-3.310051174999913],[-46.81222263399998,-3.302050855999923],[-46.819405606000025,-3.29814823799996],[-46.82658857799998,-3.297904323999941],[-46.820920381999855,-3.292977244999946],[-46.810805584999976,-3.290001473999933],[-46.809388535999965,-3.282781530999941],[-46.81847719400003,-3.277317755999949],[-46.82008969799987,-3.27404923299996],[-46.81857492200004,-3.268097568000012],[-46.81500786800004,-3.268292705],[-46.81144081400004,-3.272927200999938],[-46.80205897299987,-3.265999840999907],[-46.80176578999986,-3.260292050999976],[-46.80645671100004,-3.256925904],[-46.80616352800003,-3.244046625999903],[-46.79531577499989,-3.240265745999977],[-46.78590950200002,-3.247242067999885],[-46.78478563600002,-3.24375391300002],[-46.77919073600001,-3.242168383999928],[-46.77745607199993,-3.231435507999976],[-46.78200040199987,-3.222751552],[-46.778531074999876,-3.216848370999976],[-46.768269687000036,-3.216067782999961],[-46.762894673999924,-3.212945422999987],[-46.758887845999865,-3.218751052999931],[-46.755271928,-3.216214143],[-46.75805716199988,-3.20904246],[-46.77154355800002,-3.204066160000014],[-46.76949128000003,-3.198553171999947],[-46.75839920800003,-3.194747729999943],[-46.76128217,-3.185770732999966],[-46.773058334000034,-3.178598835999953],[-46.768904915000014,-3.17650092500001],[-46.7646537689999,-3.17742790999997],[-46.751558281999955,-3.188844387],[-46.744179855,-3.179330664999931],[-46.74955486800001,-3.165913727999943],[-46.738609386999876,-3.161864218],[-46.72873890899996,-3.162352110999951],[-46.72263093999987,-3.159132009999972],[-46.719943433,-3.153472411999942],[-46.73035141299989,-3.144495056999936],[-46.729374138000026,-3.128199008999939],[-46.73186618899999,-3.127271979999886],[-46.73606847199987,-3.133322044999982],[-46.744473038,-3.13737166599994],[-46.74838213799997,-3.131663159999949],[-46.74813782,-3.121856166999954],[-46.74168780400004,-3.123124737999934],[-46.736019607999914,-3.121026714999982],[-46.73196391699999,-3.124588472999985],[-46.724390034999935,-3.111463580999914],[-46.718868430999954,-3.109219159999927],[-46.71246727900003,-3.115610869999959],[-46.716474107,-3.126393741999962],[-46.707727494999986,-3.127076815999903],[-46.702938847,-3.119026270999932],[-46.70738544800002,-3.105120638999921],[-46.70675021900004,-3.100631763999946],[-46.6932638229999,-3.09677717099996],[-46.688621765999955,-3.092971356999925],[-46.680314928,-3.095850115],[-46.676503554999954,-3.094142377999916],[-46.68202516000002,-3.074381224],[-46.67318082,-3.067306152999922],[-46.673962640000035,-3.056376296999925],[-46.67713878400002,-3.053351049999904],[-46.67733423899994,-3.034272275999967],[-46.67459786900002,-3.032125281999871],[-46.66917399200004,-3.032857211999946],[-46.66731716899988,-3.029685511999975],[-46.672399,-3.015803115999933],[-46.658814876000015,-3.010850301999941],[-46.66936944699996,-3.006409829999974],[-46.67415809499987,-3.000212655999963],[-46.668489899999926,-2.992795520999909],[-46.66140465499998,-2.996552891999933],[-46.64992167299987,-2.99601612499993],[-46.651436448999966,-2.990502053999951],[-46.64923758000002,-2.98342643599991],[-46.65422168299993,-2.978253885999944],[-46.65837510200004,-2.980010604],[-46.662088748,-2.978205087999903],[-46.662968295000034,-2.974691643999989],[-46.650165992,-2.973032513999936],[-46.647429621,-2.969811842],[-46.64840689600003,-2.961272135999966],[-46.65534554999993,-2.956197079999896],[-46.66761035199989,-2.954684317999963],[-46.67303422899987,-2.94507091399991],[-46.66726830600001,-2.936335819999965],[-46.653928500999925,-2.931065449999988],[-46.666193302999886,-2.907641286999958],[-46.66262624899998,-2.90329800399995],[-46.66963819799999,-2.899759922999952],[-46.67337627500002,-2.893074140999925],[-46.68114561199999,-2.893610956999932],[-46.680827998,-2.883142996999961],[-46.66844103599988,-2.875944692999983],[-46.65422168299993,-2.8784824049999],[-46.64889553399996,-2.883606614999952],[-46.63941596599988,-2.883557812999911],[-46.63462731799997,-2.870527634999949],[-46.63956255700002,-2.871601287999965],[-46.64063755899997,-2.861840766999908],[-46.63653300399991,-2.861840766999908],[-46.637363687999894,-2.868233917999969],[-46.63555572899996,-2.86852673299995],[-46.631988674999874,-2.866281815000011],[-46.633601178999974,-2.864232102999971],[-46.63120685500002,-2.861694358999962],[-46.63262390400003,-2.859107805999912],[-46.63912278299987,-2.858717382999938],[-46.64127278800004,-2.854276305999921],[-46.6400023309999,-2.85090888500001],[-46.620945466,-2.859644638999921],[-46.615961362999904,-2.855008352999917],[-46.61312726599989,-2.858180549999929],[-46.61097726,-2.855252367999945],[-46.61068407799998,-2.845784528999946],[-46.61513067899992,-2.837243885999925],[-46.61874659699996,-2.835974984999918],[-46.61483749699991,-2.829386438999943],[-46.60267042200004,-2.833974022999914],[-46.589574936,-2.845784528999946],[-46.583662421,-2.840269721],[-46.57916695599993,-2.843149137999941],[-46.57569762899994,-2.841538618],[-46.58380901299997,-2.834071631],[-46.58239196399996,-2.829093612999962],[-46.586545382999894,-2.828605571],[-46.589819254999966,-2.833534786999987],[-46.59167607699986,-2.826995030999964],[-46.59578063299992,-2.826311770999919],[-46.59104084799997,-2.823773943999903],[-46.59060107499991,-2.819625559999945],[-46.592506761000024,-2.816892498999941],[-46.599738596999934,-2.818112616999908],[-46.601106781999896,-2.813183335],[-46.598956777,-2.796980006999945],[-46.602523831,-2.789219900000024],[-46.607703388999916,-2.788439005999983],[-46.609755666,-2.798834615999919],[-46.618404551,-2.804935283999939],[-46.625294340000025,-2.806545854999971],[-46.63482277299989,-2.796443145999934],[-46.63902505499986,-2.785657065999931],[-46.636875049999965,-2.777360014999903],[-46.631157990999974,-2.768916485000013],[-46.636923914,-2.753786308999935],[-46.64225006299989,-2.750223369000011],[-46.64650120999992,-2.758178960999942],[-46.65187622299994,-2.757202817999911],[-46.65246258799987,-2.748759143999919],[-46.658814876000015,-2.741291567999955],[-46.65290236200002,-2.735190572999908],[-46.65397736399997,-2.729040738],[-46.66961376599992,-2.734604875999942],[-46.674891051000024,-2.731871617999921],[-46.670346722,-2.730700220999989],[-46.66756148799993,-2.726697935999951],[-46.67322968399996,-2.712250552999969],[-46.66482511800001,-2.695167276999939],[-46.65490577599996,-2.690530345999971],[-46.64718530300003,-2.689944628],[-46.65065462900002,-2.680475467999894],[-46.644351205000014,-2.681890964999951],[-46.638096643999965,-2.687211268999885],[-46.63433413499996,-2.685454106999892],[-46.632428449000024,-2.680329036999947],[-46.63452958999988,-2.674178923999921],[-46.62265569800002,-2.669444291999952],[-46.618600006,-2.665392994999944],[-46.618551141999866,-2.653336646],[-46.62226478799992,-2.644941061999901],[-46.611172715,-2.644452944999927],[-46.608582935999856,-2.639620575999952],[-46.606090884999986,-2.639474139999916],[-46.59680677099991,-2.663733423999943],[-46.59260448899994,-2.665490616999939],[-46.58864652400001,-2.655630777999924],[-46.587473793999884,-2.641670673999936],[-46.57887377399992,-2.631517771999921],[-46.56734192700003,-2.626782976999937],[-46.557813494999905,-2.631176086999982],[-46.544766873,-2.624928103999942],[-46.50684859900003,-2.616874018999944],[-46.509438378,-2.590612458999892],[-46.50176676900002,-2.580947287],[-46.49135878899986,-2.583290365999975],[-46.48979514899998,-2.57660281699998],[-46.48720537000002,-2.575040756999964],[-46.48793832599991,-2.568841310999943],[-46.49692925699998,-2.563129983999897],[-46.500887221,-2.555905362999962],[-46.50171790499998,-2.546776898999976],[-46.491212198,-2.537550737999901],[-46.48564172999988,-2.53623271],[-46.48139058299994,-2.54472664599998],[-46.473572382,-2.546581636999985],[-46.458131435999974,-2.540674947999939],[-46.429937048999875,-2.536818499999889],[-46.41933361499997,-2.532425064999906],[-46.42016429799996,-2.525981331999922],[-46.42944841199986,-2.523394067],[-46.43658251999994,-2.515241706999944],[-46.436777975000034,-2.507968001999945],[-46.42935068400003,-2.499083286999966],[-46.440051846999935,-2.481801855999972],[-46.43951434499996,-2.473990964999935],[-46.43242910100001,-2.465496569999921],[-46.43809729600004,-2.461591081999899],[-46.44058934799991,-2.452413141],[-46.43887911599998,-2.441380001999978],[-46.44215298799997,-2.419411091999919],[-46.43936775399991,-2.413162091999972],[-46.42749386199987,-2.401689244999901],[-46.422460894,-2.385382988999947],[-46.412785872,-2.379133834999987],[-46.40941427199992,-2.371371171999943],[-46.41322564499997,-2.364194332999965],[-46.431891600000036,-2.364487266999955],[-46.442983671999954,-2.379085012999944],[-46.456274612999906,-2.386749987999988],[-46.46736668499992,-2.37635099899995],[-46.46428826900002,-2.363364356999949],[-46.45344051499998,-2.356578055999954],[-46.43164728099998,-2.334803081999954],[-46.43242910100001,-2.297111076999965],[-46.42270521399996,-2.287541444999892],[-46.41591315200002,-2.269134371999932],[-46.41957793300003,-2.254926100000016],[-46.43057227799994,-2.244135532],[-46.431940462999904,-2.237055704999964],[-46.410635866,-2.228755174],[-46.40609153699997,-2.23832519299993],[-46.39612333099996,-2.246723322999973],[-46.39113922799996,-2.250141151999969],[-46.382246024999986,-2.249018151999955],[-46.373352822000015,-2.241840694999926],[-46.36436189099987,-2.227729810999985],[-46.34721071299999,-2.221968233999956],[-46.34398570499996,-2.216597253],[-46.34418115999988,-2.209321982999963],[-46.332356130999976,-2.190913927999922],[-46.283296921999955,-2.154390114999956],[-46.28461624299996,-2.150972065999941],[-46.29116398600002,-2.15063026],[-46.300203780999865,-2.145942636999916],[-46.30088787299998,-2.141792124999959],[-46.28886738999998,-2.135151281999921],[-46.28275941999989,-2.125922416999977],[-46.27210712200003,-2.117572443999922],[-46.26854006799986,-2.10399753699992],[-46.268686659,-2.094817317],[-46.269273024000015,-2.090666667999947],[-46.27757986199997,-2.079337781999886],[-46.273573035,-2.066348528999935],[-46.275332129999974,-2.057509915999951],[-46.274599173,-2.054628809999954],[-46.260428685,-2.04608312799996],[-46.26057527599988,-2.037390901],[-46.250265023999894,-2.017515803],[-46.25143775399994,-2.000619336999971],[-46.236485445000014,-1.966435203999968],[-46.23394453,-1.942408221999887],[-46.22270586600004,-1.910225205999989],[-46.228764972,-1.888492781999958],[-46.23106156800004,-1.886636966999973],[-46.239954770999915,-1.888004409999962],[-46.24484114699992,-1.881948582999922],[-46.215278575000035,-1.845906213],[-46.21136947499998,-1.835747796999971],[-46.21254220500002,-1.827445202999929],[-46.22700587600002,-1.805955957999945],[-46.25363662299998,-1.795846155999943],[-46.26922415999997,-1.795894995999987],[-46.28473840200003,-1.800803384999945],[-46.29773616099988,-1.794136764],[-46.30457494099987,-1.803286918],[-46.312150969000015,-1.805687339999924],[-46.317691957,-1.796295374999897],[-46.32448906699991,-1.772695966999933],[-46.32155724199998,-1.758629886999969],[-46.311882217999894,-1.733232530999924],[-46.308461754999854,-1.730888141999927],[-46.294975358999984,-1.726590088999931],[-46.26585256099998,-1.732841799999925],[-46.24757751700002,-1.720924458999935],[-46.23897749599997,-1.722975810000023],[-46.22510019,-1.731669605999926],[-46.22119108999994,-1.731278873999926],[-46.21122288399993,-1.72717618799993],[-46.20614105300001,-1.720240674999935],[-46.20350240999991,-1.705295045999939],[-46.19285011199997,-1.707639465999939],[-46.174086429999896,-1.700508512999939],[-46.15678866099997,-1.680287721999925],[-46.156006841000035,-1.668370056],[-46.16392276899997,-1.653912462999969],[-46.16587731899986,-1.634375007999918],[-46.16421595199989,-1.626559972999893],[-46.149361369999966,-1.61503274099994],[-46.14691818299997,-1.610441366999922],[-46.14730909299989,-1.606436118],[-46.154052290999964,-1.599402490999964],[-46.154931838,-1.593736495999938],[-46.145256815,-1.590512733000011],[-46.14212953499997,-1.585823614999899],[-46.13362724099992,-1.581818316999968],[-46.13362724099992,-1.578692226999951],[-46.13626588400002,-1.569704688999902],[-46.13558179099991,-1.562866318999951],[-46.142618171999985,-1.540299541999985],[-46.14408408500004,-1.517830219],[-46.164606862,-1.496044520999913],[-46.164509134,-1.487447414999927],[-46.17613870799988,-1.477384850999925],[-46.17633416299998,-1.474942473999903],[-46.14359544699993,-1.449736987999923],[-46.13978407399997,-1.443875206999952],[-46.13773179699999,-1.437134139999969],[-46.140272712,-1.432835477999923],[-46.15346592600003,-1.425605891999933],[-46.154150017999875,-1.422577274999988],[-46.141738625000045,-1.412123630999957],[-46.13020677799989,-1.376854449999971],[-46.11603629,-1.367182199999935],[-46.114570376999936,-1.351941],[-46.10372262299998,-1.33728591099997],[-46.10978172900003,-1.332791664999906],[-46.12893632100002,-1.334257180999927],[-46.13137950899993,-1.326538788999905],[-46.12913177600002,-1.312469758999963],[-46.133334058999914,-1.309734105999922],[-46.14730909299989,-1.309441],[-46.15923184899997,-1.287751064999938],[-46.16157730899988,-1.281888887999934],[-46.15884093899996,-1.274658852999906],[-46.143009081999914,-1.254727296999931],[-46.14007725699998,-1.247692593999901],[-46.15082728300002,-1.232646083],[-46.14926364299996,-1.226002141999967],[-46.1330408759999,-1.210369274999952],[-46.104113533,-1.201966570999975],[-46.092614456999975,-1.201447470999923],[-46.086224478,-1.196683226],[-46.077082435999955,-1.1962430899999],[-46.074564570999904,-1.186631629],[-46.076677225,-1.170745209999975],[-46.07503880899997,-1.1609984259999],[-46.067971123999875,-1.150389307999973],[-46.068295303999875,-1.164276782999902],[-46.06642070999994,-1.162468420999936],[-46.0646995499999,-1.144276759999947],[-46.06086691699987,-1.13533767],[-46.05635507499986,-1.13158215399995],[-46.0534851639999,-1.131623584999915],[-46.04575895200003,-1.160448951],[-46.040222768,-1.173962592999906],[-46.03850845599991,-1.172999361999967],[-46.03818834299989,-1.164204768999983],[-46.044798521999965,-1.148857898999918],[-46.042204296,-1.133677909999982],[-46.04606163099994,-1.12114079599996],[-46.02521022999997,-1.094528869999962],[-46.01991134199986,-1.082228906999934],[-46.00319977500003,-1.076963912999958],[-46.002637090000015,-1.07117112000001],[-45.99697814400004,-1.065701733],[-45.998248487999895,-1.05913126499992],[-45.99599046500003,-1.05433305599993],[-45.98654289099993,-1.049964650999886],[-45.97601808399996,-1.049699285999957]]]]},"properties":{"agrupamento":"Pinheiro"}},{"type":"Feature","geometry":{"type":"Polygon","coordinates":[[[-45.641809135000024,-2.653603100999931],[-45.63796770799998,-2.902662300999932],[-45.623514932,-3.061905199999977],[-45.610611133,-3.116822831999961],[-45.6083727929999,-3.148458381999948],[-45.603523072,-3.173948940999978],[-45.59973210999986,-3.187140563999975],[-45.588467681999894,-3.209590220999932],[-45.579702601000044,-3.240844443999897],[-45.450868804000024,-3.296335238999966],[-45.39040998699986,-3.349020960999933],[-45.363585042999915,-3.366183320999934],[-45.35849990499999,-3.360489161999975],[-45.35735776299999,-3.35554631299992],[-45.35082125299988,-3.353485341999924],[-45.340423932999975,-3.342393018999896],[-45.33531612400004,-3.340709676999971],[-45.260338423000015,-3.371348300999983],[-45.26577845299991,-3.389218948999968],[-45.27170533799994,-3.392451794999936],[-45.08321685399986,-3.420590272999942],[-45.07821910899997,-3.429895952999935],[-45.0849670599999,-3.437813729999935],[-45.078349077999974,-3.444252653999964],[-45.07414385499993,-3.452475813],[-45.08151722,-3.459310276999901],[-45.083994168999865,-3.457283619],[-45.084626161999935,-3.451233170999952],[-45.08868296100004,-3.450690981999944],[-45.086297273,-3.459191319],[-45.08890986399999,-3.468555823999982],[-45.09368282199993,-3.468144686999982],[-45.09318236799991,-3.462803739999939],[-45.097743694000016,-3.460394319999978],[-45.09480119599991,-3.471898220999955],[-45.10024210399997,-3.473284928999939],[-45.102575111,-3.478028355999926],[-45.107260015999856,-3.475414644999938],[-45.10322346399991,-3.482370037999979],[-45.10453246399986,-3.485562533999983],[-45.117464762999894,-3.494497289999928],[-45.12974122200002,-3.508618364],[-45.12450653899998,-3.513166811999931],[-45.127614401,-3.516755434999937],[-45.12385140899986,-3.525610604999959],[-45.11845146799991,-3.528488775999979],[-45.122872001,-3.545722133],[-45.12172802799986,-3.554416891999975],[-45.12434642699996,-3.563274459999929],[-45.12266523400004,-3.567260923999901],[-45.1060271979999,-3.557567919999923],[-45.090845278999986,-3.563993266999984],[-45.07785638399997,-3.565288834999888],[-45.073267129999955,-3.568891177999963],[-45.065167475,-3.571008132999972],[-45.062866436999954,-3.569167302999984],[-45.058080277999984,-3.572296713999919],[-45.0213618409999,-3.572102051999889],[-45.01377027599989,-3.577711130999913],[-45.00147068799998,-3.581701804999967],[-44.99727292599994,-3.58714591800002],[-45.04768351400004,-3.72113588299989],[-45.04115268999987,-3.722943664999986],[-45.04002966000003,-3.719360420999981],[-45.03246601199993,-3.718099586999931],[-45.030491583999904,-3.713254414999963],[-45.02820209,-3.716896997999904],[-45.020535637000016,-3.713889449999926],[-45.019509649000035,-3.716511008999942],[-45.01034586699997,-3.714764080999907],[-45.01034943699991,-3.708584766999953],[-45.00394666900003,-3.704281363999958],[-44.99893822899997,-3.712799751],[-44.994019175999924,-3.708050341999965],[-44.989654338,-3.709597283999973],[-44.984269993999916,-3.707924261999925],[-44.980379695,-3.703640979999908],[-44.966402703000036,-3.703286366999966],[-44.96071166799989,-3.694538549999945],[-44.95307277599987,-3.693176129999928],[-44.94535190499991,-3.695785822999938],[-44.93852316099996,-3.706819937999946],[-44.930295488999896,-3.706772166999902],[-44.92374337,-3.71099272699997],[-44.920802059,-3.729942924999926],[-44.922097350999884,-3.734395986999957],[-44.917987421,-3.73910537599997],[-44.924986331,-3.746545614999982],[-44.931043173000035,-3.747608126999965],[-44.92681888300001,-3.752994255999927],[-44.92185686199997,-3.751576709999967],[-44.918103862999864,-3.753278825999936],[-44.91229446699996,-3.748164843999931],[-44.902208824,-3.750133035999977],[-44.89782603399993,-3.740560444999926],[-44.890127376999935,-3.743972260999958],[-44.88590064499989,-3.740856611999917],[-44.884071692,-3.745480754999982],[-44.87893555900003,-3.74583055099997],[-44.87273749699994,-3.732415893999904],[-44.868538880999914,-3.729281979999951],[-44.867569852000024,-3.719527488999948],[-44.86190431300004,-3.719032688999953],[-44.86015745899992,-3.716380436999974],[-44.863347808000015,-3.711704363999965],[-44.86081806199996,-3.707278679999978],[-44.86326418700002,-3.704912248999933],[-44.86193188,-3.700467585999974],[-44.866350700999874,-3.694662606999906],[-44.860212891999886,-3.696152957999939],[-44.85218648199996,-3.688214689999932],[-44.84752029399988,-3.687551002],[-44.848486156000035,-3.681004714999966],[-44.84482601699989,-3.678107350999956],[-44.84562462099997,-3.668634074999951],[-44.84090876299996,-3.667729911000014],[-44.83143555299987,-3.675910251999977],[-44.817512402,-3.678233729999932],[-44.81368529399999,-3.688016339999952],[-44.80771147599998,-3.688534685999941],[-44.81237438499988,-3.694549479999961],[-44.80645690099992,-3.705317418999972],[-44.793908578000035,-3.700903605],[-44.794378056999975,-3.698178160999906],[-44.799098215,-3.695295462999955],[-44.79324019699989,-3.690727434999915],[-44.78987697999997,-3.69471061099997],[-44.792094952999896,-3.700438537999969],[-44.79073901699997,-3.702789671],[-44.78124016199998,-3.704647959999915],[-44.77423953900002,-3.697352278999962],[-44.777157942,-3.691919362999948],[-44.77684975399998,-3.679210959999964],[-44.77523647899991,-3.677657954999987],[-44.76943580200002,-3.679714388999963],[-44.76104841799997,-3.675218185999914],[-44.75482214999987,-3.676734480999962],[-44.75135258599994,-3.681251758999978],[-44.7583777999999,-3.686100983999926],[-44.73701390699989,-3.693076117],[-44.73504161100004,-3.691431067999958],[-44.73040372799991,-3.695124362999921],[-44.728600473,-3.697024951999969],[-44.73066036099991,-3.698126392999975],[-44.74070915300002,-3.696364573999952],[-44.74232051000003,-3.697918448999912],[-44.743098731000025,-3.705270755999931],[-44.73865813799987,-3.70987659],[-44.74423559099994,-3.710176337999923],[-44.74676362000003,-3.712735162999899],[-44.746018087999985,-3.716175078999947],[-44.754013508000014,-3.719401339999902],[-44.74871335899997,-3.723542972999923],[-44.751823978999866,-3.73010113199996],[-44.74568710599987,-3.728885616999929],[-44.74157138499986,-3.722967882999947],[-44.73890338099991,-3.732660657999905],[-44.72473872399996,-3.725240277999938],[-44.72293030199999,-3.727862778999943],[-44.726515795,-3.729249008999976],[-44.724407798999934,-3.737035078],[-44.719543641,-3.734656159999902],[-44.708295487999955,-3.741035794],[-44.71306783599994,-3.744426065999936],[-44.712431975999905,-3.74732936],[-44.702181466999896,-3.756354747999976],[-44.702101169999914,-3.768242477999913],[-44.69940807099993,-3.766588581999938],[-44.696515962,-3.769308962999959],[-44.69478997399992,-3.767386813],[-44.69010278799988,-3.767910246999958],[-44.68845723499988,-3.771080190999961],[-44.68404295600004,-3.764794424999903],[-44.680263306000036,-3.765315827999967],[-44.677152517000046,-3.769112773999979],[-44.67940525599992,-3.773118307999931],[-44.67587463599992,-3.775006930999965],[-44.67485356199999,-3.779449836999956],[-44.66970952099998,-3.777244136999976],[-44.671046970999974,-3.781793282999964],[-44.66806903699996,-3.781680357999947],[-44.666319804,-3.786758877999948],[-44.65701567899996,-3.785527033999899],[-44.657629159999914,-3.792066627999909],[-44.650708358999985,-3.800113258999912],[-44.662514265,-3.806436401999954],[-44.660407046999985,-3.809786560999947],[-44.652461544999916,-3.811103311999916],[-44.65693008399998,-3.819933449999909],[-44.649602738999896,-3.822344520999917],[-44.64899031200003,-3.818981328999912],[-44.64229671399989,-3.816044403],[-44.638406657,-3.818564695999989],[-44.63443311100002,-3.832890941999985],[-44.61318540100004,-3.835410017999959],[-44.609929450000024,-3.839023569999896],[-44.61015135699991,-3.847798926999887],[-44.61247242099993,-3.847403909999977],[-44.61387361599996,-3.843143758999919],[-44.62080484099987,-3.847628517],[-44.62237540799996,-3.851436556999951],[-44.619943752000026,-3.854655497999922],[-44.62432326800001,-3.859136022999917],[-44.62549819499997,-3.866011979999958],[-44.62202352499998,-3.867944946999931],[-44.619058874,-3.865649487999986],[-44.61370595400003,-3.872945748999897],[-44.615074040999986,-3.878866325999938],[-44.61133814599996,-3.887635923999896],[-44.611912778,-3.897935424999962],[-44.60971579599993,-3.899742135999969],[-44.61394491999991,-3.90056751099996],[-44.620128222999924,-3.907459284999978],[-44.62532825499986,-3.906682325],[-44.627318187000014,-3.908642909999945],[-44.62308386199987,-3.909774447999955],[-44.624104786999965,-3.913949527999901],[-44.62032504699987,-3.920022367999928],[-44.620633431999984,-3.923624098999952],[-44.62390603099986,-3.923480512999974],[-44.626829409999985,-3.927721049999918],[-44.623163809999916,-3.927044313999969],[-44.62208130999988,-3.930924310000013],[-44.632009563999866,-3.93421164599996],[-44.63841736299999,-3.942450623999979],[-44.636172389000045,-3.945404070999921],[-44.63807307000001,-3.949305512999964],[-44.630861095999876,-3.96204435799998],[-44.630526597,-3.977332884999925],[-44.62716117399999,-3.980429043999952],[-44.629953327,-3.982962804999898],[-44.63537189899989,-3.981142972999959],[-44.63827234799989,-3.985225180999948],[-44.6377765939999,-3.990256045],[-44.632625216,-3.993914705999942],[-44.63680494899998,-3.995466303999891],[-44.634311488,-3.996073011999909],[-44.63650868199989,-3.9990785709999],[-44.631651013999864,-4.004532625999976],[-44.63593540799997,-4.009752807999974],[-44.631692724999944,-4.013307613999936],[-44.629913748,-4.018936254999979],[-44.617707223999986,-4.022259599999885],[-44.616907967000024,-4.024919524999967],[-44.62030300299991,-4.025904712999947],[-44.62072229199996,-4.029581236999943],[-44.626537965000026,-4.03181898699991],[-44.626596880000015,-4.028153156],[-44.635170369,-4.026994378999956],[-44.637082586000034,-4.023683041999978],[-44.64321268,-4.025407148999901],[-44.64132160500003,-4.020035331999968],[-44.64717092099986,-4.018857109999915],[-44.65038261000003,-4.014767603999943],[-44.66866489599988,-4.015893918999965],[-44.681258835999984,-4.018216633999946],[-44.70008589799988,-4.027743355999932],[-44.704524956999904,-4.026753010999969],[-44.70658876199996,-4.030110287999929],[-44.71402749200002,-4.026831902999924],[-44.71932328499997,-4.030325327999958],[-44.72422515499992,-4.039709422999956],[-44.729179927999986,-4.036329066999952],[-44.731732424999976,-4.030390969999972],[-44.73533766299993,-4.029346815999909],[-44.73644883399986,-4.025297758999909],[-44.73829808700001,-4.027635763],[-44.73671329899998,-4.031541503999954],[-44.74026059800003,-4.035978664],[-44.73720777499986,-4.043699440999956],[-44.733469509,-4.046542075999967],[-44.735952328999986,-4.049814621999933],[-44.73353230899986,-4.054386986999888],[-44.73918234299999,-4.054590391999931],[-44.746912135999885,-4.061208001999913],[-44.74252969299992,-4.066996721999968],[-44.737327896999936,-4.067337602999928],[-44.7445281729999,-4.077267643999979],[-44.752600827000016,-4.071611801],[-44.7564821289999,-4.073569327999956],[-44.752457549999974,-4.086000430999911],[-44.7548118449999,-4.090782340999973],[-44.75848363900004,-4.091166693999978],[-44.75341549099992,-4.095384164999968],[-44.698843209,-4.094545625999953],[-44.685257459999896,-4.082896286999934],[-44.68371842900001,-4.07573679699997],[-44.65949733799986,-4.093955110999944],[-44.629404655999984,-4.093502544999979],[-44.629583518999866,-4.102480232999924],[-44.63304089799993,-4.103411246999952],[-44.62688112199991,-4.106655608999984],[-44.62690295999994,-4.110069467999918],[-44.62883622700003,-4.112283058999929],[-44.63395973300002,-4.110231516999915],[-44.633114217999875,-4.114582511999939],[-44.57307927499988,-4.114552548999947],[-44.57794922999994,-4.092725479999989],[-44.48681255199989,-4.091342842999986],[-44.486787981,-4.129702899999917],[-44.47990351799996,-4.234055006999978],[-44.49492939999993,-4.256462444],[-44.49754918699989,-4.257882981999935],[-44.50013767900001,-4.255313601999974],[-44.505743661999865,-4.279088623999901],[-44.476936483000046,-4.278890754999961],[-44.47309996399996,-4.304861943999968],[-44.40670560599993,-4.321276062999964],[-44.39585753499986,-4.318076114999966],[-44.423637321999855,-4.415347987999959],[-44.430799536999956,-4.480809814999916],[-44.57736650700004,-4.475296113999968],[-44.579759699,-4.472445208999983],[-44.577544045999986,-4.468863869999958],[-44.578643837999856,-4.462459366999934],[-44.582957342999975,-4.4590303429999],[-44.58614749299988,-4.46048416699993],[-44.590211345999855,-4.454454222999989],[-44.59895985600002,-4.450531163999934],[-44.60019099700001,-4.452130648999938],[-44.74765274599997,-4.454680941999919],[-44.74760102999986,-4.603898782999956],[-44.72526649299993,-4.650744905999923],[-44.6914834469999,-4.658818716999954],[-44.66418261,-4.657101237999957],[-44.64483306699996,-4.648451828999907],[-44.59358227399997,-4.659177617999895],[-44.596658367000025,-4.660836693999944],[-44.59179903900004,-4.669030456999953],[-44.595036654999866,-4.669861160999941],[-44.59487787199996,-4.671902097999966],[-44.587016197999986,-4.674349673999886],[-44.578335437,-4.681767918999943],[-44.58040348399988,-4.684424622999935],[-44.582394075,-4.680639012999973],[-44.58538189900003,-4.681717572999951],[-44.59094897099987,-4.69034798799994],[-44.58914427199994,-4.699282412999946],[-44.579814826000025,-4.702003016999897],[-44.57593627099992,-4.708561512999961],[-44.57827347300003,-4.713363717999926],[-44.58234760199998,-4.713301753999951],[-44.585833073999886,-4.716740752999923],[-44.58711882499986,-4.720295934],[-44.583296424999965,-4.721229265999956],[-44.582552858,-4.72373106000001],[-44.587684246000016,-4.724865773999928],[-44.58843555899992,-4.727607677999953],[-44.586483694999984,-4.732731321999958],[-44.582839441,-4.730911130999989],[-44.57862202,-4.737088160999932],[-44.573757850999975,-4.738133801999941],[-44.575454114,-4.741832274999976],[-44.57194540599994,-4.742118857999974],[-44.569509449,-4.745875421999931],[-44.5755431869999,-4.75529006799997],[-44.56965273999996,-4.767545372999945],[-44.57396697899996,-4.771693083999936],[-44.57519463999993,-4.767301389999919],[-44.57921265399994,-4.76858309999992],[-44.577134622999864,-4.776383383999968],[-44.58199102699996,-4.783192617999906],[-44.583909586999894,-4.782137120999971],[-44.585580624999956,-4.78412741299998],[-44.58682067499998,-4.782262257999933],[-44.589450585999884,-4.784409232999939],[-44.592053604999876,-4.779998751999966],[-44.60356848899987,-4.783422567999925],[-44.601983177999976,-4.792031428],[-44.60439610799987,-4.796382466999934],[-44.607213494000014,-4.79591916799997],[-44.60956264199996,-4.801887355999953],[-44.61454576399997,-4.802978621999917],[-44.62150719599998,-4.809537946999961],[-44.62646098999988,-4.810536949999929],[-44.62890839699996,-4.808206948999968],[-44.63370328100003,-4.815824995999948],[-44.64388942200004,-4.813124271999954],[-44.645559730999864,-4.816546464999957],[-44.64202934099997,-4.817908685999957],[-44.641623240999856,-4.824467452999955],[-44.644495317999905,-4.835055850999944],[-44.641305562000035,-4.841362469999951],[-44.64888738600004,-4.845375984999941],[-44.643529827000044,-4.848835360999911],[-44.645672569999874,-4.851850060999948],[-44.64417039300002,-4.854966406999957],[-44.72386990699993,-4.84745298499993],[-44.7483914589999,-4.856416475999944],[-44.748386161,-4.870689145999948],[-44.76222373399997,-4.878496212999935],[-44.777500311,-4.871897204999894],[-44.780672338999985,-4.861536242999894],[-44.792406516,-4.861539962999935],[-44.820782311999935,-4.840118802999901],[-44.98537820400004,-4.824619718999942],[-45.03706579600002,-4.875941257999924],[-45.031274899999964,-4.895967485],[-45.03532897900003,-4.899915717999922],[-45.042264267,-4.916843248999943],[-45.040255276000046,-4.929812084999981],[-45.04402231999998,-4.937709658999908],[-45.057635202000014,-4.947016435],[-45.10427146200003,-4.968728124999907],[-45.11064544700001,-4.975778055999954],[-45.117889840999986,-4.992134703],[-45.13295329599996,-4.997209211999928],[-45.192505857000015,-4.998610042999926],[-45.192357890000025,-4.99680611199997],[-45.209715323,-4.999728587999926],[-45.226936774,-5.012046794999955],[-45.23977975899994,-5.015329684999888],[-45.24546827699987,-5.023602624999964],[-45.256641569000024,-5.030284851999963],[-45.260321544999954,-5.027970828],[-45.27984747200003,-5.055276667999938],[-45.345050616999984,-5.042622283999983],[-45.351106111,-5.038808353999987],[-45.35207921199996,-5.0414297469999],[-45.60600929299992,-4.992983697999894],[-45.605544895999955,-4.982285103999936],[-45.60112688199998,-4.978221654999989],[-45.59277574299992,-4.979141913999926],[-45.588874900000015,-4.976440244999943],[-45.58730519199999,-4.978011321999905],[-45.587092408999965,-4.965329930999936],[-45.58321040499993,-4.957825685999958],[-45.57730971300003,-4.955661331999935],[-45.574073063999926,-4.950668028999968],[-45.57611381100002,-4.946780634999933],[-45.57144487799998,-4.944028172999922],[-45.575880146999964,-4.944277577999952],[-45.57996006199994,-4.93820717099995],[-45.582963773000046,-4.938341497999962],[-45.578668272,-4.934770442999899],[-45.57223325599993,-4.919664012999921],[-45.58171927500001,-4.909943379999967],[-45.59180989299994,-4.894408443999972],[-45.59809282299994,-4.894033728999966],[-45.707021487000034,-4.833576654999946],[-45.71224897199993,-4.775165559999924],[-45.84903855299998,-4.743947231999909],[-45.86749740099996,-4.627522244999956],[-45.87213848399992,-4.630678181999955],[-45.885319160999984,-4.629935608999976],[-45.91427952199996,-4.639960348999957],[-45.92300475899998,-4.639774705999963],[-45.922131119,-4.615674147999923],[-45.92600075099989,-4.624478306999898],[-45.92475520399995,-4.632848586999946],[-45.92827718099986,-4.66168538399991],[-45.935653315999986,-4.664627685],[-45.93834703900002,-4.668821520999896],[-45.94841087299986,-4.670838955000019],[-45.95674976199997,-4.676608787999933],[-45.96020928999996,-4.688051205999973],[-45.958289373,-4.698690849999939],[-45.964372016000034,-4.707164988999964],[-45.96627460899998,-4.704498836999989],[-45.97006465699996,-4.706783194],[-45.97581861799989,-4.724919924999967],[-45.98534970299988,-4.728616481999933],[-45.98913684799988,-4.733035997999942],[-45.99998311899998,-4.734341572999964],[-46.005737344000025,-4.741716704999917],[-46.01189679500002,-4.741878796],[-46.01327456699989,-4.74909183699996],[-46.02137910799998,-4.757520559999958],[-46.02259478900002,-4.762140148],[-46.02924051199993,-4.767489145],[-46.028511103999975,-4.77121723399991],[-46.03661564499997,-4.784508682],[-46.036858781000014,-4.789209314999906],[-46.03953327999988,-4.78993872399995],[-46.041397323999924,-4.799421036999903],[-46.036453553999884,-4.805094215999902],[-46.028354184999955,-4.805499495999951],[-46.029841004999966,-4.815953485999921],[-46.02618713999989,-4.825013174999989],[-46.027167957999865,-4.836828131999945],[-46.017372375000015,-4.85370584099993],[-46.089393483,-4.854617265999935],[-46.091938397,-4.840540914999921],[-46.102677607000025,-4.831985101999977],[-46.10409341699993,-4.813881673],[-46.11045471400002,-4.809520151],[-46.115092655999895,-4.800436184999964],[-46.132048202000014,-4.797561489999965],[-46.13198326299988,-4.790202532000017],[-46.20178859899986,-4.752488743999913],[-46.228902122999976,-4.624991371999983],[-46.209270261000015,-4.623680844],[-46.17805060099989,-4.600263083999963],[-46.159104866000035,-4.560495709999942],[-46.19320078899994,-4.511727274999907],[-46.203081158999964,-4.471643041999958],[-46.217248285000025,-4.469847847999927],[-46.23292940200004,-4.445330709999969],[-46.230706626999975,-4.425945850999931],[-46.22759236699987,-4.419183602999973],[-46.22997072899993,-4.402583488999952],[-46.22337444399994,-4.390402493999908],[-46.22598665899989,-4.385617360999935],[-46.23362753799998,-4.381577564],[-46.240937843,-4.373776619999977],[-46.264577273999976,-4.30769444399994],[-46.27920167900004,-4.297669000999989],[-46.28309671499991,-4.288343417999948],[-46.29200674899994,-4.27881679599997],[-46.299393122000026,-4.247660247999915],[-46.29911389900001,-4.243772188],[-46.292067442,-4.233311344],[-46.282920136000044,-4.225310812],[-46.28239514699986,-4.215862089999974],[-46.288186266000025,-4.206404654999948],[-46.28318222699988,-4.17775865799996],[-46.28449810699986,-4.171991714999931],[-46.27514643099988,-4.163854331999969],[-46.27618780399998,-4.157406367],[-46.266510858999915,-4.135725637999973],[-46.26748423599998,-4.129005544999949],[-46.26120137599999,-4.127957185999983],[-46.26194150399994,-4.123725403999964],[-46.253167858,-4.11439217],[-46.250913629,-4.106960071999951],[-46.24748244299997,-4.104885564],[-46.238835181,-4.089753421999927],[-46.23299116,-4.087033061999908],[-46.228216378,-4.073394941999916],[-46.212835104,-4.049539806999932],[-46.212278925,-4.040874809999925],[-46.21735777200003,-4.032272367999941],[-46.217687054,-4.025242103999923],[-46.22131283699998,-4.019473379000012],[-46.22586002399998,-4.01878430499993],[-46.22574542199991,-4.010102656999966],[-46.243605937000034,-4.001841093999944],[-46.24466742800002,-3.992530280999969],[-46.24862124699996,-3.988276574999913],[-46.25754815999988,-3.992672485999923],[-46.26231330799988,-3.988894878999912],[-46.26912107599997,-3.989586725999957],[-46.27361364999998,-3.993050390999927],[-46.277205312999975,-4.004490033],[-46.29568275199989,-4.021959647999936],[-46.30695895600004,-4.028512304999961],[-46.31972089899992,-4.040430012999892],[-46.34216953999997,-4.050078361],[-46.36369713700002,-4.066871648999922],[-46.37449339699997,-4.078599637999965],[-46.38530724599997,-4.101643059999934],[-46.40087297000002,-4.112740548999946],[-46.43332915099996,-4.130277705999959],[-46.43850932600002,-4.138368754999907],[-46.443120041999954,-4.157588888],[-46.46900327799988,-4.185300651999953],[-46.47905257799994,-4.192087196999968],[-46.480664479,-4.201002557],[-46.487222441000014,-4.200455520999943],[-46.489010125999954,-4.204300804999957],[-46.49550547000003,-4.208240657999981],[-46.49526947299996,-4.21296909199997],[-46.50004605700003,-4.218324955999916],[-46.50507939499993,-4.219052909000017],[-46.506333953,-4.22272258899998],[-46.51134246499998,-4.223797351],[-46.51237488099996,-4.227818285999981],[-46.51592717299997,-4.227568714999937],[-46.52085644999988,-4.231637239999949],[-46.52345309199997,-4.230295832999983],[-46.52750275999993,-4.23377032199996],[-46.52697166099986,-4.236245217],[-46.532741926,-4.239276985999948],[-46.53123175,-4.253784852999961],[-46.536863149999924,-4.259466607999959],[-46.539251958000044,-4.269569292],[-46.55046656099997,-4.275327063999975],[-46.555572216,-4.272193335999948],[-46.559018687999966,-4.272887073999883],[-46.56428043800003,-4.282192554999949],[-46.575400965,-4.288855440999947],[-46.57520040799992,-4.291887587],[-46.58902481599987,-4.298275835999928],[-46.592849231999935,-4.30926932199995],[-46.600760239,-4.31429618299994],[-46.61007186300004,-4.316081361999943],[-46.61440648800004,-4.321388267000011],[-46.61972419200003,-4.322044221999929],[-46.620367308000034,-4.324995537999961],[-46.62986704799992,-4.330381170999972],[-46.631720117000036,-4.334978333999936],[-46.64255419800001,-4.334948201999929],[-46.64986121899992,-4.342235138999958],[-46.655517034,-4.339629668999941],[-46.670023687,-4.343678388999913],[-46.678051508000046,-4.341770762],[-46.68525903199998,-4.354941206000015],[-46.68862912899994,-4.356867226999946],[-46.69929316099997,-4.3556945],[-46.70874440599993,-4.366040718999927],[-46.715423229,-4.367977192999924],[-46.721187626,-4.37485870099998],[-46.727845150999904,-4.375681066999989],[-46.729633407999984,-4.372383120999964],[-46.73258462400001,-4.372228474999958],[-46.73108107199986,-4.377327264999949],[-46.73649890299996,-4.378606405],[-46.738925321,-4.382945463999929],[-46.745507586999985,-4.38269107899993],[-46.75157853000003,-4.376403685],[-46.761124932999955,-4.377738934],[-46.76776529999996,-4.37218316499994],[-46.780151755000034,-4.375632492999967],[-46.785938492999925,-4.374466597999956],[-46.78690555,-4.376288013999937],[-46.80038858899996,-4.373723283999916],[-46.806052440999984,-4.376741347999965],[-46.813657389000035,-4.375711411999924],[-46.815842435,-4.378751152999901],[-46.82272168500004,-4.37722827999993],[-46.839772474999954,-4.386699176],[-46.84218659600004,-4.394262103999954],[-46.844478835999986,-4.392518997999969],[-46.84926484700003,-4.395399376999905],[-46.84908673699986,-4.401132811],[-46.85617871900001,-4.409067155999954],[-46.85751990699996,-4.416530386],[-46.86516227399991,-4.423596143999938],[-46.870086544999936,-4.424713940999966],[-46.86958855099986,-4.428082886],[-46.87308185499997,-4.428513123999985],[-46.87490566199988,-4.432572601999959],[-46.8787477779999,-4.427993376999969],[-46.88942072699996,-4.427191569999885],[-46.89397768699997,-4.430225107999971],[-46.897014739,-4.429163759],[-46.91297349999997,-4.433236298999895],[-46.91578256099996,-4.438903819999958],[-46.922394421,-4.438614828999939],[-46.93230545999998,-4.443152601999963],[-46.935593438999895,-4.440562719],[-46.936512981000035,-4.432870844999944],[-46.94820972299989,-4.434848712999902],[-46.95996998000003,-4.429964918999937],[-46.965250475999866,-4.425264565999961],[-46.98475926200003,-4.424599911999946],[-46.986875945999934,-4.426316798999982],[-46.98970566000003,-4.423183797000015],[-46.99265682099996,-4.42603624499995],[-46.99671193400002,-4.424958159999922],[-46.99986505199996,-4.427396683999981],[-47.00617713699997,-4.422328273999928],[-47.017266478999936,-4.419985107999943],[-47.015910201999894,-4.414641478999944],[-47.02049389299999,-4.411638305999884],[-47.020762606999924,-4.406063376999932],[-47.02837271099996,-4.398533237999943],[-47.031446175999974,-4.388254735999927],[-47.03724551800002,-4.38657101699997],[-47.04231563299986,-4.380986178999909],[-47.042817483,-4.374697269999946],[-47.05077771700004,-4.372054977],[-47.05383782400001,-4.367504511999894],[-47.05988134200001,-4.366230620999919],[-47.058499707999914,-4.362331996999932],[-47.06274209100001,-4.35331319099996],[-47.06265755700004,-4.344812347999945],[-47.071048243,-4.342464803999953],[-47.06850826299998,-4.337964009999969],[-47.073041493999895,-4.323699695999946],[-47.078180032999974,-4.321692192999934],[-47.07997879100004,-4.315675481999933],[-47.08538822399997,-4.312227991999969],[-47.088258964,-4.304912401999968],[-47.081837575,-4.293716859999926],[-47.08334213499997,-4.284351741999989],[-47.07284229100002,-4.274017121999948],[-47.069260245000024,-4.263453962],[-47.068835474999965,-4.252083343999954],[-47.072740197,-4.236629586999926],[-47.02968572099997,-4.220460791999888],[-47.020557690000025,-4.201289916999969],[-47.01291779400001,-4.193286484999899],[-47.01019475600004,-4.174690380999931],[-46.964381032999874,-4.112721997999921],[-46.96165086900002,-4.103856894999965],[-46.96341303499998,-4.094471967999898],[-46.961956022999956,-4.090854561999909],[-46.948484718,-4.080654609],[-46.924296233999875,-4.087464342999977],[-46.914951003999896,-4.086988320999937],[-46.90559897299989,-4.083203178999924],[-46.90031738299996,-4.076095547999988],[-46.89174650800001,-4.043999507999914],[-46.8857863539999,-4.037224866],[-46.869635993999964,-4.032131276],[-46.843917796000014,-4.003216548999974],[-46.828621846,-4.000270420999926],[-46.81656664399996,-4.001787769999972],[-46.80483690900004,-3.998738785999941],[-46.79473570399986,-3.990209220999948],[-46.78024310399996,-3.986777361999946],[-46.776952258999984,-3.981990674999932],[-46.76108699000002,-3.975632841999951],[-46.75806425299994,-3.967381982999926],[-46.761043553999976,-3.954857164999944],[-46.75801398700004,-3.943942651999973],[-46.757386351999976,-3.905053395999954],[-46.70946267499994,-3.877988598999967],[-46.701442421999985,-3.868416238999935],[-46.697227176,-3.857687162999942],[-46.69735105300004,-3.855002417999938],[-46.72446441799996,-3.839226236999967],[-46.729558433,-3.828860928999963],[-46.72689172699998,-3.80713529199996],[-46.73422263899992,-3.80098417399994],[-46.73355834099993,-3.796257],[-46.738649321999986,-3.785124772999922],[-46.73534588199986,-3.772988585999944],[-46.727210058000026,-3.767158711999948],[-46.72505411199999,-3.760655546999932],[-46.706657259999986,-3.734891097999978],[-46.701584235,-3.711524488999914],[-46.69635065499987,-3.704938331999959],[-46.69885804500003,-3.685846086999974],[-46.693315352,-3.676418561999935],[-46.67447341000002,-3.65949336999993],[-46.63084305500003,-3.613061533999958],[-46.59328605900002,-3.591043813999947],[-46.579853929000016,-3.57914570899995],[-46.547714608,-3.543044611999965],[-46.50340577399992,-3.502769953999981],[-46.475665332999895,-3.486267956999908],[-46.45949821999991,-3.485753684999989],[-46.431234533999934,-3.4373946609999],[-46.41382863099986,-3.401169175999925],[-46.398527153,-3.346598774999983],[-46.39668358399996,-3.298043654999923],[-46.39409247299989,-3.280876787999905],[-46.390813884999865,-3.275151534999949],[-46.400150208999904,-3.228310581999967],[-46.400793204,-3.212062624999952],[-46.397171435,-3.194882272999973],[-46.37913660000002,-3.165964608999978],[-46.30631494400004,-3.089056325999913],[-46.290845669999975,-3.075629483999904],[-46.260233187,-3.057577099999982],[-46.230528057000036,-3.045854016999989],[-46.20621904999998,-3.030503837],[-46.19000198799986,-3.0106233089999],[-46.187268186999965,-2.9780644209999],[-46.17914922700002,-2.958174379999985],[-46.1701404259999,-2.946424104999963],[-46.122563936999896,-2.907227503999916],[-46.12146789099998,-2.898776354999928],[-46.13094755899989,-2.877474187999969],[-46.13162859300002,-2.865434555999986],[-46.12359617200004,-2.847631530999912],[-46.100713916,-2.824770204999911],[-46.091692074000036,-2.807764150999965],[-46.09081369099992,-2.783686324999941],[-46.08129613699999,-2.772576901],[-46.07804646399996,-2.752511484999971],[-46.069186381999884,-2.741190577999948],[-46.080793519999965,-2.718391594999954],[-46.072746187,-2.697770612999957],[-46.06440735699989,-2.686344177],[-45.98996989099989,-2.695910092999938],[-45.987975859,-2.680873749999897],[-45.99084253999997,-2.674044796999926],[-45.998427047000014,-2.66566107300001],[-45.99031315599996,-2.651860514999989],[-45.987735167,-2.634817241999983],[-45.983624462000044,-2.626855314999972],[-45.983920327,-2.611957670999949],[-45.97170352300002,-2.603404667999971],[-45.954445880999955,-2.58431054999992],[-45.94304749899992,-2.576148905],[-45.929376031999915,-2.546941980999957],[-45.91169272599998,-2.529002300999945],[-45.90425955099993,-2.469119010999972],[-45.90395322299999,-2.429493488999963],[-45.80354534599996,-2.426866220999919],[-45.641471494999976,-2.361128956],[-45.641599166999974,-2.458481717999934],[-45.560958355999986,-2.481461558999971],[-45.59443795099996,-2.557225617999954],[-45.59430409199999,-2.605761028999982],[-45.641809135000024,-2.653603100999931]]]},"properties":{"agrupamento":"Santa Inês"}},{"type":"Feature","geometry":{"type":"MultiPolygon","coordinates":[[[[-44.411697873,-2.796751267999937],[-44.41358556200004,-2.797090639999951],[-44.412598862000024,-2.79566483999993],[-44.411697873,-2.796751267999937]]],[[[-44.09454824400006,-2.750469468999945],[-44.09635384199997,-2.750700890999909],[-44.094664532,-2.749517530999963],[-44.09454824400006,-2.750469468999945]]],[[[-44.093824629000046,-2.747066169999908],[-44.092460904999925,-2.748087468999945],[-44.092824567,-2.748359537999896],[-44.093824629000046,-2.747066169999908]]],[[[-44.37381295200003,-2.577454020999976],[-44.373561090999885,-2.579241135999961],[-44.374939318999964,-2.57759968999995],[-44.37381295200003,-2.577454020999976]]],[[[-44.36393731999986,-2.543802808999924],[-44.36619459000002,-2.544490892999924],[-44.36594277699988,-2.542611956999981],[-44.36393731999986,-2.543802808999924]]],[[[-44.36558304199996,-2.538636378000021],[-44.366065087999964,-2.539757442999964],[-44.366503402,-2.538941756999975],[-44.36558304199996,-2.538636378000021]]],[[[-44.360038022,-2.522994709999988],[-44.35953197299987,-2.52365078],[-44.360253319999956,-2.523414194999969],[-44.360038022,-2.522994709999988]]],[[[-44.36144689000004,-2.522600001999926],[-44.363943489000015,-2.528861395000011],[-44.36788390899991,-2.526246970999964],[-44.370220909,-2.528321402999918],[-44.372587817999914,-2.521625918999977],[-44.364495719999965,-2.519003203999954],[-44.36144689000004,-2.522600001999926]]],[[[-43.68028745899993,-2.508467410999966],[-43.68097367699986,-2.506794318999912],[-43.67952807699989,-2.504891827999973],[-43.67891804499986,-2.506488887999954],[-43.68028745899993,-2.508467410999966]]],[[[-43.71028563399988,-2.485009998999939],[-43.71089627599996,-2.483455520999929],[-43.70951573400004,-2.482244892999947],[-43.709082558,-2.48284998899992],[-43.71028563399988,-2.485009998999939]]],[[[-43.464800834000044,-2.484881135999935],[-43.47351141699991,-2.473776350999941],[-43.470947334999856,-2.470427271999949],[-43.46739413700003,-2.474943692999982],[-43.464800834000044,-2.484881135999935]]],[[[-43.85364723099996,-2.473169593],[-43.85374344699993,-2.469330627999984],[-43.85205634999987,-2.46904480699996],[-43.852306268999854,-2.470619905999989],[-43.85364723099996,-2.473169593]]],[[[-43.85086906599996,-2.463587318999956],[-43.851371301000036,-2.46747112099996],[-43.85170005399988,-2.468203668999909],[-43.85086906599996,-2.463587318999956]]],[[[-43.85679960100002,-2.44884694799989],[-43.85512493499993,-2.449730310999971],[-43.856742618999924,-2.449744998999943],[-43.85679960100002,-2.44884694799989]]],[[[-43.853028342,-2.420564285999944],[-43.845979971,-2.428102497999891],[-43.85176618299993,-2.438388517],[-43.85695320500003,-2.440562338999914],[-43.85482259299987,-2.441569953999885],[-43.858030975000034,-2.444209684999983],[-43.86351718299993,-2.442846903999936],[-43.86802468900002,-2.446344156999931],[-43.87027530799999,-2.445500792999962],[-43.862052881999915,-2.432882492999973],[-43.85053586299992,-2.426871152999972],[-43.85174252300002,-2.423970460999954],[-43.85399198999989,-2.424118001],[-43.853028342,-2.420564285999944]]],[[[-43.78867899199999,-2.415076355999908],[-43.78896586699992,-2.415930774],[-43.789470770000044,-2.415788361999933],[-43.78867899199999,-2.415076355999908]]],[[[-43.506324699999915,-2.404339653],[-43.516185502,-2.406813834999983],[-43.53721771599992,-2.405635804999946],[-43.52683688799988,-2.370738081999963],[-43.51903019500001,-2.37219041899996],[-43.50662428499992,-2.383997782999909],[-43.506324699999915,-2.404339653]]],[[[-43.760398318999854,-2.371043652999933],[-43.754182594,-2.37889903400001],[-43.762037264999925,-2.377998936999965],[-43.767697472,-2.386579301999987],[-43.76854831999997,-2.397092679999986],[-43.77708333799997,-2.409417580999946],[-43.788745045000034,-2.414445359999924],[-43.78779242199991,-2.403704790999956],[-43.780555858999875,-2.393328575999938],[-43.784728808,-2.385668380999935],[-43.78666872100001,-2.385080054999928],[-43.78733563000004,-2.387663047999951],[-43.786960731000015,-2.377444623999931],[-43.77063186499997,-2.36926358599991],[-43.760398318999854,-2.371043652999933]]],[[[-43.54209304299999,-2.360602474999958],[-43.53984231200001,-2.368974457999968],[-43.543501933999856,-2.386750639999953],[-43.55749694599998,-2.409031999000018],[-43.55701176299989,-2.413084827999974],[-43.561886741000016,-2.423815380999912],[-43.57354055099996,-2.42539786999993],[-43.581521094,-2.423278143999958],[-43.59047175599993,-2.415525767999966],[-43.601332444999976,-2.412864155999923],[-43.599765330999986,-2.407429323999928],[-43.60886547699994,-2.390240333999945],[-43.60879992100002,-2.385018489999897],[-43.613080856000025,-2.38179195],[-43.612879677999985,-2.378492269999928],[-43.60666044000001,-2.371610505999939],[-43.598340988,-2.366857074999924],[-43.56997710099991,-2.361462897],[-43.558057974999855,-2.355496193999969],[-43.54209304299999,-2.360602474999958]]],[[[-43.633044311999974,-2.251923331999901],[-43.61175372,-2.252769941999961],[-43.60289045299992,-2.259202862999938],[-43.602172574000036,-2.270902245999924],[-43.59356119700002,-2.287231128999974],[-43.599475863000016,-2.292941711999958],[-43.615969397999926,-2.294724963999979],[-43.623588087999956,-2.303110608999965],[-43.626293641,-2.318447998999957],[-43.630590305999874,-2.327387875999971],[-43.62717631899993,-2.332838440999936],[-43.628831536000014,-2.35826260599989],[-43.63476602699996,-2.377598827999989],[-43.63893715300003,-2.383643011999954],[-43.63821177399996,-2.389653195999948],[-43.64385719099988,-2.395412564999972],[-43.645206925,-2.402716405999978],[-43.65012941199998,-2.403880263],[-43.65610528699988,-2.400781309],[-43.662338357999936,-2.403006959999949],[-43.68758710100003,-2.397653207],[-43.688935225000016,-2.405143342999967],[-43.70322244199998,-2.414172654],[-43.71046202,-2.427163914999948],[-43.725270467000016,-2.424039561999987],[-43.732141414,-2.425523649999946],[-43.73987217699989,-2.432166050999935],[-43.749725823999924,-2.450421130999931],[-43.75491022899998,-2.454300029999974],[-43.76009399199999,-2.465873208999909],[-43.77592451800001,-2.472700052999972],[-43.77675527199992,-2.483356022999956],[-43.76782359899987,-2.493908136999963],[-43.74660751200002,-2.493586279999889],[-43.733100374999935,-2.479491451999944],[-43.722882392000045,-2.474688196999981],[-43.716956812000035,-2.475883577999944],[-43.70965949100003,-2.487387679999937],[-43.70035713499987,-2.482475757999953],[-43.69545337499994,-2.484348675999932],[-43.70315011600004,-2.509030168999988],[-43.692510977000026,-2.520543255999925],[-43.68034757899993,-2.512212388999941],[-43.664064176,-2.487946337999976],[-43.65159896199997,-2.481822023999953],[-43.647371556999964,-2.48590359299989],[-43.65000816799989,-2.491384141999937],[-43.647984271000034,-2.495975322999939],[-43.63394818999998,-2.502559366999986],[-43.626201178999985,-2.510206778999908],[-43.62196561199992,-2.510199337],[-43.61252779599992,-2.506525438999958],[-43.610935483999974,-2.500859361999925],[-43.60633441800004,-2.498485358999964],[-43.603747572999964,-2.488998534],[-43.59297177500002,-2.480146120999933],[-43.586857717999955,-2.465347235],[-43.579794330000034,-2.45864280599994],[-43.56990888799986,-2.470161758999918],[-43.57175874999997,-2.476294570999933],[-43.58095918199996,-2.485208316999916],[-43.59221657399997,-2.490461014999941],[-43.59884418199989,-2.499354195],[-43.59700645499998,-2.504645590999939],[-43.58055133999988,-2.507051244999943],[-43.57427146600004,-2.496286059999893],[-43.56727832499998,-2.492467002999916],[-43.558088483999896,-2.479887391999931],[-43.55515803999999,-2.471144651999975],[-43.554675033,-2.447531900999973],[-43.55276816499996,-2.443300619999906],[-43.54610775099999,-2.43703349899997],[-43.537449733999935,-2.421910395999944],[-43.528455258999934,-2.418720593999986],[-43.52414421200002,-2.418952118999957],[-43.51607638799986,-2.424519373999896],[-43.511406706999935,-2.441321006999981],[-43.517059752999955,-2.446655418999928],[-43.52075438200003,-2.456717296999962],[-43.508677774,-2.476115132999919],[-43.48915858999987,-2.480525876999913],[-43.479265002,-2.486907462],[-43.46147934300002,-2.486344013999915],[-43.45661751300001,-2.48262289699996],[-43.45384633299987,-2.472480844999954],[-43.45658110599993,-2.451189799999938],[-43.452095321999856,-2.442600792999912],[-43.48410383599997,-2.383499032999943],[-43.48324888699993,-2.373320873999969],[-43.478508389,-2.366915744999982],[-43.46224855099999,-2.357354533999985],[-43.4609024339999,-2.350573308999966],[-43.446184215999885,-2.346326565999952],[-43.441426901999904,-2.34169815799989],[-43.429918991999955,-2.344957874999949],[-43.428545545,-2.342596273999948],[-43.402776246,-2.335484176],[-43.39028315299998,-2.338488355999964],[-43.385218680999984,-2.345556206999984],[-43.37395053699998,-2.339422472999981],[-43.3414283019999,-2.340111616999891],[-43.33048517399987,-2.336659213999965],[-43.320568931999986,-2.337305385999962],[-43.291927148,-2.343105250999962],[-43.237413117,-2.358689583999958],[-43.20087249199998,-2.372946601],[-43.153888797,-2.396734065999979],[-43.12172438100004,-2.410916729999908],[-43.104727231000034,-2.41568146099997],[-43.05490599900002,-2.440139750999943],[-42.97343351299996,-2.473816433999971],[-42.96335079299998,-2.475278553999978],[-42.82529152900003,-2.544723167999958],[-42.809123741999905,-2.548180841999965],[-42.77349042999999,-2.547978779999944],[-42.76319702499998,-2.545455121999947],[-42.748980839999945,-2.560733351999929],[-42.7423732399999,-2.559133831999922],[-42.73676362200001,-2.553950141999923],[-42.7227118559999,-2.556238868999934],[-42.69643319900003,-2.573755481999935],[-42.641502073,-2.625325207999936],[-42.71223421484707,-2.876517341138669],[-42.71550680043226,-2.87863202408742],[-42.71523841650838,-2.88808807116709],[-42.724858155202085,-2.894699737082025],[-42.72444829162132,-2.898665847047006],[-42.73375573687966,-2.900252523912457],[-42.735459186087304,-2.906300525659518],[-42.738355445948756,-2.908243879215551],[-42.73853597867068,-2.903196152416427],[-42.7417767313846,-2.904164188054299],[-42.74342466018291,-2.901074071363325],[-42.750331699716384,-2.902564124769231],[-42.75108753454018,-2.909759219777381],[-42.75520782507312,-2.91535842684107],[-42.75302609197636,-2.921465547047948],[-42.76032045626521,-2.932264547764447],[-42.76000341575857,-2.941686537554595],[-42.76450966547176,-2.95270255804942],[-42.76280023991004,-2.956659067551666],[-42.765484985666326,-2.965919715329974],[-42.76840184995448,-2.967825942595876],[-42.772808514717525,-2.986605240820879],[-42.77714385431773,-2.99209500747974],[-42.7767707517448,-3.002497882097384],[-42.76178232416412,-3.022291303185849],[-42.76238355888134,-3.029700122412855],[-42.75613451892704,-3.036788288471222],[-42.75432835002966,-3.045372453766522],[-42.76408948200002,-3.073087001999948],[-42.76181353899991,-3.079856288999956],[-42.763746479999966,-3.090049801999957],[-42.763161839,-3.123306509999964],[-42.7712566609999,-3.136719813999918],[-42.79848324099996,-3.148674617999987],[-42.82475544399991,-3.21612937],[-43.041145484000026,-3.130293062999918],[-43.04408617399998,-3.138566523999948],[-43.04139743199991,-3.145961500999945],[-43.04308860600004,-3.163012493999968],[-43.039335367,-3.168827059999941],[-43.03389523999992,-3.169317179],[-43.03058054799993,-3.172598177999948],[-43.08662351899986,-3.217899791000018],[-43.08682461699989,-3.244156665999949],[-43.11194520500004,-3.244384733999901],[-43.119483246999884,-3.253397152999966],[-43.12075805699993,-3.258289665999943],[-43.12615589999998,-3.262079641],[-43.130858915,-3.271726850999919],[-43.13180928000003,-3.288145769999957],[-43.13471636299986,-3.292623396999979],[-43.12755869299996,-3.324578949999886],[-43.126530024000026,-3.339642143999928],[-43.134408927,-3.342094310999961],[-43.145621831999975,-3.353309655999954],[-43.159761954000025,-3.359168689999965],[-43.16078431399997,-3.36285283199997],[-43.16301226500001,-3.433143738999984],[-43.13360983699988,-3.468544434999928],[-43.12922045899997,-3.478495873999973],[-42.965526485999874,-3.421905455999958],[-42.97566844599987,-3.429978277],[-42.9723574,-3.435852681999947],[-42.978862125999974,-3.446908231999952],[-42.977848524000045,-3.457892488],[-42.98803961600002,-3.470858131999962],[-42.96969259899997,-3.485799047999923],[-42.976584552,-3.489076845999969],[-42.98336492899986,-3.499252523999915],[-42.99345442099996,-3.500340860999903],[-42.996330718,-3.503522459999982],[-42.99438628699988,-3.505891853],[-42.988063939,-3.50590035999991],[-42.985169309999854,-3.509377263],[-42.98079584100001,-3.522015466999947],[-42.983306511,-3.528438845999934],[-42.975744902999985,-3.535236357999968],[-42.97557726999997,-3.545488585999942],[-42.978652926999985,-3.548939759999944],[-42.984302339999886,-3.545919554999984],[-42.99556689400004,-3.565487290999966],[-43.0050373289999,-3.569202408999957],[-42.999650725999985,-3.574460189999958],[-43.00172538199996,-3.588246522999957],[-42.99586658199997,-3.590692826999949],[-42.997347342999916,-3.597246164999942],[-42.99972371299999,-3.597706322999913],[-42.994382928999954,-3.599157589],[-42.99472457299998,-3.604599766999979],[-42.99054905,-3.606959270999984],[-42.988523339999986,-3.61318309999998],[-42.984030529999956,-3.612756465999941],[-42.983292537,-3.61691525199996],[-42.98441036400003,-3.630141642],[-42.988805656,-3.639609511999905],[-42.99307612400001,-3.643333325999905],[-42.997820091999955,-3.660207945],[-43.00492216499996,-3.669633387999945],[-43.00832053100004,-3.679753563999918],[-43.01210335299986,-3.680482793999947],[-43.01524476599999,-3.684550922999926],[-43.01237055400003,-3.688327652999953],[-43.014791155000026,-3.689496415999934],[-43.016237937,-3.696140003999933],[-43.01363438199997,-3.699436541999931],[-43.013403032000014,-3.706630925999939],[-43.01120258399993,-3.707371400999922],[-43.01216937599999,-3.711929771999963],[-43.00980478600001,-3.713666192999928],[-43.01167955499987,-3.720772784999956],[-43.00844846699987,-3.728059512999967],[-43.017341659000024,-3.738405466999969],[-42.72169341900001,-3.884370343999973],[-42.72396602500002,-3.90429894399997],[-42.731463893,-3.918776871],[-42.73928209300002,-3.927259242999988],[-42.781304921999876,-3.954558242],[-42.78755948299993,-3.962942754999973],[-42.7941072259999,-3.992190387999913],[-42.799158995,-3.995027615],[-42.814023237000015,-3.99209828199993],[-42.82215502099996,-3.999599623999935],[-42.84150506799987,-4.029625837],[-42.85596873899986,-4.07943960699992],[-42.86974831799993,-4.104101642999965],[-42.877566519000034,-4.109950236],[-42.901094127,-4.118174430999951],[-42.90173527600003,-4.12313864799991],[-42.89750293099997,-4.132759336999944],[-42.887303343,-4.147304316],[-42.88849089000002,-4.153543426999936],[-42.89407192999986,-4.15591627499989],[-42.92359617599986,-4.153033542999936],[-42.935841721,-4.159122645999976],[-42.94275508200003,-4.167263520999961],[-43.000272944000045,-4.174961369999971],[-43.022164619000016,-4.181234226999938],[-43.03215425100002,-4.180025364999925],[-43.043144486000045,-4.171573873999908],[-43.045748920999976,-4.16570246699994],[-43.048257583999884,-4.151971183999966],[-43.059840027999876,-4.118900012999945],[-43.055169888,-4.091779344999954],[-43.06100084,-4.084300042999907],[-43.065671263999896,-4.083348323999943],[-43.06928393399994,-4.08912752000001],[-43.08075258900002,-4.087592732999942],[-43.0848624509999,-4.103088488999981],[-43.09292042700004,-4.108570027999932],[-43.09811236699992,-4.108941869999968],[-43.11600273499994,-4.119257076999912],[-43.12064388199999,-4.115799804999939],[-43.12731095299989,-4.115667294999988],[-43.13547832500002,-4.103980637],[-43.13481618100004,-4.097795554],[-43.13966812400003,-4.078687345999939],[-43.16231394599997,-4.060550330999942],[-43.16906331300002,-4.044968033999937],[-43.16878259399988,-4.040990952999942],[-43.17388904099988,-4.032934327999912],[-43.180503135000016,-4.026604003999986],[-43.208812040999916,-4.018405837999969],[-43.429243471999925,-4.223322443999963],[-43.50038217299992,-4.190182697999952],[-43.515687818999865,-4.186746890999889],[-43.59456905699992,-4.228417811999937],[-43.60256120799986,-4.219051353999888],[-43.602316652999875,-4.215061232999969],[-43.5994529879999,-4.209623757999933],[-43.594838866000046,-4.207151900999958],[-43.593336439,-4.200894385999928],[-43.596771050999955,-4.19781037699993],[-43.595194636,-4.18777240699992],[-43.598347272999895,-4.183460287999915],[-43.587931397999974,-4.158563864999928],[-43.588305582000025,-4.146774982999909],[-43.594781992999955,-4.136263470999975],[-43.601309264000015,-4.132388614],[-43.605623984999966,-4.125108451],[-43.59455521300002,-4.104919708999973],[-43.60095567399998,-4.093323359999897],[-43.59793966699992,-4.081405283999936],[-43.601311266,-4.074302940999904],[-43.599255904999936,-4.05846291799998],[-43.601233876,-4.046452744999947],[-43.60217251400003,-4.043712701999898],[-43.61006419599991,-4.041088029999981],[-43.61462723899999,-4.030739009999903],[-43.623843884999985,-4.030890562999919],[-43.633355066000014,-4.016099593000019],[-43.63761458700002,-4.015766728999922],[-43.645982977999914,-4.006271774999989],[-43.655567629999986,-4.007633545999952],[-43.65993264799992,-4.00132174299996],[-43.669913,-3.994826729999908],[-43.67255890699986,-3.98683430499995],[-43.676925615999856,-3.987911785999928],[-43.67947700199993,-3.980324643999929],[-43.687924255000034,-3.976086871999947],[-43.689512321999985,-3.972395315999951],[-43.70329076000004,-3.96950246499996],[-43.70714395499991,-3.957844426999931],[-43.71842570299998,-3.94648418299994],[-43.722949091999965,-3.946183364],[-43.72934571699987,-3.935116827999892],[-43.895022878,-3.967479157999972],[-43.90315141100003,-3.97866711999992],[-43.912507830999964,-3.979709950999962],[-43.92647583699989,-3.995623624999941],[-43.938070304999904,-4.000469247999946],[-43.992763791999906,-3.842436085999986],[-44.15549569499997,-3.836836709999965],[-44.160681251000035,-3.858266287999897],[-44.161903541,-3.895105689999952],[-44.16547028999998,-3.898860634999953],[-44.16597318700002,-3.91047034899998],[-44.17981436199994,-3.917117277999989],[-44.18627083,-3.926665604999898],[-44.192787430999886,-3.929201244],[-44.353667645999955,-3.848927515999919],[-44.35381166599997,-3.85219321699994],[-44.35621571699993,-3.850747031],[-44.35704133799994,-3.857616998],[-44.36290581799987,-3.859527828999917],[-44.361137372,-3.864948225999961],[-44.366256655,-3.867759040999915],[-44.37091129200002,-3.86629300999994],[-44.37142885000003,-3.869015366999947],[-44.38284202599987,-3.87819664699995],[-44.387589724999856,-3.878420121999967],[-44.390796343999966,-3.883169757999934],[-44.39043119699986,-3.890944396],[-44.39318221400002,-3.896571412],[-44.39872612799998,-3.89863029],[-44.40047110200003,-3.902051078999965],[-44.409769309000026,-3.905134876999946],[-44.41101251299986,-3.908956445999952],[-44.413718274,-3.909439210999929],[-44.41404250499992,-3.913700382999893],[-44.41919463399997,-3.914144074000011],[-44.413727290999866,-3.918230663999918],[-44.41457557499997,-3.919872644999974],[-44.417425898,-3.917976585999946],[-44.41773254999997,-3.920073736999915],[-44.413793637000026,-3.92271616499997],[-44.41110792900003,-3.929435679999945],[-44.41560282199997,-3.933675603999927],[-44.415735512000026,-3.93878741399993],[-44.422653656,-3.932227334999912],[-44.43304383399993,-3.933835650999936],[-44.436314492,-3.927405308999906],[-44.466316723000034,-3.923185041999951],[-44.471692174999916,-3.918182178999904],[-44.48004291400003,-3.919164526],[-44.480263257999965,-3.905167891999924],[-44.50539463900003,-3.848751569999927],[-44.61015135699991,-3.847798926999887],[-44.609929450000024,-3.839023569999896],[-44.612091549000034,-3.836218233999952],[-44.63443311100002,-3.832890941999985],[-44.638406657,-3.818564695999989],[-44.64229671399989,-3.816044403],[-44.64899031200003,-3.818981328999912],[-44.649602738999896,-3.822344520999917],[-44.65693008399998,-3.819933449999909],[-44.652461544999916,-3.811103311999916],[-44.660407046999985,-3.809786560999947],[-44.662514265,-3.806436401999954],[-44.650708358999985,-3.800113258999912],[-44.657629159999914,-3.792066627999909],[-44.65701567899996,-3.785527033999899],[-44.666319804,-3.786758877999948],[-44.66806903699996,-3.781680357999947],[-44.671046970999974,-3.781793282999964],[-44.66970952099998,-3.777244136999976],[-44.67485356199999,-3.779449836999956],[-44.67587463599992,-3.775006930999965],[-44.67940525599992,-3.773118307999931],[-44.677152517000046,-3.769112773999979],[-44.680263306000036,-3.765315827999967],[-44.68404295600004,-3.764794424999903],[-44.68845723499988,-3.771080190999961],[-44.69010278799988,-3.767910246999958],[-44.69478997399992,-3.767386813],[-44.696515962,-3.769308962999959],[-44.69940807099993,-3.766588581999938],[-44.702101169999914,-3.768242477999913],[-44.702181466999896,-3.756354747999976],[-44.712431975999905,-3.74732936],[-44.71306783599994,-3.744426065999936],[-44.708295487999955,-3.741035794],[-44.719543641,-3.734656159999902],[-44.724407798999934,-3.737035078],[-44.726515795,-3.729249008999976],[-44.72293030199999,-3.727862778999943],[-44.72473872399996,-3.725240277999938],[-44.73890338099991,-3.732660657999905],[-44.74157138499986,-3.722967882999947],[-44.74568710599987,-3.728885616999929],[-44.751823978999866,-3.73010113199996],[-44.74871335899997,-3.723542972999923],[-44.754013508000014,-3.719401339999902],[-44.746018087999985,-3.716175078999947],[-44.74676362000003,-3.712735162999899],[-44.74423559099994,-3.710176337999923],[-44.73865813799987,-3.70987659],[-44.743098731000025,-3.705270755999931],[-44.74232051000003,-3.697918448999912],[-44.728600473,-3.697024951999969],[-44.73504161100004,-3.691431067999958],[-44.73701390699989,-3.693076117],[-44.7583777999999,-3.686100983999926],[-44.75135258599994,-3.681251758999978],[-44.757345934999876,-3.675385558],[-44.76412654200002,-3.676054995999963],[-44.76943580200002,-3.679714388999963],[-44.77523647899991,-3.677657954999987],[-44.77684975399998,-3.679210959999964],[-44.777157942,-3.691919362999948],[-44.77423953900002,-3.697352278999962],[-44.78124016199998,-3.704647959999915],[-44.79073901699997,-3.702789671],[-44.792094952999896,-3.700438537999969],[-44.78987697999997,-3.69471061099997],[-44.79324019699989,-3.690727434999915],[-44.799098215,-3.695295462999955],[-44.794378056999975,-3.698178160999906],[-44.793908578000035,-3.700903605],[-44.80482559300003,-3.7054979619999],[-44.81237438499988,-3.694549479999961],[-44.80771147599998,-3.688534685999941],[-44.81368529399999,-3.688016339999952],[-44.817512402,-3.678233729999932],[-44.83143555299987,-3.675910251999977],[-44.84090876299996,-3.667729911000014],[-44.84562462099997,-3.668634074999951],[-44.84482601699989,-3.678107350999956],[-44.848486156000035,-3.681004714999966],[-44.84752029399988,-3.687551002],[-44.85218648199996,-3.688214689999932],[-44.860212891999886,-3.696152957999939],[-44.866350700999874,-3.694662606999906],[-44.86193188,-3.700467585999974],[-44.86326418700002,-3.704912248999933],[-44.86081806199996,-3.707278679999978],[-44.863347808000015,-3.711704363999965],[-44.86015745899992,-3.716380436999974],[-44.86190431300004,-3.719032688999953],[-44.867569852000024,-3.719527488999948],[-44.868538880999914,-3.729281979999951],[-44.87273749699994,-3.732415893999904],[-44.87893555900003,-3.74583055099997],[-44.884071692,-3.745480754999982],[-44.88590064499989,-3.740856611999917],[-44.890127376999935,-3.743972260999958],[-44.89782603399993,-3.740560444999926],[-44.900686283999974,-3.748421368000018],[-44.90426910400003,-3.751127737999945],[-44.909238965000014,-3.747641305999957],[-44.91317978800003,-3.748477610999964],[-44.916655336,-3.753016516999904],[-44.92859956199991,-3.751530810999989],[-44.93044011299996,-3.746208600999986],[-44.92615815699997,-3.747271275999982],[-44.917987421,-3.73910537599997],[-44.922097350999884,-3.734395986999957],[-44.920802059,-3.729942924999926],[-44.92374337,-3.71099272699997],[-44.930295488999896,-3.706772166999902],[-44.93852316099996,-3.706819937999946],[-44.94535190499991,-3.695785822999938],[-44.95307277599987,-3.693176129999928],[-44.96071166799989,-3.694538549999945],[-44.966402703000036,-3.703286366999966],[-44.980379695,-3.703640979999908],[-44.984269993999916,-3.707924261999925],[-44.989654338,-3.709597283999973],[-44.994019175999924,-3.708050341999965],[-44.99893822899997,-3.712799751],[-45.00394666900003,-3.704281363999958],[-45.01034943699991,-3.708584766999953],[-45.01034586699997,-3.714764080999907],[-45.019509649000035,-3.716511008999942],[-45.020535637000016,-3.713889449999926],[-45.02820209,-3.716896997999904],[-45.030491583999904,-3.713254414999963],[-45.03246601199993,-3.718099586999931],[-45.04002966000003,-3.719360420999981],[-45.04115268999987,-3.722943664999986],[-45.04768351400004,-3.72113588299989],[-44.99727292599994,-3.58714591800002],[-45.00147068799998,-3.581701804999967],[-45.01377027599989,-3.577711130999913],[-45.02069557499993,-3.572305538999939],[-45.0313578719999,-3.571045477999953],[-45.015524140999965,-3.535708503999953],[-45.04946764699996,-3.511935920999961],[-45.04139891899999,-3.500665514999942],[-45.04579032199998,-3.49594421099992],[-45.04435678800003,-3.489893725999967],[-45.032895792999966,-3.481143511999925],[-45.03022471400003,-3.459069249999942],[-45.015424158999956,-3.461086951],[-45.01246445500003,-3.458111064999976],[-45.01007586899993,-3.442723922999953],[-45.011411960999986,-3.429883765999904],[-45.00931319299997,-3.431800987],[-44.98168746700002,-3.427376789999954],[-44.973598625,-3.428426721999962],[-44.963319859000045,-3.443834444999911],[-44.95123071299996,-3.455611958999967],[-44.940188673,-3.46173662099993],[-44.92943009899988,-3.462214284999928],[-44.92753069500002,-3.459818699999958],[-44.92876620499993,-3.455704053999948],[-44.924866218,-3.452733140999982],[-44.928103460999985,-3.446707328999938],[-44.92619111300003,-3.440096064999949],[-44.91687042000004,-3.430433856999944],[-44.900216453,-3.424786291000022],[-44.89878947899997,-3.421817660999977],[-44.90202601199998,-3.418850909999911],[-44.90316676799986,-3.412918125999926],[-44.8990773419999,-3.400764265999907],[-44.877854264,-3.383337361999956],[-44.878804626000026,-3.379798222999959],[-44.89372855499992,-3.374458148999988],[-44.89217740999992,-3.351921669999953],[-44.882078309,-3.355065727999946],[-44.863711973000036,-3.346360634999908],[-44.86220385000004,-3.329160300999963],[-44.878547652,-3.298315255000013],[-44.87110734999989,-3.292586832999973],[-44.872714068999954,-3.283696323999958],[-44.86815314899997,-3.278946232999953],[-44.87387834200001,-3.276819057999898],[-44.87113032100001,-3.272283652999892],[-44.874903147999895,-3.267949959999967],[-44.87532679799986,-3.263024328999915],[-44.8623513859999,-3.264925671999936],[-44.85532751999988,-3.276445908999932],[-44.839239385000035,-3.277460075],[-44.839910281999856,-3.280834288999941],[-44.85265570499997,-3.28903032799996],[-44.85382219199994,-3.295453304],[-44.85032055800003,-3.295591967999929],[-44.844352285000035,-3.290866611999927],[-44.836936117999976,-3.291915236],[-44.828685846,-3.289151498999949],[-44.817127397000036,-3.278813779999918],[-44.810546699,-3.269352123999987],[-44.80179134299989,-3.273288603],[-44.78945686700003,-3.2964374969999],[-44.76806979499997,-3.304917809],[-44.76017921399991,-3.304612064999919],[-44.74937754800004,-3.299398976999974],[-44.74687439099987,-3.290974702999989],[-44.74987824799999,-3.281359302999949],[-44.765238521,-3.264761928999977],[-44.77996578099988,-3.22468064],[-44.77671872799989,-3.213149002999955],[-44.766012199999984,-3.205925430000018],[-44.69982256200003,-3.184731699999972],[-44.68911471000001,-3.175792451999921],[-44.67451890699992,-3.152287025999918],[-44.66427983999988,-3.146021834999964],[-44.653078786,-3.134158002999872],[-44.580221946999956,-3.051374355999954],[-44.56588737699998,-3.053114631999971],[-44.55500750999986,-3.050134545999956],[-44.548112435000014,-3.045084565],[-44.532498806,-3.044049785],[-44.496117507,-3.026581452999917],[-44.453740691999904,-2.987278189999927],[-44.42481754899999,-2.943933926999893],[-44.40702497299998,-2.893994583999966],[-44.407463712000045,-2.835839518999901],[-44.41044798599996,-2.811412163999911],[-44.409168761999986,-2.792483174999933],[-44.405912007,-2.786946298000021],[-44.403056982999935,-2.769545665999935],[-44.39784419300002,-2.766381535999969],[-44.386269979,-2.748658870999972],[-44.38561784000004,-2.734960978999919],[-44.391706281000026,-2.720538289999936],[-44.387869128999974,-2.712460877999963],[-44.385336176,-2.696914125999967],[-44.37921716099998,-2.684167491999929],[-44.38042924299999,-2.668177984999982],[-44.37224859799991,-2.661295222],[-44.368172942999934,-2.65406098899998],[-44.36772770399986,-2.64233614299993],[-44.356871349,-2.605502256999976],[-44.35409184999997,-2.603197196999947],[-44.36412839299986,-2.580944652999957],[-44.36903930300003,-2.581969901999965],[-44.370678045,-2.571459502999947],[-44.37799654799988,-2.56681876599993],[-44.37312995299992,-2.561437323999911],[-44.367364375,-2.561502234999953],[-44.357550651999894,-2.553704874999969],[-44.354916537999905,-2.548541726999893],[-44.35698731,-2.54091068],[-44.35466619299997,-2.537602961999958],[-44.355901398999855,-2.53260795899994],[-44.34942494300001,-2.530686768999963],[-44.34861306899998,-2.526886683999958],[-44.34061811199999,-2.530495166],[-44.32083547899999,-2.52718335],[-44.317590584,-2.54036890199993],[-44.30933093599996,-2.538934735999927],[-44.307007703000025,-2.517423630999911],[-44.31155110999998,-2.505252577999979],[-44.316753343,-2.507091130999957],[-44.31970926699998,-2.506120505999938],[-44.320324187999965,-2.50285067699993],[-44.307697418999986,-2.495333276999929],[-44.304155119,-2.487334083999944],[-44.273239802,-2.48657057899992],[-44.26246947599997,-2.481379750999952],[-44.247890962999975,-2.481304671999958],[-44.22592546300002,-2.476951825999958],[-44.21798556899988,-2.471241560999911],[-44.205939778,-2.467793842999928],[-44.203154347999934,-2.464532043999963],[-44.17440679899989,-2.458377657999939],[-44.158728266,-2.445695080999961],[-44.155619496,-2.437531540999966],[-44.15195357499991,-2.434349250999919],[-44.136655778,-2.429811360999974],[-44.09460291699996,-2.406604514999984],[-44.06485707,-2.403342094999967],[-44.03117222100002,-2.40664048399994],[-44.02322108000001,-2.432081483999955],[-44.023828095999875,-2.448725192999941],[-44.026524916,-2.451295458999976],[-44.03757311800001,-2.450743472999957],[-44.04577117900002,-2.453520745999889],[-44.05265251099997,-2.468807707999972],[-44.027338407999885,-2.500640099],[-44.023860506999895,-2.508292857999912],[-44.02778787099986,-2.519249766999927],[-44.027222835,-2.529645348999949],[-44.034058595,-2.533997868999922],[-44.03606348899998,-2.556544064999962],[-44.040282297,-2.557512109999944],[-44.043481275,-2.55439069699996],[-44.04903144199986,-2.554633676],[-44.05268975300003,-2.556565919],[-44.05376891799988,-2.564738794999961],[-44.06319785400004,-2.559556727999919],[-44.070997770999966,-2.559265883999924],[-44.08145120799998,-2.562551189999969],[-44.08526138400002,-2.570697294999942],[-44.09281153099989,-2.574743993000013],[-44.092409209,-2.588871353999895],[-44.1011040509999,-2.595516965999973],[-44.105665314,-2.603372828],[-44.104639017,-2.608390907999887],[-44.10657619999987,-2.608915742999969],[-44.10794046599987,-2.616514297999935],[-44.10569317999991,-2.629244784999969],[-44.11346749099994,-2.633737872999937],[-44.11974262599992,-2.646337880000011],[-44.12556547899987,-2.647740950999928],[-44.12303028799989,-2.650401863],[-44.12405956499997,-2.654190195999924],[-44.13179107900001,-2.656321896999909],[-44.13398603399999,-2.663227708999933],[-44.132399533,-2.666894026999973],[-44.13510490300001,-2.667963324999985],[-44.13758677600002,-2.68163598],[-44.153327199999964,-2.684827976999955],[-44.15924186599987,-2.689984116999895],[-44.16478329199998,-2.699588826999939],[-44.183290999,-2.704799190999925],[-44.19461555499998,-2.705143551999907],[-44.20449328499996,-2.717284479999922],[-44.222259487,-2.726324992999913],[-44.235293328999916,-2.724912132999986],[-44.24957171499986,-2.730321837999945],[-44.259957763999985,-2.744428478999978],[-44.26603848000004,-2.757982022],[-44.260879762999885,-2.774716005999984],[-44.25402782999997,-2.779357387999966],[-44.24143460999992,-2.780508247999887],[-44.22733598000002,-2.772230805999882],[-44.21971271099987,-2.770408077999971],[-44.214424051999984,-2.771969628999944],[-44.20797102900003,-2.767766390999977],[-44.191674792000015,-2.764570815999985],[-44.158875253,-2.768526127999955],[-44.136403905999934,-2.766445489999931],[-44.129736992999874,-2.764392530999977],[-44.122418944999936,-2.758424266999988],[-44.11581526500004,-2.748615087],[-44.11086498599999,-2.747239145],[-44.104412052999955,-2.747991563999914],[-44.09491292599994,-2.753250034999972],[-44.08932434600002,-2.751262422999918],[-44.07757117400002,-2.742621221999926],[-44.06759756000001,-2.727642132],[-44.06760545100004,-2.723005876999913],[-44.060110202,-2.718950116999981],[-44.05424859399987,-2.71130151899996],[-44.050192941000034,-2.697324780999928],[-44.04177829499996,-2.68306972599996],[-44.03113104899999,-2.673393664999963],[-44.02791782299987,-2.666213306999961],[-44.028299589000014,-2.660593139],[-44.02257517399986,-2.65260692999993],[-44.009803249000036,-2.647333876999909],[-44.003943963,-2.638152491999985],[-43.98874074600001,-2.633765286999985],[-43.97369448099986,-2.625770207999985],[-43.956543723000024,-2.621532026999969],[-43.95399108399994,-2.617770810999982],[-43.95386547899994,-2.605300699999908],[-43.9510160789999,-2.598082557999888],[-43.9312195259999,-2.561622268999937],[-43.91589438200003,-2.554427012999945],[-43.90212955899986,-2.558186675999892],[-43.89368001,-2.556461338999956],[-43.890320701999876,-2.550256535999935],[-43.89246152499991,-2.540937536999905],[-43.89116617600002,-2.535444139999949],[-43.879148514999905,-2.526456161999953],[-43.876322629000036,-2.518305298999941],[-43.872283911,-2.515838221999918],[-43.85992424999992,-2.515742668999916],[-43.85015019599999,-2.510036980999892],[-43.846820068999875,-2.501868507999934],[-43.84215894600003,-2.448654204999929],[-43.83149354399998,-2.440156863999938],[-43.83984179199998,-2.426309701999969],[-43.83811305500003,-2.416656161999882],[-43.81404816000001,-2.39715677399996],[-43.80046454099991,-2.390251086999946],[-43.79159965899997,-2.394082956],[-43.79786625899987,-2.399036326999955],[-43.800808088999915,-2.405667966999943],[-43.79956888299988,-2.416365496],[-43.809551335,-2.431227690999922],[-43.80841734499997,-2.438397533999943],[-43.798397606999956,-2.439597566999936],[-43.75996251800003,-2.417388048999953],[-43.7572472369999,-2.406837612999908],[-43.749849072,-2.402816180999885],[-43.74682901999996,-2.397913786999979],[-43.734130729000015,-2.393612683],[-43.72680032100003,-2.386468365999956],[-43.725176846,-2.367992434999984],[-43.729773846999855,-2.358440095999921],[-43.73959404399988,-2.35034983999995],[-43.727356875999895,-2.333774148],[-43.721863315999926,-2.322054323999918],[-43.72360993599993,-2.308449228],[-43.72035889799997,-2.291390078999918],[-43.696241600999876,-2.276709670999928],[-43.66971226999988,-2.269088144999927],[-43.633044311999974,-2.251923331999901]]]]},"properties":{"agrupamento":"Titara"}}]}